source_record_id,source,normalized_text_hash,label,claim_probability,prediction,raw_claim_probability,confidence
averitec:1995,averitec,5ee8bcebf0b1ade707c2e2d8a8b7d94b38aa64060615e5e4b5e02e28515f83b9,1,0.9856981274927813,1,0.9990885,0.9856981274927813
AL2003_G4_1:8,policlaim,c988970503aac58432ea1d71ef96b979f411fe9e8658de1d088e1c2daa6f2e9e,1,0.412111085531609,0,0.35722622,0.587888914468391
claimbuster:12921,claimbuster,9d7d170aa363cfd1df6acd2489d1aa65a2d210a03c08b1b147b5e53850d0c69a,0,0.05685592542711135,0,0.00952384,0.9431440745728886
averitec:2937,averitec,35abb3b924782f5682d17dcab5c630c67d92bd85159a59d7b651f1d8f8c55cb2,1,0.9752050703986024,1,0.9976986,0.9752050703986024
claimbuster:13369,claimbuster,70893efec5cbb9f417ad86f40396828b939cdcf283febac491bddc2c92a10bca,0,0.0461904031794351,0,0.006649716,0.9538095968205649
averitec:1567,averitec,c0c79e9ea12396cb5f62123c2d1b0cd29715ebf9a7d93d7a1061a2e4b4b93ab2,1,0.9804622463028673,1,0.99846065,0.9804622463028673
claimbuster:14862,claimbuster,bbab5b2f6a403efd0cd6c083fc6083708175b080674e16b185ed5ad89635ef38,0,0.08731944600800225,0,0.020220596,0.9126805539919978
averitec:2087,averitec,a058b7f99626ca87e8dd4ad0239b8ff8af6b6b752ddcb74416a10781398e8fff,1,0.9846616710207488,1,0.99897504,0.9846616710207488
averitec:807,averitec,4b2d0d6a2120666c83a9ac469b43fadae946a1b6d9e2bd0d29433291af5f1cd9,1,0.9859606055841121,1,0.99911636,0.9859606055841121
claimbuster:21890,claimbuster,f0e70fd9dcda6bee37f813721913a812448d604cc24197763243acc836197fae,0,0.056151577117248476,0,0.009319944,0.9438484228827515
averitec:2355,averitec,b6edbd94189cfcc8b842ec5596281fa1f577d0d595c0d642c294f68f6e89f3b0,1,0.985714985327554,1,0.9990903,0.985714985327554
claimbuster:2505,claimbuster,bcfa1c03922481d87baba8015859e37c5c6edc0a3251a32b72226c2130ad4512,1,0.9439882581378465,1,0.9907203,0.9439882581378465
claimbuster:10582,claimbuster,275b21ce83da14aee323141d672741d8de88ec4a276916234e5d9a0e9f51e560,0,0.05976733483741366,0,0.010387628,0.9402326651625863
averitec:905,averitec,067a23aefc08754e6297d81266a6a92928c2422486498dd872ff302c283d1640,1,0.9846639904239755,1,0.9989753,0.9846639904239755
KY2018_G4_1:239,policlaim,34298c911f463079fb6c8c96c77c3c881166a26c6b7df13d9f0bc4c4377ecc08,1,0.7268017169097619,1,0.83451194,0.7268017169097619
CT2014_G4_1:54,policlaim,545097c56f7c54f3ef26721f1b47f4cc9f4c01f5d6802d19138c68c4f24ae3ef,1,0.9831646412314544,1,0.9988016,0.9831646412314544
averitec:1363,averitec,131b11e322069b763905df343f8b41149278fe6be2d8957b41017fe3602545cb,1,0.9847709465963529,1,0.99898726,0.9847709465963529
claimbuster:10829,claimbuster,90afa7235e9648c6975c74c9f628e8e170666ea1ee3e87a7f3f573648b8b19b3,0,0.056569596448043824,0,0.009440714,0.9434304035519562
averitec:2669,averitec,4394f860743a6a918d1e1ffda1190071119d275cbf357d2fae132ddbe1252c29,1,0.9850618867302818,1,0.9990195,0.9850618867302818
claimbuster:24111,claimbuster,fe9117079456d5d056553215e7697297a18f63d78f8084e9e1e4311d5c27793c,0,0.05945817012218223,0,0.0102943,0.9405418298778178
claimbuster:7944,claimbuster,d4d0b23ae338a8619c040c360ecb7ab86baca20e1f0b97a62c55daa3fdd32be7,1,0.9828035521417833,1,0.9987581,0.9828035521417833
averitec:1231,averitec,451b50a2c502a1fa1431a33f31ebfc8706fec7ba55265746d28ae2f69db44066,1,0.9849501597318646,1,0.99900717,0.9849501597318646
averitec:1322,averitec,7564f365d2211181da3fd39de8be839f19b6fcc7818804e183b2bf3e26b782fa,1,0.9810874862910626,1,0.99854267,0.9810874862910626
claimbuster:24986,claimbuster,ca9cc0be9433e14c92df925ec50e8179a57d299142268985dc56bba3403f5b55,0,0.052594613420013904,0,0.008320592,0.9474053865799861
DE2021_G4_1:1,policlaim,d2decf5c0b28048216b38c9aa41db64143e5f139489c5c60a7ec87a80a61c4ff,1,0.9535791782694565,1,0.99329305,0.9535791782694565
claimbuster:12997,claimbuster,9fac2cb151456a3b94ab3d45437b0a7fc6f1bf5eeeeeb977a466f000ef616162,0,0.0448967292168442,0,0.0063323984,0.9551032707831558
averitec:2495,averitec,b87e0592e73b96b11e67ab34a84186aef5bc0c0ef4c3249c589862baea720c86,1,0.9833232148687696,1,0.9988205,0.9833232148687696
claimbuster:32009,claimbuster,add08d396d937235f3255c958271cc17388142a853c8a0dd5e4aaee8bb46112d,1,0.9382828939776321,1,0.98901504,0.9382828939776321
claimbuster:32566,claimbuster,a5bd6ce4df8ce1deb38cbf7ccbb87feb4d056390032af225f208414826fc1bbc,0,0.04244598712144082,0,0.0057500475,0.9575540128785591
DE1999_G4_1:10,policlaim,786ab3f3e808bd4a2b63e81d6774a556b3075125085b84a6b061638c31a2ac3a,1,0.9819943815544558,1,0.9986583,0.9819943815544558
claimbuster:19865,claimbuster,424c4a5351c2438ea92d9665aa28c7c0736a311cba9f3f962b765860ce23b423,1,0.5426628842198022,1,0.57025033,0.5426628842198022
claimbuster:3320,claimbuster,b6472a01793c78d19a53ca9e5229e7874abb39380cafd487fd65b3585ba8c2fb,0,0.055236005792398006,0,0.009057866,0.944763994207602
KY2018_G4_1:332,policlaim,b7582ceaf8d0fbe5044516964f67d93d31b782e6198a378cf8a1c8dfce644dc8,0,0.03138864504033758,0,0.0034333104,0.9686113549596624
claimbuster:16852,claimbuster,a103404f97a7680e681c54a1ca4ce0c3b4d13574482d8db581a8d509a90d18c0,0,0.03698599819236941,0,0.004541854,0.9630140018076306
claimbuster:18887,claimbuster,92e77219464db110c8dba1a4f2d081b0803498dc98a9ed4823fb4f2aa277e915,0,0.042111229056226794,0,0.005672417,0.9578887709437732
US2016_G4_1:156,policlaim,0bc090d471e8788e89bdc21c1fab5035e22fe49d98f3b4d8da83de2ed102a853,1,0.9769969321044251,1,0.99797267,0.9769969321044251
claimbuster:12895,claimbuster,75214748e95aee60ce29017ed8aea46a751797bf9c4225f4344011876f5cca33,0,0.04926561406665792,0,0.0074313446,0.950734385933342
claimbuster:21363,claimbuster,f1d425a01428dd2656d0e30fd14bd17b0a370f6f7411a3d55986ff8e8ee85d08,1,0.6687059908149618,1,0.7615811,0.6687059908149618
claimbuster:1556,claimbuster,139181ae94b1e0eaa8a97d17db6324cb22f3a5dd175505c814b60f1c0c9dfe9d,0,0.04814784948413178,0,0.0071428027,0.9518521505158682
claimbuster:8260,claimbuster,96aa6b524cabf990f50a97b88c6aa78103980fe705ee74eb60de353dd2a0178a,0,0.7853731985564034,1,0.89521104,0.7853731985564034
claimbuster:16641,claimbuster,516412e6c212e0c046dd4ac925a7a7a8d5eaea5cfa3d5ca205c98ab09cd12898,1,0.9840098611060455,1,0.9989009,0.9840098611060455
claimbuster:7071,claimbuster,18accaa9eac3d153ae2a9b8887e5ca6fa5638714cecbd18b061e2360772f73a5,0,0.07070365278750741,0,0.013932665,0.9292963472124925
claimbuster:30110,claimbuster,116d79f587736ae13f46a62a33d2adf132f5c5ab6edc6d5dc039846ba78d603d,0,0.05302203022565066,0,0.008437996,0.9469779697743493
claimbuster:27536,claimbuster,d8c4e316ebe958d643bfb230fcf845bf1f6b3347570a2a0c1c7e68f34d45a339,0,0.5416310062847027,1,0.56856495,0.5416310062847027
claimbuster:16792,claimbuster,bf62d773239632e7388b8fd68106236833dc745bb9953d06255b38923e22a176,0,0.6927701567200851,1,0.79323286,0.6927701567200851
averitec:3046,averitec,10852bcb344282d78e001d4ad57496669ed16316a4f1cb0d4797f3e1abfda69e,1,0.9848479969386151,1,0.99899584,0.9848479969386151
claimbuster:5587,claimbuster,5bcdc98e90d63322f524b1abfb3d93467c99fdbbf1e126575f557ff1492ae505,0,0.05045622926852604,0,0.0077442504,0.949543770731474
claimbuster:13890,claimbuster,99a6447b76149e554edc8bd97e8ed9009c18364170e69c70a9bc44698d5d3024,0,0.111268983535489,0,0.031193158,0.888731016464511
claimbuster:22298,claimbuster,e8fb8a28ec83ad75aefe8856e29bb132c9409469fa627ae955a29c9a1d4b5c55,0,0.6754611504139296,1,0.770662,0.6754611504139296
claimbuster:33515,claimbuster,acb9950d56a0bc3690ed7a3f42adc7eee6fc23ad649dc2a9e0a866b130e157e3,0,0.17146318762594281,0,0.06882622,0.8285368123740572
averitec:2596,averitec,9724473937daadb1919d26a79a2ab4a66e87badf0ec8536e71ef689786c8490b,1,0.9856728663790145,1,0.9990858,0.9856728663790145
averitec:611,averitec,06c9023f92a46034a3da727081971ca128c834b7d9d6b2bf3d01324980ec1517,1,0.985501248194173,1,0.99906737,0.985501248194173
KY2018_G4_1:184,policlaim,788a65d2b86c9eaf3dc82f6bf07bb9e986ea35c55d73a01863ad68789ad4e81d,1,0.9569016748588839,1,0.99409735,0.9569016748588839
claimbuster:8535,claimbuster,f61f018bf02eb0a5c4937cf966fd0e7c916eb1fecc435bc2a6808582d9a0a3e6,0,0.052621753175315755,0,0.008328025,0.9473782468246843
claimbuster:4383,claimbuster,aaa44bbe4f8dfef1a92275aba2626f91fffe8b180ee9c6c3c502953d21d6d3d0,0,0.18712257732430496,0,0.08100313,0.8128774226756951
claimbuster:20153,claimbuster,86033b28c7205e4abeb006157110e9e414498292563d6c68fffb85f6f2c95e36,0,0.05233186180283054,0,0.008248783,0.9476681381971694
claimbuster:16016,claimbuster,0035eb2b13cdb9db438848a01f5feb0d0e98e6af5129b3abe3f93ccf7c9c9f5a,0,0.05746461111160282,0,0.0097016385,0.9425353888883972
claimbuster:20033,claimbuster,5a6856ac1f9395945ad2c21d65e146587efd209c2b9cf4d0511c1b743367fd1c,0,0.09786744576801,0,0.024775097,0.90213255423199
claimbuster:28229,claimbuster,2d0585f6370141803693984be5968bb130713a069b32921b13ac3f63701b8aed,0,0.05923986852629247,0,0.01022863,0.9407601314737075
claimbuster:21936,claimbuster,2a6233a09b58b0d807c6435504c88a4db8590a800704cc96870f02c5db6d91b7,0,0.027804744631503613,0,0.002794297,0.9721952553684964
claimbuster:7921,claimbuster,5309df308e420c10dbd330b9e58746613bc3636c5e84d93b99748fb247496d3c,0,0.04938964155274903,0,0.007463673,0.950610358447251
claimbuster:6526,claimbuster,ce424c456d360f40a11ff593012d25b0dcc0790f243aab19f900738d705f5749,0,0.06853568468835675,0,0.013192345,0.9314643153116433
claimbuster:21468,claimbuster,ec7ade269899cc37dea4c2decb85951aabfefdcd5e2be080c4c1d4f0b9b0c2c3,0,0.08563279987962867,0,0.019532852,0.9143672001203713
claimbuster:27665,claimbuster,0ff9467c8f6e2f30350b8f68372ebf868545b0c99787758e58cf16312bae4028,1,0.8186465354527724,1,0.9235983,0.8186465354527724
averitec:3040,averitec,10e9c12df238a879d8fdb49b2528bc3df7bfe396fec40395c92869002f149ef2,1,0.985398835846914,1,0.9990563,0.985398835846914
claimbuster:27492,claimbuster,50f238bc42b6676bc4ff8fe100d1b565372eac3143db5b8bff753930d80cf341,0,0.04872722420250326,0,0.007291732,0.9512727757974967
claimbuster:16173,claimbuster,876648407ed85a6cd537054d2f0871764823be688bf39d0f8c93bac6f08cf643,0,0.03523099069734915,0,0.004179963,0.9647690093026509
averitec:663,averitec,0e58f5519beb3874bfbb55b5e472322486c963d98af64a12f7dc29e9e1d7f0c9,1,0.9850328349408509,1,0.9990163,0.9850328349408509
averitec:25,averitec,e207ad87512574b1e5ea62f75d158b93d6fceed0d61cd96cd38b981fa4e3937b,1,0.985631765744108,1,0.9990814,0.985631765744108
claimbuster:318,claimbuster,0fd70f7a69760edd99a804dccb1e3c9bd7b4077cc8c0cf37231d4147b9fc3f91,0,0.224224915257891,0,0.11380646,0.775775084742109
claimbuster:19279,claimbuster,60e81f29ef7fddb720ca064e311383ea81be569cacb2d9dabe5490d2c3005a82,0,0.051653240799738216,0,0.008064603,0.9483467592002618
averitec:2057,averitec,819ed8027d616bd16abbc21d42901c1c0e0998ba6b82a846bed40f7ee6b714e2,1,0.984748457134939,1,0.99898475,0.984748457134939
averitec:957,averitec,3618d1623e454a517e1d4831516f56c8dcefb077a1c0065c8d0cb3c3d71aacae,1,0.9862045173400065,1,0.99914193,0.9862045173400065
averitec:813,averitec,bf792c7ce39fc478092b09084ed120f943f790d3a626e0eaab1d1adadf9c2274,1,0.9858126559304454,1,0.9991007,0.9858126559304454
DE1999_G4_1:114,policlaim,0a393adf0018bc5ad9b4c75f3e03d51e96c32828da0cb1fe69639eaf8f79901f,0,0.054916019207796124,0,0.008967062,0.9450839807922039
claimbuster:13312,claimbuster,62c527a26ec8f02d9562a2aaf8c4a78056ac8b4ed907f1e77f47a1cd76d796c3,0,0.08585190847237205,0,0.019621564,0.914148091527628
claimbuster:8942,claimbuster,cac06d1438fdfcf339d1a3a163e20219c903b0e48ff640342e29e955e7aacab7,0,0.03938695261120315,0,0.0050578746,0.9606130473887968
claimbuster:10635,claimbuster,ce6165f8ee86e8ba4f1c134d29df1fda204817ad46b7d4950cb5c729729fdecb,0,0.03914440808863928,0,0.0050046537,0.9608555919113607
claimbuster:13498,claimbuster,f4e15aa8bdedbba3e264e8c6f5d926a538a10de01920f7e37769a8d8de98a5f0,0,0.03939196937942525,0,0.005058978,0.9606080306205748
KY2018_G4_1:328,policlaim,2d9fe8a8c8df20311e22081aa3e00b2b56b7e4fe66710f1de2f9ec7ac5e559c9,0,0.052149366244565655,0,0.008199071,0.9478506337554343
averitec:1938,averitec,2d2e631b78a7db7388e99ad69b83a379fb630fd8047ce2e8b6cd5456c8052232,1,0.9853909926923765,1,0.99905545,0.9853909926923765
claimbuster:20578,claimbuster,92ce7b9742014b3690068289251478eda0738316e2c7b8ea4db5b061f81a3c22,1,0.928363831034462,1,0.9857432,0.928363831034462
KY2018_G4_1:185,policlaim,c4f7747ff86a52a6835c9c2cb7216c63ba32af450e1acc47c458c72b4a41a79f,0,0.1383443662561188,0,0.046328317,0.8616556337438812
KY2018_G4_1:135,policlaim,1f46429027cb177949eb98e7f1e17146af6551c8af867e3130f8e484fdca1644,0,0.24337970750738205,0,0.13290127,0.756620292492618
averitec:2522,averitec,a8e77db9d4f91f5a49292e4f741ddd5cc5815efcb66ffe0e830d977b54248c9b,1,0.9856607145610947,1,0.9990845,0.9856607145610947
claimbuster:31981,claimbuster,93eede6029808d2adc9e394fc77a5ae71a21b03318d251a7e6ba9eca9c8b5f4b,0,0.11486586285460952,0,0.033036333,0.8851341371453905
claimbuster:444,claimbuster,592705b08bb84b7f1397a6b7aed2f741d098e26c61c78a71698d45da1ccf4559,0,0.03388616042479941,0,0.003911467,0.9661138395752006
claimbuster:26089,claimbuster,c422db3034f5e715dc18aa2f2313fbe9d5f45d47521602d95bbc95b3f056dfc8,0,0.07078484623339885,0,0.013960751,0.9292151537666011
averitec:1425,averitec,cee8196d91aae9d64e535ce5b75e6c994140f2a625902b3eaebb38e33c5d730f,1,0.9778169953239061,1,0.9980932,0.9778169953239061
claimbuster:24737,claimbuster,9410e9aecfe5e606e224b285164c4533f826291db69fe0ea00ab39aba98ba44f,1,0.9261243873389315,1,0.9849508,0.9261243873389315
DE2021_G4_1:84,policlaim,4252be87b72cb5119999bd64e5aa3cf0d0b0982bd52b6de0736b77f45ac86e7b,1,0.9656270905218917,1,0.99599224,0.9656270905218917
averitec:2777,averitec,0454f4033968d8498fe473b9525d2646991ba9b57f7fdff18ee262349de2e2a8,1,0.9849567585774085,1,0.9990079,0.9849567585774085
averitec:2422,averitec,260d7d06916e3ecc5bd93ac52460232c64834a42c1e2b11ba356ce9c58a11ad6,1,0.9861308524455903,1,0.99913424,0.9861308524455903
CT2014_G4_1:172,policlaim,56cb3fb2109c3d82513fd358681457f27cb8c9b15db780d96889274a67f11a27,1,0.6612911965518297,1,0.75144404,0.6612911965518297
claimbuster:20775,claimbuster,74563132105da5f5f2cfb6945cf864480039e540d9c8c21e9f246abbbddb293c,1,0.9816850002361442,1,0.9986193,0.9816850002361442
claimbuster:6372,claimbuster,9a11927eb40beeb2cdbc8fff71e7f48a9049ac48e7f2303e365c40ebf7799615,0,0.04255399487910881,0,0.005775193,0.9574460051208912
averitec:2005,averitec,709e1b63b68894c0009474591a426f1af913ed2411b02a05b89857dbb10a1d62,1,0.9835554932702664,1,0.99884796,0.9835554932702664
claimbuster:6940,claimbuster,ce522a9779a22f1c9fc7b077057f37380ed70764baf80c7d4328433d0f7a4bfc,0,0.4337052607627344,0,0.39148134,0.5662947392372656
claimbuster:25751,claimbuster,3d0b1e2c6514b7bacb0db1a8e70e35ccade6b26d7124ec632c545a8e9a29bcf1,0,0.031166083138520085,0,0.003392001,0.9688339168614799
averitec:1899,averitec,c651c0ec487fb6c3ba202cacdb88aa5f84e8d2aa730b6c884791699467064a46,1,0.9859866024306945,1,0.9991191,0.9859866024306945
claimbuster:15465,claimbuster,e72432200fbefa91e639e5ac5ee25b286f67806a494c1992c4172a020f9c36ea,0,0.15637270563122652,0,0.058028273,0.8436272943687735
claimbuster:30446,claimbuster,46f664aed046c6906dcf9826a9bceb1849477c8ae7ab55f6db1a0bb407e6b493,0,0.0339141625521091,0,0.0039169793,0.9660858374478909
DE1999_G4_1:20,policlaim,cfb8cfdc5dbb7dd4c8369ef415c9ae723f2935cd91e2849271ce4656e86f46be,1,0.9854690924971145,1,0.9990639,0.9854690924971145
claimbuster:24694,claimbuster,b03e410c9fc85fb98b6600725c9c66ebbb71b77fb7468afc3f3097dca0dabb74,1,0.9848458380054592,1,0.9989956,0.9848458380054592
claimbuster:25188,claimbuster,5660684346d538ab75f3b19a0e7766962c2e0c3d112f4cd914d2e1ec35fa4e72,0,0.03967758513424821,0,0.0051219696,0.9603224148657518
claimbuster:15445,claimbuster,6aaa2da87c01eba55c4ba64a7603f91b31ea4b788f264ab2c5602d964970c679,0,0.45536590607267785,0,0.42653295,0.5446340939273222
DE1999_G4_1:127,policlaim,4e7dd18609a69a3da4ffb096e7d801ed234f65dc30b3f6f588b70ce802074e70,1,0.1346000544952318,0,0.044061504,0.8653999455047682
claimbuster:7262,claimbuster,30f9719a370b9029f3c961824b732eb52cba100c22297033db3a116eaaaf4306,0,0.12304179160344267,0,0.037416466,0.8769582083965574
claimbuster:10052,claimbuster,9d3e4a609b377c8cb5d7d00be53073f1643958ca315f4fc0a606f7c0eb7305f1,0,0.04076773783694878,0,0.0053655123,0.9592322621630512
claimbuster:15908,claimbuster,89dac32af004381ae5a60e48e959f74aacb27767526c416efb3f406c2835f732,0,0.5348157523158916,1,0.5574094,0.5348157523158916
claimbuster:26114,claimbuster,1c2669ba51bab45bac5e15186d8df51486efde4d57b6cc5271d4350ea209c562,1,0.975536931517671,1,0.99775046,0.975536931517671
claimbuster:22089,claimbuster,061695fbcef0238419231d80f2ac5cb6a27c6c5f08bfe63ca09e860465f53f9e,0,0.11635404275704131,0,0.033813894,0.8836459572429587
claimbuster:2199,claimbuster,c4a6f2dc32331e9032810f3e2bfaf0762ba82ec5a0a90b7a3b16f9510bfd4ce8,1,0.8569237603320615,1,0.95072687,0.8569237603320615
claimbuster:2618,claimbuster,793489e6388ac5e5ab69f33c908ff5f183198427ea84a4c0471566ed811958cc,0,0.8275699020762158,1,0.9304506,0.8275699020762158
claimbuster:27440,claimbuster,7348d1d78e261d0ab057779ef9fc8e3a2dbb0112cebaa809777bf7273b4e961f,1,0.5429087776536212,1,0.5706518,0.5429087776536212
US2016_G4_1:0,policlaim,7a1e87fcbd79fe3dd4e073652b10e8f3db9351d853737df8f26a99015a0a9d39,0,0.045884364284841196,0,0.006574033,0.9541156357151588
claimbuster:3076,claimbuster,198f6ef4a714af713f622340e62b981b80708cb0b32712de1bc8aafa6a940cdd,1,0.9670541799320319,1,0.9962717,0.9670541799320319
averitec:2631,averitec,a93261e5350917d8de275708dd84d89a2988e2116dc4e165d17a3b6650ed7c86,1,0.9864242438631106,1,0.9991647,0.9864242438631106
claimbuster:8113,claimbuster,92befffde967b257d981e5d03aef6eb3004b6ab7ddc69a5251570e2c6f9e2a11,0,0.3111598496624188,0,0.21180184,0.6888401503375812
claimbuster:16144,claimbuster,0524b24ee4732cfa2a9825e89f4a8f0da67df1e09eb35d1d66137bdfe955f0b8,0,0.23906769435064787,0,0.12847584,0.7609323056493521
averitec:554,averitec,741a7f4b1c9d48b250b647dd0e18e809ad3db501ef9c8b0eb75bb456cd606393,1,0.9859312329903306,1,0.99911326,0.9859312329903306
averitec:2044,averitec,71e4403b6bbd08a313b086513941c676e523fcda0bb9ca9d26e22d5fa85504c5,1,0.9850782455186414,1,0.9990213,0.9850782455186414
averitec:590,averitec,d8e752a86be2452057cf86eed8f2c15be7ff13854966384a50d84aeed2336e6a,1,0.9855879521045292,1,0.9990767,0.9855879521045292
averitec:1905,averitec,c054dc19522bac9c1fbf44414ffffecec60e8a2b0f3eb20ff7e6bcfd273739d4,1,0.9843087311652174,1,0.99893516,0.9843087311652174
claimbuster:16489,claimbuster,edaa4bcada5b8a2ee3e79cd9135e2ec82a5a0194b7d495711af75da51c3740f2,0,0.9715277384558885,1,0.99709094,0.9715277384558885
KY2018_G4_1:242,policlaim,b5331ffab77c7c12e5be56e62ca23a3cda12461f0e81235e955455a04e0cc4dd,0,0.08790216487432359,0,0.020460801,0.9120978351256764
claimbuster:14367,claimbuster,671d80b6646a88522798e71d855e02150ea331d560499314c3c9d0b38c4d4d4f,1,0.9813655885582541,1,0.99857855,0.9813655885582541
claimbuster:7728,claimbuster,1eff06869db0a24082e6ca5293b95de1c8dda05bdf5d3cda3e30336a2bbc616c,0,0.03252066966568501,0,0.0036467267,0.967479330334315
averitec:68,averitec,c43229ac2dbfaa0dd7ec1610fcf350e79a5b88a75face40ef3c1b8e00d7f92cb,1,0.9848845511652647,1,0.9989999,0.9848845511652647
claimbuster:20122,claimbuster,30d5eb336fb5be637ddcae3a3f3936b83975ca6b6166a3811decda411386d57b,1,0.97591478619847,1,0.9978089,0.97591478619847
AL2003_G4_1:41,policlaim,d7c2f1f83b0aacff7bc0d056e8d73e9f04334a13c8b1cfc29a8c5897f9904eab,1,0.2599712902229993,0,0.15060908,0.7400287097770006
claimbuster:10666,claimbuster,8db078c8f10f7f4cd6e3a7ea42fdae13faf4db0c4b08e51bb41f925b822e3f8a,0,0.16012176039054732,0,0.060625236,0.8398782396094526
averitec:81,averitec,d90c026b8ac2bcc3f2facf8a677663508e5e70e6bf5e44e9af73da8b9db24176,1,0.9850328349408509,1,0.9990163,0.9850328349408509
claimbuster:11416,claimbuster,563528a061bc545aad188475fb576ee44c939c10efd62de728dfcb5183ed0a2d,0,0.030633819827546493,0,0.0032940768,0.9693661801724535
claimbuster:23749,claimbuster,8e75e6f141f3f0d9175e94b9f4fc9fb68b1de313dfcda8f4b2cc75b12cd2ac9e,0,0.03497471118538573,0,0.004128205,0.9650252888146142
averitec:2765,averitec,23104784b1bca79938bfde4ca1fd84ebda6edc7013f47cbe64051bca13ca7972,1,0.984279246150207,1,0.9989318,0.984279246150207
claimbuster:23873,claimbuster,f774d6622d7ab85687e88dca23cd49c7d1b9352b603e4a0851fa51f5ca64f429,0,0.07791236276487787,0,0.016527396,0.9220876372351221
claimbuster:2920,claimbuster,c91b3a105de376cfafe244ee37694eb541d0aeb1005e23a62a4c917424e442c1,0,0.08085385166374563,0,0.017644867,0.9191461483362544
averitec:279,averitec,49b301df753b3f5778d240c9cfc74e9e71dc169b57b1ac3e5ff51304efaf0ff6,1,0.9833181647047073,1,0.9988199,0.9833181647047073
claimbuster:12886,claimbuster,47f0ab02371944486bf340a2846fc2e4c64db97d6aa1fcf84058306275c0d1ab,0,0.04993252211855671,0,0.0076059094,0.9500674778814433
claimbuster:7176,claimbuster,9aeef97a685735d9b89f2a9aec7e245e2bc80181eec53d2b426b459c3b2ded20,0,0.03634522309209878,0,0.004408219,0.9636547769079012
claimbuster:12560,claimbuster,309caa901527ad7f2d68df4c787394326eb130fd931483f72241d3c0796fe82d,0,0.03484184674545814,0,0.0041014813,0.9651581532545419
claimbuster:27924,claimbuster,f032d1afe210ff2b53c29b330117ef3e496022b4468b7b5a93ac504f6a0b99fa,1,0.9738975772264067,1,0.99748945,0.9738975772264067
averitec:2362,averitec,637a2e47208af63fd9953049888b527bfae1c0347c2a7e637f719719c4bff3b1,1,0.9814619853858948,1,0.9985909,0.9814619853858948
averitec:1621,averitec,b9a97c3d7df2a29788a3638e436471fc0752e075c1b5a75f6408da2eae681d44,1,0.9848651860323425,1,0.99899775,0.9848651860323425
claimbuster:5919,claimbuster,fc479f9b1768d9139507440337fa25d373e906664ebec67898a340433b8bd421,0,0.09021889419255062,0,0.02142898,0.9097811058074494
US2016_G4_1:143,policlaim,214fc350d3bc704cd6ca4bd9168628ad87c1c8c69209c24c6417c3290458a3cb,1,0.05369245647250187,0,0.008623628,0.9463075435274981
claimbuster:8159,claimbuster,67732a704e157ad41da0f1dcff009de81e5823ff5df082d3998bef6f09fdf4f2,0,0.029954245010283403,0,0.0031708358,0.9700457549897166
CT2014_G4_1:30,policlaim,25d50442c833c92c2865cdc9bbf7aa98c2f236d37dc49263bf2c8307f436be9a,0,0.09182692548146205,0,0.022113383,0.9081730745185379
claimbuster:1739,claimbuster,ab29782248198695c091b9711456434393450ac25dd9a9f726273c8e26b34d6b,1,0.9854848398713485,1,0.9990656,0.9854848398713485
claimbuster:19904,claimbuster,05464e0c47e4b738a24ba56cbe59a069e9bbb6a4da3ac2af4b01e4e85649df89,0,0.03638966636727553,0,0.004417432,0.9636103336327244
US2016_G4_1:291,policlaim,2183c0ff6cc8223fa1747412015ac9c9c1003db48c8abf8d73a1bfaf3d4d7cb7,0,0.0632995627785396,0,0.011480853,0.9367004372214605
DE2021_G4_1:106,policlaim,c5bc29a3fccac99165b6cb503a1dae8730afa186969e6aa422a68bac675b410e,1,0.9746555927461589,1,0.99761164,0.9746555927461589
claimbuster:23776,claimbuster,5178610727806cf51615d93d665e3aa547ff6dc5a190fdcb6f5f6cd5ba54177f,1,0.9849007770275,1,0.9990017,0.9849007770275
DE2021_G4_1:147,policlaim,9ad57b78f52f4716d1227c9bf9d8845857addfe92857e106312290fe2735029a,1,0.9310601030130293,1,0.98667103,0.9310601030130293
averitec:3067,averitec,218a80bc849bad77d2b820afe95b787b3318e20b90860c58eaff6ef6817b5737,1,0.9802045319181302,1,0.9984263,0.9802045319181302
AL2003_G4_1:0,policlaim,8a17287beb2a944eae10214c126e872c40bf423dee85d2325095f885d7c6a9f2,1,0.719952860928754,1,0.8265469,0.719952860928754
averitec:2071,averitec,c838e92ffd207ca4f1b629629de2c6e8157705df0c129e48a388316eac4db6ef,1,0.9847623423399515,1,0.9989863,0.9847623423399515
claimbuster:24109,claimbuster,0382b22bc2c0da4a0fabb89e786b8001132537e061e70234ac4d5092a91766f8,0,0.036776323971831996,0,0.004497936,0.963223676028168
averitec:1716,averitec,c5cf484b2e1bd794f0d469ec8a108170e99f694ecc95749f4796b1c07fdcf5ac,1,0.9855981981246941,1,0.9990778,0.9855981981246941
claimbuster:5956,claimbuster,dfb00d779f31f0834948ee5b6e3d43b377a2504021bd0a14a1cdc9ebbc8e67f8,0,0.04102587578329888,0,0.005423902,0.9589741242167011
claimbuster:11770,claimbuster,59609385e92c615045ef0664fba6508b9ce45e74b49266ff5040093a1b6e52d8,0,0.4295289168706673,0,0.38479614,0.5704710831293327
averitec:2297,averitec,1ff42a496418f290b4910f66e498a50950499d6868d38575fbb38452115cb9a8,1,0.9845882889522501,1,0.9989668,0.9845882889522501
claimbuster:16254,claimbuster,6e47e5cf6620a87613db0ed6cd83ce8a25c90e58319a5565966a5fdec592c594,0,0.17621354260168007,0,0.07241544,0.8237864573983199
claimbuster:17967,claimbuster,01d47c63682f5202acecabd02b3f45075f6f016248061fcd2c65d15b52d2ecb1,0,0.04652705238476616,0,0.0067334096,0.9534729476152338
claimbuster:28648,claimbuster,d5a30b081ba61ec893cf6044d4a7642bd322802e3ed8b8a8729901bc375e1277,1,0.6882317469942836,1,0.78741395,0.6882317469942836
claimbuster:27972,claimbuster,b102e6f739dab4ff581cbe7cc1a7ec64fbbe0cd3c8321825895424a3002d7f0c,0,0.03892791008770429,0,0.004957355,0.9610720899122958
averitec:1124,averitec,7c11ea407bff27fac6c98a37b75f8f2caa112c4c67c19d01d3e20c8400f1c6d4,1,0.9829805255693442,1,0.9987795,0.9829805255693442
claimbuster:1093,claimbuster,85252dd1d2eef21b667e0df00b1138e7996b6a28bf94478ef4b4bc4f7d6fc742,0,0.06561782358651755,0,0.012225234,0.9343821764134824
claimbuster:33096,claimbuster,f6f5ef061bf586c9e8306ca4e490688f368fc3b1a79a4a3632478d4b7c5f9835,0,0.044930883171853626,0,0.006340688,0.9550691168281463
averitec:1240,averitec,a432e67a2f207fba024ce14709776cd625d2c0385e93cf607a7de5301248de84,1,0.9853361716997124,1,0.9990495,0.9853361716997124
averitec:2686,averitec,4394f860743a6a918d1e1ffda1190071119d275cbf357d2fae132ddbe1252c29,1,0.9850618867302818,1,0.9990195,0.9850618867302818
claimbuster:25623,claimbuster,e9cb2b29f811ebe5f41751adaec59303b072a587c70ef1c2c01e064e4ffd9e6e,0,0.053446344938433865,0,0.0085552735,0.9465536550615661
claimbuster:6478,claimbuster,37149ab80c1d849dfa7d266b13f115e1f860d54a43ab4e880729ce4f898f7398,0,0.03775204552713599,0,0.004703877,0.962247954472864
claimbuster:8992,claimbuster,453b711219d3f77a9ae9132c9fdf272c2cef73735f35088a090d9ef220b422df,0,0.03322822388733198,0,0.0037829122,0.9667717761126681
averitec:135,averitec,29cae564757e502626a8954d493bfe3df60648fadf3b68cf5f7d06328de7dd69,1,0.9830653290917144,1,0.9987897,0.9830653290917144
claimbuster:11560,claimbuster,72acc00f463ed1d3684a5cc4165ecb366d15abd8e21813ad223391a288d8f379,0,0.3259942327067082,0,0.23128182,0.6740057672932918
averitec:1889,averitec,538f6b8e845cfdf9590af506c43263f8aa4121d5b8abfc1c36e67082c772ee38,1,0.9853150182522403,1,0.9990472,0.9853150182522403
claimbuster:7744,claimbuster,5a1f208c056f9a4d78dcd74e6a77ed3effd7efd42a2847bd3c6ead8e8d8bc9b6,0,0.3599889979850065,0,0.27858618,0.6400110020149935
IN2011_G4_1:66,policlaim,a555bfbb9882cb6a8d35a28bc0b0398edc474160e90e7a6cb46e81554e62dffa,0,0.08140350857032837,0,0.017857451,0.9185964914296716
claimbuster:29955,claimbuster,5d48b37acfe43eac35007f327ea2ee98a46f97573542e804dbb02cad355f5cdd,1,0.8446595497212757,1,0.94267684,0.8446595497212757
claimbuster:20563,claimbuster,ce70fc45195d9af4545c3e1c8ab84c18a2d0e6a17e948c54c633fad22f7784ae,0,0.036806819200564035,0,0.004504312,0.9631931807994359
AL2003_G4_1:96,policlaim,6817b160ec5de80c218d0a50912fd9ff2ef7eab3233b64e97a4315573684939b,0,0.41678041224761564,0,0.3645644,0.5832195877523844
KY2018_G4_1:404,policlaim,183177fa383ab1d84dd0d39cea17646ccbfb6acd35fa561dcd6c09d65430db0e,0,0.0560063993602023,0,0.009278164,0.9439936006397978
claimbuster:28783,claimbuster,a8d64d6f2c73c8ad69648c1939864519931d27d8a74b9f2d9e91d172fca7ae2a,0,0.030185846324604516,0,0.0032126114,0.9698141536753955
claimbuster:29145,claimbuster,bb2942233afc13dc4cc8bef400061bbf4212da631b8455215b8673deb08ac516,0,0.11671220675828783,0,0.03400234,0.8832877932417121
claimbuster:24165,claimbuster,8c181208fae99fd3080e4a98330fd9143d748ef116307f99d82e0243cf34ef64,0,0.04377608500126496,0,0.0060630515,0.956223914998735
claimbuster:8860,claimbuster,7e5a86672035e390c61ac55686668af06924302ae243ed44c237214cc80c0da9,0,0.17656364096464727,0,0.07268357,0.8234363590353527
claimbuster:33795,claimbuster,47114c06a1646824dd6844d574ffebe4286fb009c245fda82d9159d991e5c6f4,0,0.03642143418752644,0,0.0044240225,0.9635785658124736
IN2011_G4_1:120,policlaim,c4410d4b4894b1dd8d68a73e1e13a1344ac3d4f134f5e83331ef165efba9843d,1,0.9849862518337467,1,0.99901116,0.9849862518337467
averitec:2830,averitec,19e96378548c243d1c78e91caac36ce6c455cc493cf26b005098821bae66f8b9,1,0.9844509028867411,1,0.9989513,0.9844509028867411
claimbuster:18591,claimbuster,0a579c10f9d8cfca8f27faba2b8baf3c1c4775c8cdf88386ba1be158ad071722,0,0.04788088274723672,0,0.0070746364,0.9521191172527633
DE1999_G4_1:216,policlaim,bd34446651f7de3c9fb0c57ffc049d9048afea99c898f3646aaa3ccff59e68c7,1,0.9685027287091317,1,0.99654645,0.9685027287091317
averitec:2863,averitec,c37fcfbbcbd6d10b9d3797415434d3a4284bad96780959758d3aabd2f483fa87,1,0.9843569902941884,1,0.99894065,0.9843569902941884
claimbuster:22623,claimbuster,03c6529c6a503025fc5c26cae4e459d32e022719af3147b1ec757ee39bcf79a4,1,0.9604250261063639,1,0.9949007,0.9604250261063639
claimbuster:29290,claimbuster,c33b1146ce3df1eb61bcd3f9777f9bfba0e0ce570af0d2dbb756c6f982834be7,0,0.055041244746605836,0,0.009002549,0.9449587552533941
IN2011_G4_1:123,policlaim,33152b09357b8c0069027f64c87ff8a969ad287a17d8c5d7bbe098b313bb28bd,0,0.06282824027152549,0,0.011332117,0.9371717597284746
claimbuster:22601,claimbuster,55781058029fa0b3cd88723f9e6edc81f08fdce7da6f431b36da36c4e6eb506a,0,0.04379424100817109,0,0.0060673743,0.9562057589918289
claimbuster:148,claimbuster,ec1a9e45a70f330084339c7639267c93c4856ce33c84c82ab94a347715c58858,0,0.03206531576261347,0,0.003560218,0.9679346842373865
claimbuster:27137,claimbuster,528261210a74151a94a184d15736ef78e47a38c215d6d13f34571872cc6b922c,0,0.07130860764621012,0,0.014142552,0.9286913923537898
averitec:779,averitec,6999efafa466a9d00bee5badd67f2fb1c66b75824aa4ae1f72f927596bc49320,1,0.9848242603509199,1,0.9989932,0.9848242603509199
claimbuster:32003,claimbuster,b46cca4c92305e23774803d60092132a30cde50b6f78ca5baec4533322e3b060,0,0.05286582848146383,0,0.008395005,0.9471341715185362
claimbuster:3700,claimbuster,5f012e4e7479e0c8bca1fa147013e26f6118c7bc2c95dfcb77f2bd5f0fff43d3,0,0.041558362177333906,0,0.0055452185,0.9584416378226661
claimbuster:3853,claimbuster,d2f4d06e40def9b39919a189a1fdd55e97dabb067541c6a7e847490a16b36122,0,0.09689852504173663,0,0.02433849,0.9031014749582633
claimbuster:27161,claimbuster,ccb098faf23b3a20343a71e9aed3d14435db1769d25e21ef00b2c53d43d817d9,0,0.03807697855107556,0,0.0047733444,0.9619230214489245
IN2011_G4_1:97,policlaim,be08da2f45d12c6668a784b40eefd59c4a6e187feec83aa9d2910ed52011fa1d,1,0.9765227068852643,1,0.99790156,0.9765227068852643
claimbuster:5526,claimbuster,08d3d2a2d6eec405746322f3525c5f51319ec21a49fd8c887f54bca1029d3139,0,0.06481873834951458,0,0.01196625,0.9351812616504854
claimbuster:9635,claimbuster,71b958dc277ddba0826aff6d806f678a53a11a4b6a0092ab66e22b4ab2cd863a,1,0.9850316555351525,1,0.99901617,0.9850316555351525
claimbuster:7259,claimbuster,16a11e254492aac230af255096e826aaa980f284ee633f5b68274bbd672c8645,0,0.05393118293669768,0,0.0086901635,0.9460688170633024
claimbuster:33484,claimbuster,ecdb2d6add753518e7164ee8efc4eb24001c13cee02521c3357772ccb685a929,0,0.03262860222656567,0,0.0036673623,0.9673713977734343
averitec:261,averitec,3778ce8ae72e1bc9b1ce654bc799b5a867cf70ec7e7843ebe8ce92068aa18308,1,0.9847578622862585,1,0.9989858,0.9847578622862585
claimbuster:23045,claimbuster,d5111e68145bd77dd3e05ebf06ebb9eef4780eeb376664c34ada4e9ac531f0a4,0,0.07169056395676011,0,0.014275813,0.9283094360432399
claimbuster:27042,claimbuster,7676b76116a2d3ee621ec57d6280263fa82388a5edc3299a239dc7174c3b4310,0,0.05195971240262166,0,0.008147551,0.9480402875973784
averitec:1115,averitec,3248015f3b4a380c2eb1e674f0d2f91a650e23b1694894de8d81bcebfc0dde2b,1,0.9850262129556407,1,0.99901557,0.9850262129556407
claimbuster:14219,claimbuster,73d49f035e4657d1ce0337a978c777fc8e13a4836ce9bee49691dca25cae73c8,0,0.034855445251354526,0,0.004104213,0.9651445547486455
claimbuster:8460,claimbuster,6c675d3c19544e00dad0b055422c4a20c92abbeb04862b1f484c2f16ff7793f0,1,0.9844314709856266,1,0.9989491,0.9844314709856266
averitec:1361,averitec,131b11e322069b763905df343f8b41149278fe6be2d8957b41017fe3602545cb,1,0.9847709465963529,1,0.99898726,0.9847709465963529
claimbuster:32874,claimbuster,52fbc74ad0fe2eb7afdbf0417b60fad51fab49d064e84896b9e1c0cef66b3695,1,0.8260968433772967,1,0.9293416,0.8260968433772967
claimbuster:11990,claimbuster,ddaf124819ec80aaddda8eb4d865e195307b563f087ef5d578bfd23d7a40560f,1,0.9416766183153359,1,0.990045,0.9416766183153359
claimbuster:14591,claimbuster,cac4a31373d5f232f97dd62aaffd31fcdadab440b0734ede98c40ce408ee8fbd,1,0.04340537040077424,0,0.005975083,0.9565946295992258
averitec:2256,averitec,94e93527e53708eb7ee985327c9356b09be552651feb52f62d58d0cede03ae82,1,0.9848890571416444,1,0.9990004,0.9848890571416444
claimbuster:2840,claimbuster,441b09d235efaabd4ca558e8b43325960686d393e63ff70d681c77ad175af8a0,0,0.04263869160282192,0,0.005794945,0.957361308397178
claimbuster:9244,claimbuster,a8c119e89e0a482c5165cf3924fd436cce701e47654ffb3770c18c774f41360f,1,0.9849468158746644,1,0.9990068,0.9849468158746644
claimbuster:14873,claimbuster,d493fc99d399e584556d6870a41ae9340e705fd17100445ed4be22d824acb38f,0,0.0639011926664243,0,0.011671989,0.9360988073335756
claimbuster:29898,claimbuster,4e298af330285e8da6beb870202f699dbfc84ebd1308e43a79c1938532873239,0,0.0421540796492313,0,0.0056823283,0.9578459203507687
claimbuster:13362,claimbuster,b55a5d9e23d3bb7f1a1093e92b2d281c536ade5c8fcd0f6b3a2949e76fc186eb,1,0.979244698135062,1,0.9982956,0.979244698135062
claimbuster:7752,claimbuster,6fa6bef358d8ad6e7dea912a6139d5788efe92f61c7f7d23a46e3a34c5772d05,0,0.042306755607240024,0,0.0057177036,0.9576932443927599
claimbuster:24681,claimbuster,3312478facfa0d12c7d0ff3959e878086abbe3c45713181f77aedfd642c063a9,0,0.3946266538074241,0,0.33013546,0.6053733461925759
claimbuster:26385,claimbuster,b55c5456f3860fcd4096c943c46271d17258d93eacc18860d030338e64bd7eae,1,0.9829991238762685,1,0.99878174,0.9829991238762685
claimbuster:1165,claimbuster,2c92629bfa256983175100793939bf285233102f0a70dd4be15829a99b7f010b,0,0.053179897703158396,0,0.008481545,0.9468201022968417
claimbuster:24811,claimbuster,2e92d2ab1cee1e9173aab616f217116848b1bd052b1ac5c8d3c3db642f5689a7,0,0.11011353294861632,0,0.03061191,0.8898864670513836
claimbuster:16689,claimbuster,270df2e7905c5ba10dd7a6d585d30bc40dff0be03680998a268264ecdc710a87,1,0.9736104837318674,1,0.9974425,0.9736104837318674
claimbuster:9984,claimbuster,8fabe49697e9a6ba42be38c2f6eeb4ed5ab0c1c6f705171422a387ae53a08817,0,0.03203275242049551,0,0.0035540657,0.9679672475795045
claimbuster:27799,claimbuster,c0e6cc027f0e2c3b2bdd775225dc70065898877ed6217a684e731f2ffc88387c,0,0.494097068880203,0,0.49023986,0.505902931119797
DE2021_G4_1:142,policlaim,bc49eb68da760078ede7ddf4121e9af06e4499b5446baf53d2093ab63c315967,1,0.7899836007569612,1,0.899411,0.7899836007569612
claimbuster:16802,claimbuster,a706411968d54b6162947b592619cbdc313df76d04417641ca779721beacb8f3,1,0.9846604222117649,1,0.9989749,0.9846604222117649
claimbuster:14839,claimbuster,3bcdf77cd5a6d04d993eb4645f0f33c3ebfc56e9a0f299aa6a60d6ad11d8df8f,0,0.04263937459673652,0,0.0057951044,0.9573606254032635
DE1999_G4_1:258,policlaim,8b5eb5405b1e4389975374be7dac07bd3462a562bbbd75d183153dbc92fb7e57,0,0.04616545475559528,0,0.006643532,0.9538345452444047
KY2018_G4_1:345,policlaim,3dc8ef0f7fbfe8d3bd454521f5ff263127df466cbe57602507e9e0bad972f810,1,0.4392915954369352,0,0.40046358,0.5607084045630648
claimbuster:8221,claimbuster,d7a480051faf3411c752a899199963108bf2928b8d0ca73cd74ac25306676787,0,0.04594121000435845,0,0.006588062,0.9540587899956415
claimbuster:13468,claimbuster,74c9585818a799ced0d6b5b78276639560de29d035a80703063e1fed116be2ee,0,0.05536936541248069,0,0.009095831,0.9446306345875193
KY2018_G4_1:300,policlaim,5bed9eb584b1e98ec1f92a21635ccfdf524ba7c716604f4414832d7e01ecb650,1,0.9846657747453679,1,0.9989755,0.9846657747453679
averitec:1874,averitec,b818eb2e96905c61c24f603dd8dc787f627434d297c7a97761d6d4311ab96df6,1,0.9856649201562895,1,0.99908495,0.9856649201562895
claimbuster:3021,claimbuster,476e8478358a473db7d7c919a50c2ea2314c7abe86b0720c7b3d8b6c1322b1b9,1,0.22656812032574522,0,0.11606395,0.7734318796742548
claimbuster:270,claimbuster,a877a306732f4b29f056857b2c7a3ab304a23053003f8feae9445f1749726285,0,0.04288729680234013,0,0.0058530923,0.9571127031976598
claimbuster:6331,claimbuster,3c52c809bec9556a130a3c837d312fc4478678595386fc813eaa980598cb4868,0,0.04211764967143148,0,0.0056739016,0.9578823503285685
claimbuster:10772,claimbuster,6709a9d77db03ded1897ded320e487cc3a0e9fd8e162a151ee639294bcc1c7ba,0,0.06498044074305347,0,0.012018454,0.9350195592569466
claimbuster:26842,claimbuster,c1b612ac68c401a9753f2d69371123582de25ed53467b6a9a86416c83527a510,0,0.043269912919008904,0,0.0059430804,0.956730087080991
claimbuster:5863,claimbuster,b99063c65b29ecfb5b93799668a6b6a45797ca25e1367a94c32a2d2094bb32c5,1,0.9845905117933506,1,0.99896705,0.9845905117933506
claimbuster:77,claimbuster,0e00d78e90b60ff1bcc7b9c9d576f2c7badc1bbf8daeab9b925d0f21aeb78814,1,0.696771106196155,1,0.79830295,0.696771106196155
averitec:2328,averitec,ec42d36f4c67892ddf1984210ba23a578df7447ef5079beddf8f84d91437baa9,1,0.9860170057997372,1,0.9991223,0.9860170057997372
averitec:2749,averitec,91e8d0b694a5584b8f6ff2e12e83b09531336040557418d89ebcec68e131729a,1,0.9862994635415901,1,0.9991518,0.9862994635415901
claimbuster:909,claimbuster,e1491531ecb0318acb76b78ae44e6cb12b08bfb0d3602b420fa484e80b58aba9,1,0.8872329685723589,1,0.9680454,0.8872329685723589
claimbuster:4231,claimbuster,d5c1e0f429d473d72b554c320fc42b1b7391d731ab805605e7f14dd3f711423c,0,0.06720440623092644,0,0.012746928,0.9327955937690735
averitec:359,averitec,dc00219c4d547f49ecbecde62adcd771efd3633b520e5e7f174c04de21ff328e,1,0.9857675198203956,1,0.9990959,0.9857675198203956
claimbuster:1422,claimbuster,2c35428480880a3bec0b67524b098449caf88fcddb54fa939bf075722ba2912d,1,0.9454707639025163,1,0.99114215,0.9454707639025163
averitec:1597,averitec,fbc55a377b468e80261b572a16ba34536c6cc4ef8a4282d0b1f2c3b562e1c961,1,0.9855371687001426,1,0.99907124,0.9855371687001426
claimbuster:30318,claimbuster,a2b13c5ec90bcbbb221aa63ec91abb21be0e4dcf5a8f1b1e2acfca8f360806f5,0,0.03891003030026457,0,0.0049534575,0.9610899696997355
claimbuster:27223,claimbuster,e3d66392c4dabb0c0dab3f3094b9d83545524ccd2e022394026a897897a3a5b1,0,0.07159307961525567,0,0.014241747,0.9284069203847444
averitec:1326,averitec,0bfcd1b00e91ed7f4952d85beacdfee86fcf59a3303b1f36cb2c84b4bbcb0cdc,1,0.9846880908896662,1,0.998978,0.9846880908896662
US2016_G4_1:88,policlaim,febfc335062f610002bef01bdb440cd4fd0d53be9e44014fe3beedd96cbc9530,0,0.07575288190422179,0,0.015728656,0.9242471180957782
US2016_G4_1:227,policlaim,ec3a120bf72a071298b7df5fa6ac44639fbcef54e34d7e571f917c6c740a2d9b,0,0.04040325988487539,0,0.0052835387,0.9595967401151246
claimbuster:12574,claimbuster,5ca614cb03fd77e4259e5a08421f215f1f9a9d7336f5c513a7192db89283c887,1,0.962647803088022,1,0.995381,0.962647803088022
claimbuster:505,claimbuster,2121a8b6658edfb094b3546bffb1f2ea2d5a8802dda44c446e7e66f80fd810cc,1,0.8341343155134658,1,0.93528616,0.8341343155134658
claimbuster:9773,claimbuster,de95ce6dd60a6c571b3f438aeea9a00cb6f88edc41b7bb6e107065ea3970b6db,0,0.9772227575620184,1,0.99800617,0.9772227575620184
claimbuster:24081,claimbuster,dd208372a65da43269e944d131ec9c0d7b015ca38118e5469b70f9bd4fefe093,0,0.7587884619442786,1,0.8693331,0.7587884619442786
averitec:639,averitec,73f169bf70e323b428dd0ce5a2864582aa7ea3e5544a8a3d57d4fd9945254a09,1,0.9861342949873545,1,0.9991346,0.9861342949873545
claimbuster:17386,claimbuster,f0134bdd16942121950a91763c503457bb3cf7d5c6b0bf4abc854be45b765e0d,1,0.9767148772169179,1,0.9979305,0.9767148772169179
claimbuster:24984,claimbuster,29113390f6ce26c52ad7fa3b5aabe31c72e0c39434d3b7f632ef4e4ea0234e96,0,0.04544755736089278,0,0.0064666728,0.9545524426391072
claimbuster:2198,claimbuster,fd10bbd88c93c595b97af4f99f398e16391880f5900c402bb6ab3e8d64f36701,0,0.038309236318704906,0,0.0048232693,0.9616907636812951
averitec:1511,averitec,88a58f1b5fe0ea798c9603c6133db8f6d500745e2162eb14da73a2b200a4e879,1,0.9855111735618258,1,0.99906844,0.9855111735618258
DE2021_G4_1:90,policlaim,09b3feba9f5303c054ca995021e952eacdaa8199dff17559f2b3ee2031fe24b1,1,0.9739719342991092,1,0.99750155,0.9739719342991092
claimbuster:22680,claimbuster,f08c2d100c6b0660ad4e93a963a410b2535c31bb7802484a240aa0f2aeaba6dd,0,0.07669268416875133,0,0.016074013,0.9233073158312487
claimbuster:22018,claimbuster,34dc8eb1ee30e74f93537870e08640ea06094a80b9428a1944bdb61acf1aaa78,0,0.08390383402073356,0,0.018839447,0.9160961659792665
claimbuster:6881,claimbuster,fe7375438c01d377c32d5347e028f13d2fa42f793ef456f351db88e4acffd269,1,0.9759160865711803,1,0.9978091,0.9759160865711803
claimbuster:18741,claimbuster,a20fdcf14b3abbe213b20e831e01ac324499f56dfeaec62f8487c728c2051ad3,0,0.03273434003041227,0,0.0036876267,0.9672656599695877
claimbuster:26066,claimbuster,a9e18e2c6e6d89e369f268acf1ec7152352d366ec133998e1e497dc7c2b66625,0,0.08583472500781447,0,0.0196146,0.9141652749921856
claimbuster:28194,claimbuster,428e2061e44c6b77c4a0c9de051d5ffacbeedb1cc7d6d27c93be15e8451db3d1,0,0.12881072251328135,0,0.040666677,0.8711892774867187
AL2003_G4_1:23,policlaim,2111592f9fca9706ca89ef08e97004663ab54418d93cce16f9af283f4209db0f,1,0.982457088679961,1,0.99871576,0.982457088679961
claimbuster:26829,claimbuster,6764419fc2aadcdd3b251f29c8377ddb553feb5aeca9ba7266822527b3f8989f,0,0.0565608226807237,0,0.009438172,0.9434391773192763
claimbuster:16320,claimbuster,950147f365f7f57dfb88ac92e9686ca81bea9f0b48432faf2cd56fd6b84ec245,0,0.035431025536406924,0,0.004220555,0.964568974463593
claimbuster:19592,claimbuster,91ce289ca380fb911693896cac7ba0762802de1192de32bc8a18e9fb9ca65129,0,0.0483992535479819,0,0.0072072595,0.9516007464520181
US2016_G4_1:179,policlaim,2917ca34556835e7c94130728451a9c30a4c45ed277c9a5c5bc524a50dbd1ec1,1,0.5212503253749305,1,0.5351023,0.5212503253749305
claimbuster:12928,claimbuster,6fd358a85081766ab1d39e3eec76c379c33ccc21f69ecc9a05e940a9ad84842f,1,0.6710765566588381,1,0.7647848,0.6710765566588381
averitec:873,averitec,7e6bd6c6fd8b6c78bc568ed4d60a9dd8eae5d843f3f0e74bd0bc24dd6f9ab54b,1,0.986259486922183,1,0.99914765,0.986259486922183
claimbuster:16006,claimbuster,b9f15ba6665d24d989d39e111659a1b280296d823463e5aa8b5c2f908f9c6316,0,0.42381450899060236,0,0.37569344,0.5761854910093976
claimbuster:6669,claimbuster,edd18850cf83ab25a7ff7ae79ddabce1a80a1f620a0e8a85c4b0b42f36cc2cce,1,0.9765203234155929,1,0.9979012,0.9765203234155929
claimbuster:383,claimbuster,b4ea2887f3edfd8db511329714531e561873ed1e3a380292192907e256151c41,0,0.04775374715096125,0,0.0070422757,0.9522462528490387
DE1999_G4_1:29,policlaim,ab5d622e522ddbe71ed8e857ac85b359d27d8396d907ed42e03f0417912e56f2,1,0.9563678481871281,1,0.99397117,0.9563678481871281
claimbuster:26836,claimbuster,0b2e2b17b755da0db3d2e03c9bfad5e84c8b97524e4ec105f4344eecfcf1e8f3,0,0.05062280463044379,0,0.0077884845,0.9493771953695562
claimbuster:32466,claimbuster,a3661fd4b7bc9d3ac3af68c8745150f4e66fffb7e2241edb0158a2657854cb52,0,0.04854686286387293,0,0.007245224,0.9514531371361271
claimbuster:31896,claimbuster,7804c60fe3842c764d757d148cefdcfcf49f93a552083bf8125cc243db7e7267,0,0.09773882178384588,0,0.024716925,0.9022611782161541
DE1999_G4_1:152,policlaim,8da0fd0b50effebe3ded844d010e3e63f2b29dacdc913a439b34937da3ed360a,0,0.9537020612805394,1,0.9933236,0.9537020612805394
claimbuster:422,claimbuster,b2bdfbede5786436acecd7d0093025c3ba34deea28aea65ce28d21f38beb0aeb,0,0.0368334088345837,0,0.0045098746,0.9631665911654163
claimbuster:6020,claimbuster,a356420c6121879e386c2176de8d9e77baf84c26937f61d5c2705b94407fa52b,1,0.9800276396653839,1,0.99840254,0.9800276396653839
claimbuster:3515,claimbuster,b3234885380318e02a31535ab32f20c58de404b2c1d2534447b36a5869e0e015,0,0.034050563734365824,0,0.003943878,0.9659494362656342
claimbuster:16825,claimbuster,46e4f61246d76aa1556d98e584b31d285519095aa9f9c2429bf5155a8c785d55,1,0.9284021876336573,1,0.9857566,0.9284021876336573
CT2014_G4_1:165,policlaim,58eaa2e36a200ac16fb57f4c89857c0ab974131196e3c44b2dc65b8a5668345b,0,0.06016256100471285,0,0.010507489,0.9398374389952872
claimbuster:29241,claimbuster,0e89c5576158255cb67099ec352707f9721413e787b2b1beba0acc5d6b123673,1,0.9846170251589874,1,0.99897003,0.9846170251589874
claimbuster:27922,claimbuster,817387a48161ae0d57490abd036e0a87cb24635384bf8bc4d9873212f667c3a7,1,0.9841538361376166,1,0.99891746,0.9841538361376166
averitec:777,averitec,682abc0e1363a476413777d01b17e5aa48a02aaa60842d9c02fdd45d2ee0b56d,1,0.9860967456676805,1,0.99913067,0.9860967456676805
averitec:2726,averitec,08817e3a8efece96b6c4074e9a8a54442474da4eacb61813a3f486fe2a7b03df,1,0.9854548373804857,1,0.99906236,0.9854548373804857
averitec:53,averitec,4bbcb035744e05220321b7c959d64bea16c039e1dac00943cb26695747ef4d1a,1,0.9847677196065149,1,0.9989869,0.9847677196065149
claimbuster:32234,claimbuster,cf5ef374d2ee1086755125c057ccb9a8afcb0c8041578b91af03ed9cc5684195,0,0.049523579615788266,0,0.0074986545,0.9504764203842118
claimbuster:11807,claimbuster,5251bbc337993dcea46a040b9787233c02ea7f9fdb0669eb1e9c7d14f53878ce,0,0.24309159199082844,0,0.13260329,0.7569084080091716
claimbuster:4377,claimbuster,743d8e6fea7634a97ad777974b75edc0d271be839363927fd5cce5e84a14499f,0,0.0893710338143172,0,0.021072207,0.9106289661856828
claimbuster:7500,claimbuster,4e7fba168654ffb98a704f47d9e3c5df3e63a55ca01fcccfa78833bf3739852a,0,0.03111335742312738,0,0.003382246,0.9688866425768726
claimbuster:32977,claimbuster,107b4306c447feaa1d754a6c559c96157c21cb94fedecd636a43ffa0d6ac0cef,0,0.8956054721713013,1,0.97218746,0.8956054721713013
claimbuster:14989,claimbuster,68bb7b0ef482af2d9ccc94f1b13e46d82f006b095bba6bf4698852cfe3ea3d15,1,0.8643746433919809,1,0.95532334,0.8643746433919809
claimbuster:2822,claimbuster,1becbc98e3c75beb2a0d7cdde88a8fb39d69cbaf9bd2859254d586a9e8b7a8c5,0,0.039656473982864884,0,0.005117302,0.9603435260171351
claimbuster:7713,claimbuster,9b2946341d38f285e2834de2e06e84b8d42c7939256dd97f77b611a9acef3617,0,0.04196919594479146,0,0.005639619,0.9580308040552086
claimbuster:977,claimbuster,41bd2adfbf0fe7e7548a8f53fcf177ffb27a68edf7ee67b33026968d5fe2f3b9,0,0.05618917208375954,0,0.009330777,0.9438108279162405
claimbuster:22435,claimbuster,58280f19066652ebfc6381d591838225eb1a76a0caded6742e6d3b2c1ec38491,0,0.03827118104168113,0,0.0048150737,0.9617288189583189
DE1999_G4_1:278,policlaim,aec7069ede56d9e1c661b9bc1fadbf72ab0acccde4b343deb6778783dfd13de4,1,0.47548563689511125,0,0.45951998,0.5245143631048887
averitec:668,averitec,376accadeeeee25d2daa391f64e8a241d53c5a01003bb0300bb66d79ad17fd9c,1,0.9837007825782305,1,0.998865,0.9837007825782305
averitec:2649,averitec,d6c171df703f515180be541d3cb066bab3507043b9d486695fa17729a076337d,1,0.9851825057074296,1,0.99903274,0.9851825057074296
DE1999_G4_1:21,policlaim,a964b94d08f28f683f57792b76daecd51ec7a60ede278294f452dbe2a88ecd81,1,0.9849436532386959,1,0.99900645,0.9849436532386959
averitec:1640,averitec,f7a97c05efc00f8a01f76043185e0cacaec83489295b08a76c72c12d9a0acb12,1,0.9856224359878991,1,0.9990804,0.9856224359878991
KY2018_G4_1:227,policlaim,323c181542131b0d49fa3b1b7a5cc99462a395ee7c0114c7bc47b4b909425ab3,1,0.23967196378087893,0,0.12909158,0.760328036219121
claimbuster:25850,claimbuster,14f5ce82e8ef79b1f17fef75b0bd2b900eaed84c1524f5dc40f559734355cf9a,0,0.05084573205122902,0,0.007847858,0.949154267948771
claimbuster:33055,claimbuster,ee37041409b58fea1aee5aa9d109cfc8e773c8bebb378aa0f6d1fcc3880be6bf,1,0.9855549195930874,1,0.99907315,0.9855549195930874
US2016_G4_1:78,policlaim,9c138d3b2777998161c8d608c53b688aa6ca73bc21254e590a90bd0a1f10d6f6,0,0.047258758892914234,0,0.006916908,0.9527412411070858
US2016_G4_1:181,policlaim,c89de96ef49d631bf400162aad98a0a3dfd5fa568976e74b9563551c150d7e36,1,0.22616362042147573,0,0.11567268,0.7738363795785242
claimbuster:25210,claimbuster,5e28f243fe6e2a684b00c1b09a320a29ca914eac7a5875b9b146deda44451049,0,0.03916350132773153,0,0.0050088344,0.9608364986722685
averitec:1279,averitec,b32eae9de46a2c1b097510792b3524065c288c0ecfb13bec705c70ba37106235,1,0.9862811510514515,1,0.9991499,0.9862811510514515
claimbuster:23976,claimbuster,8de7d5d39bc1a7cabfd361356009b0e27f99be4eae35b95bd8761134125729a0,1,0.984963088116023,1,0.9990086,0.984963088116023
KY2018_G4_1:71,policlaim,24651884a47577390058dd80c6b376e6373affc1c357917b5d03459ac7808ce3,0,0.0674062513406749,0,0.012814011,0.9325937486593251
claimbuster:12865,claimbuster,b367ad84f66c4d4b851f9b4cfda7c95c390d10c5ea6d6ed70bb6b4642351ca08,0,0.9559180328050788,1,0.99386394,0.9559180328050788
claimbuster:18602,claimbuster,addf7c4b6460d5c71bac16957875ab7c30a1f7bf1bc9282c62af2e32c9e3915a,0,0.10447917641880036,0,0.027853034,0.8955208235811997
averitec:433,averitec,3b748eb95fa3eca4f1624d69835fa2b03a246b9b098ac3ae1dce962fdb5bc729,1,0.9852834192270071,1,0.99904376,0.9852834192270071
CT2014_G4_1:106,policlaim,d7ff3583251a9980762a3498e83b83db227de9c98b123341f5045b307661cacc,1,0.9203542381107601,1,0.9828182,0.9203542381107601
averitec:460,averitec,7fc4babea6d74da95eb75fab798c9a2d32c2156f0bc9c2997813b0628b7715d4,1,0.9855244456292043,1,0.99906987,0.9855244456292043
IN2001_G4_1:22,policlaim,c6d689f099ba1935ca675ef6773fc6e88c11803bf88c051d824f45403edd4dc2,1,0.9560736461869461,1,0.99390113,0.9560736461869461
averitec:570,averitec,0e874aca782268f6afeab98ea28286f5df3e18e13ceab14808b8a4dad9b292f2,1,0.9848426000041791,1,0.99899524,0.9848426000041791
claimbuster:24298,claimbuster,cac3661cba2ffea2667065c31b5fb098736c6ea7b669e6023269e867863e866b,1,0.0670121787711414,0,0.012683191,0.9329878212288586
claimbuster:13191,claimbuster,250b2e29e85025ccd17a31f5496ae44a99d22745ce78de82d4104e55a63b11fb,0,0.04813035549732403,0,0.007138327,0.951869644502676
claimbuster:3296,claimbuster,9360690a768a025cc517f1cc46dd82c618288e3a78f8b91acb5cc1e787b7b961,0,0.040352600842209055,0,0.0052721887,0.959647399157791
IN2011_G4_1:102,policlaim,efd72f578595a3ea709be78b89b04d9c625b3d53053898ef3e14c87252b2461b,1,0.12369994356199739,0,0.037780587,0.8763000564380026
averitec:2537,averitec,d5f9f0517eb1d508185f565bc93159ed67e698874109d275ca17d824cacafee6,1,0.9845577251418173,1,0.99896336,0.9845577251418173
DE1999_G4_1:214,policlaim,d1753b0a79a980f061e40ac39bc1d6dfd1ab6be4d155d2ebab1c705bbf410e78,1,0.9408198445432235,1,0.9897893,0.9408198445432235
claimbuster:19780,claimbuster,d89f1dad66b4aaabf00baaee9137c0be42254424bd09755abf41685104541156,0,0.04373439684992786,0,0.006053131,0.9562656031500721
claimbuster:8746,claimbuster,3c884f095ea1d73b968e321aeaece13270ab93147f3927a7ec60c7261933b637,0,0.14167839205413607,0,0.04839388,0.858321607945864
DE2021_G4_1:114,policlaim,e60a150ae67e65f859846d0cbb3b23c5030db77792e2d63fc8c10c075ea74671,0,0.47811197772502056,0,0.46384662,0.5218880222749794
claimbuster:1572,claimbuster,9f2ab1dfe589ad5d2412f8e2dd2825156e8fdd90e7de14d1b581f75aabc26bb5,0,0.10642787025729525,0,0.028793054,0.8935721297427047
averitec:2879,averitec,cbb6afa82080cd30dfe59c2f82a6125b6089907e42fa88b341599b8a043fc562,1,0.9861342949873545,1,0.9991346,0.9861342949873545
claimbuster:13422,claimbuster,5c75f5e59e7af20112690a84f78f36556a12b2b8e0464fe738d677ac97f21238,0,0.12544614282671054,0,0.038755003,0.8745538571732895
claimbuster:683,claimbuster,9e9c5ad2487c83a3b2303783ee3228adf374b2868edc978f9b15358490b1787c,0,0.10084403689481834,0,0.026139483,0.8991559631051816
averitec:882,averitec,71e05adddbeb52d0bb3b93f1a1d40581a2c8f8a2e337ffc4d193c128c879b557,1,0.9856248613230421,1,0.99908066,0.9856248613230421
claimbuster:8741,claimbuster,c5f9c1563d43b447179794c208e0681e61ada448fc568ed12eb147a7d4911a1d,1,0.9272646912905245,1,0.98535675,0.9272646912905245
claimbuster:34442,claimbuster,34576ff031d761d4c8ab52301ca366e9c23b86d77c5a85fcebda76e8def15744,0,0.05257068327767028,0,0.0083140405,0.9474293167223298
averitec:909,averitec,0316681fcbd69c33c4872985ed0dc255604601548ac5710ce33297551471da7a,1,0.9837319351016663,1,0.99886864,0.9837319351016663
claimbuster:1278,claimbuster,354da4fc99b9d348258e54b09c433a8f7256669654b9caa7d81758720572d33b,0,0.05603182139155943,0,0.009285474,0.9439681786084406
claimbuster:32414,claimbuster,ce739b6bdcb1458c43458937a15fedc5e50c776ba96d5ccde3feb457d358aa15,0,0.03831685597908676,0,0.004824911,0.9616831440209133
claimbuster:13259,claimbuster,eab65bb601c3ed5af4640648bd811e369b857c156831baeedaa77429b1c85b91,0,0.050718567484649944,0,0.007813965,0.94928143251535
claimbuster:3386,claimbuster,139181ae94b1e0eaa8a97d17db6324cb22f3a5dd175505c814b60f1c0c9dfe9d,0,0.04814784948413178,0,0.0071428027,0.9518521505158682
averitec:2840,averitec,dcfe4deff8053118b0e42ef4e94ea50119ecd466848eb690417a85559c1efe51,1,0.9822970172963107,1,0.998696,0.9822970172963107
averitec:1118,averitec,afc22b29f8a7840a11a14d2b5509e8a68af5c4d5b01260eed0eaa2b496074fb7,1,0.9863332412118224,1,0.9991553,0.9863332412118224
claimbuster:19152,claimbuster,947512d3affefddb74a54ac2435e3aa0b632274f2be6375d92474eb8e46df7ff,1,0.9847037255796675,1,0.99897975,0.9847037255796675
KY2018_G4_1:241,policlaim,ab500de3a2d520164834758ab37351ffd9945a9245d62a3be9c7590561e8e4e5,1,0.9843726592862297,1,0.99894243,0.9843726592862297
claimbuster:4286,claimbuster,edb3582310f9de4e0e353e484aeeef948673fa13b81a9925fbfcb5dc0bcc8113,0,0.04058349036097678,0,0.005324005,0.9594165096390233
claimbuster:3190,claimbuster,34cd3b7559446c74638e05ecf30bd391ff775314a5340e341f009d0d8e8ff3ed,0,0.04299081267488788,0,0.005877379,0.9570091873251121
claimbuster:3365,claimbuster,6e3c6b0c340242d17a5b17ef2c8e54de1b0bb43b6e323d2348cca8b37fbb30ab,0,0.9344560057012289,1,0.9877988,0.9344560057012289
claimbuster:33794,claimbuster,bda70d73fb06f1a8b87af3b9dc1d7f1e9d7e57d1e5296c33dba9909656cec8de,0,0.06615276567696857,0,0.01240002,0.9338472343230314
claimbuster:10082,claimbuster,a72a3c14bd52e9e595d9f2aa77bf91d82baed38b2b1d57532edc89deeff05d70,0,0.08589393224546618,0,0.0196386,0.9141060677545338
KY2018_G4_1:204,policlaim,d8903e738c33901008a63d61e35c7fb043d8752c574805857a64273bc5819f03,1,0.9729454332453359,1,0.99733233,0.9729454332453359
averitec:2666,averitec,4394f860743a6a918d1e1ffda1190071119d275cbf357d2fae132ddbe1252c29,1,0.9850618867302818,1,0.9990195,0.9850618867302818
claimbuster:1421,claimbuster,2fb71e9a96ea221590c3a13e249ca378282c66b4aa034d342adb66ae663c8a41,1,0.9849264023608734,1,0.99900454,0.9849264023608734
claimbuster:5986,claimbuster,95d4d26d4e4d4b44008922f6a9765b742e34c7ec479207ce673959ef0b93e0f8,0,0.06267285565695882,0,0.011283275,0.9373271443430412
claimbuster:715,claimbuster,96afb722f390f27209f1d3c2c94a4070bb2a7236ed767ef867e19f4b535cbb86,0,0.10044050619903867,0,0.025952473,0.8995594938009613
claimbuster:24496,claimbuster,beb9c816202d5a2ebc8cf508758279478c68260785f808baabd4c0151b2fbb71,0,0.0518664497118739,0,0.008122269,0.9481335502881261
claimbuster:28197,claimbuster,bf7795e2e3ba06307b83f04bb1f341ab7ce841a5b41bfe3c541389e70cf01818,1,0.9824677366535616,1,0.99871707,0.9824677366535616
claimbuster:12828,claimbuster,b14e430871e6966850ac5c7f57098fefb07a626b176c82f076a6b1e3ccf6cf49,0,0.043573498575954946,0,0.006014909,0.9564265014240451
DE1999_G4_1:14,policlaim,e6c26599b5b15b4883aae6183df568297ee9652d93b865b5af77bb567225e75c,1,0.9730178997261425,1,0.99734443,0.9730178997261425
claimbuster:14112,claimbuster,1ca3f228b50b9fbada4ecf68f0764df725bd0d0ff5bbecac6847142e11070ed7,0,0.0400196098760597,0,0.005197848,0.9599803901239403
claimbuster:12829,claimbuster,71411712a6b33003fc0b60449dce9611bc82e5061e949ea710f342467000f850,0,0.11123702223238914,0,0.031177009,0.8887629777676108
averitec:589,averitec,362fcf644862de5e0b0b0b00f6dbc5c9129145b22784f74e8eb4e84ac395ef3d,1,0.9854117603223647,1,0.9990577,0.9854117603223647
claimbuster:29196,claimbuster,e6a5b34d2a0585ad272c5fadbfcf2600e2cee079a69fc49188c79bc3667caf9e,0,0.03699927141123711,0,0.0045446404,0.9630007285887628
claimbuster:21367,claimbuster,ea4307fae9686deaf9eb0aa3541ebcd3801496530c95cd7e341c5332644338d0,0,0.034211364321049494,0,0.00397569,0.9657886356789505
claimbuster:12753,claimbuster,b4c094367593674c4633d0f757e5020c925ae8cec43774eec651dbd7c3ca00e2,0,0.04011590613587499,0,0.005219299,0.959884093864125
claimbuster:4389,claimbuster,7d3176f95f139c2bc5c5bcca0fd676d1a4c56732b8a1427c260a8d14db678664,0,0.03731989533201631,0,0.0046121725,0.9626801046679837
claimbuster:12602,claimbuster,0a1e1cd95de60cc8ae6b8c6137a00a2442582e73fc1b3d470f38f2db3c865bb3,1,0.9801913161401006,1,0.99842453,0.9801913161401006
CT2014_G4_1:186,policlaim,f48812d83acbf04492fcee33df77d9d06813fa9124ca6dddf7f5c821a86c22b5,0,0.0663464926920501,0,0.012463597,0.9336535073079499
claimbuster:18106,claimbuster,62a910f6920b71306e8a03c71396cb77e8a8003fd22cc113c9818c252dcd6233,0,0.04897526701402013,0,0.0073559075,0.9510247329859799
claimbuster:1441,claimbuster,e8b9d85401629bf78625f781cfd1e535d8cc66e23b8f9d71de02e8c0c04c6e0c,1,0.9843988278540097,1,0.9989454,0.9843988278540097
averitec:1720,averitec,5203c4356c614f44bc679e63cc4e175ded83deb4810cc4f5616cae05b862f75c,1,0.9864207509403474,1,0.99916434,0.9864207509403474
claimbuster:14270,claimbuster,21aa922999ac868ccc0f78dcf31cc67201f9089e909ef2db932933d0364ff1ef,0,0.459654384825805,0,0.4335359,0.540345615174195
claimbuster:29102,claimbuster,b5af007992a992ccab50d949937624e8adaf1c10b7c32eaaf0db1352615d67f8,0,0.05088696964579091,0,0.007858863,0.9491130303542091
claimbuster:14925,claimbuster,2533381cbe67834720073e4e4982af7bcc052fe7cc41648eea2dcbf72851ac9a,1,0.9811394310659716,1,0.9985494,0.9811394310659716
averitec:358,averitec,5f0a5707b081061013e3ae0c38a55ca706e81064c39913876240321d4d4f7601,1,0.9842972309608236,1,0.99893385,0.9842972309608236
averitec:2513,averitec,37e5d3577761a0721955994c6ddcc8fd766ec8593eb5a8304d00e6b88d9c2c49,1,0.9857990106488213,1,0.99909925,0.9857990106488213
claimbuster:7422,claimbuster,203e351e537c59dd2e070f2c79d7a27d684525ad158c80f4d30270a56ac4d9fd,0,0.029714277159319312,0,0.0031277973,0.9702857228406807
averitec:179,averitec,5908b0f692d4dc26d4d7bf850f3f3fba4a88bcbe59cc29724b1df75e380983ea,1,0.9852260361213265,1,0.9990375,0.9852260361213265
claimbuster:22130,claimbuster,20ef7b24f476c3095ce2f4e72f367f8bbf328acdbfcc59480add5368791400fb,1,0.8427289962427911,1,0.94135463,0.8427289962427911
averitec:991,averitec,7d478b85a0ffc20f1f2a07b06d845bc440127f655a0f6e1af989745a6aa46137,1,0.9839371727632842,1,0.9988925,0.9839371727632842
averitec:765,averitec,d63f7b6739282e68309541e4834a469ab92a66ac7c72b85ece2b4ed767ed4536,1,0.986245538032747,1,0.9991462,0.986245538032747
claimbuster:23001,claimbuster,84e89f027c6d4f3da63114b6404a3ac7f0a104e9825612a90cc526896ff86ea1,0,0.13409681676454124,0,0.043761108,0.8659031832354588
averitec:2914,averitec,afba5f5fa2716edafd5389e55f88b7e26698a46aaf6e391b8ca10b3da4c8ef12,1,0.9853490580238693,1,0.9990509,0.9853490580238693
claimbuster:14745,claimbuster,44e674098276b90b40d24f06c4dd55ac4d6f438bff8a3dafc344da175e39b8ef,0,0.1143451864245454,0,0.032766353,0.8856548135754546
KY2018_G4_1:394,policlaim,a17a338b4676755e321cb0e16a7102e8b6215dfd13960518bf203bec8c81bcc3,0,0.057819241020136254,0,0.009805908,0.9421807589798638
averitec:2621,averitec,025141308078abda63fc2aab83784de3635a32ec5725c070b03da018c4bd88f5,1,0.986011301704103,1,0.9991217,0.986011301704103
claimbuster:17491,claimbuster,5d8cf8ee449b4097c49b0db085d152d410c8fa915d8acac1c1a7e6a24753d03b,0,0.03651536462482683,0,0.004443534,0.9634846353751731
claimbuster:183,claimbuster,8370b04718dad708ed2c88d3976c727b4a951f108d8d4d613ee173ea7fff7193,0,0.03238927965346304,0,0.0036216737,0.967610720346537
averitec:736,averitec,8b272494dca98556d02e7bc623fdc3f4019f3e486633ad11b0ebf1397faf8ecb,1,0.9828874971077202,1,0.99876827,0.9828874971077202
claimbuster:12155,claimbuster,b95e2d7507a7ff5f6470a5d733834fcffa76dfbbe761c5aee5680beea0d3eede,0,0.047432955427384065,0,0.006960914,0.952567044572616
claimbuster:16761,claimbuster,aadd5bc4c871eaf9eb157724125bd8f7da8be3245f2d072122d50800bcf10278,1,0.9768483436437235,1,0.9979505,0.9768483436437235
averitec:630,averitec,5fbda718b9f6d6ee2b8896a9cd2b856a3d6c57f0a1d3ece8adc825beb57f1093,1,0.9847250065062436,1,0.99898213,0.9847250065062436
averitec:817,averitec,b2e43c9c37dedf00308caa1a5e5874e65f098b54819dccdf37b06c70878bd7bd,1,0.9838979812189944,1,0.99888796,0.9838979812189944
averitec:2859,averitec,dc1706dc486bf1ba0b42ea953cf55f6afde689a8a91caf6a87faf3416710c047,1,0.9865000761844853,1,0.9991725,0.9865000761844853
averitec:1256,averitec,f129479078953ac902199f27e5e8ec181fcccf1dbd17f12a3aa1534753029438,1,0.9854126838013672,1,0.9990578,0.9854126838013672
claimbuster:19733,claimbuster,23a580cc06a5c4f8a50b513283a29fcecdc986f1a14bbf76f22cdd74e93807c9,0,0.032147812066205005,0,0.0035758247,0.967852187933795
claimbuster:726,claimbuster,c7e4533b912b492aa291d2e1dd5594e3245b104f0c48fc807c75187d56bd6598,0,0.033011659162432594,0,0.0037410017,0.9669883408375675
averitec:69,averitec,046428671b5ac68e850d50dfd25cb859a2c1de71b8e310b9b40762e568d09fc2,1,0.9842739849976013,1,0.9989312,0.9842739849976013
averitec:1397,averitec,869b88ed7b59a703740dcb533a7cad95e573a3a4d90cb1334a8f3f4759ce2e28,1,0.9846604222117649,1,0.9989749,0.9846604222117649
claimbuster:20154,claimbuster,87dc379cffc00887f23c8d03881c3e75f3bfc468e03301383ccdd6eb914810ed,0,0.04251225601720355,0,0.00576547,0.9574877439827965
claimbuster:1333,claimbuster,5e395b09da3acf9b99ab4204113a74a20a2de370062e2d2456733ea05ba4b15c,0,0.037113673089770365,0,0.004568687,0.9628863269102297
claimbuster:12066,claimbuster,76150248c2c597bf34ff07143374e15d7143b11943c46790a9fcfed3de38f4ec,0,0.036160653973016633,0,0.0043700472,0.9638393460269834
claimbuster:12872,claimbuster,6ea32c751a26f6bea7572ab18050f51847722aecaab5f73a3e27f3d4e890be3a,0,0.06428495848845797,0,0.011794659,0.9357150415115421
claimbuster:9482,claimbuster,4eba9dc3e8173b8e8957e3b7af23824ffe8e002c4c2340075365b336bd8327ba,0,0.6197640530473303,1,0.6916507,0.6197640530473303
claimbuster:8747,claimbuster,ba102c66d44e99b6de5869d05938dc635a9c062a989a4d3f5a72aacccfc77d31,1,0.9318735773771707,1,0.98694533,0.9318735773771707
claimbuster:1385,claimbuster,c2c2141b6efb95f9c8f8b2c15313b4aff65b257587258b758cbec1d4a88ffdf8,0,0.05087226495454634,0,0.007854938,0.9491277350454537
averitec:379,averitec,ef3a3832cc7b3ea610f43aa6d54fc1de6b8b46cc0a699bf737374f4297390385,1,0.9856637985811121,1,0.99908483,0.9856637985811121
CT2014_G4_1:130,policlaim,945301e664b493ac32ff1f2c9955170353705e9c95185eac09c8dd89265a662c,1,0.31300306243527076,0,0.2141816,0.6869969375647292
claimbuster:18605,claimbuster,7891b4c70730af097094a176dd1a1bbeea62110ff5310b04ed2702b3e3bbdcee,1,0.9679628303210343,1,0.9964451,0.9679628303210343
claimbuster:28921,claimbuster,41e041ad954eaaab4e98292a72deb14f85c99bfc761ddaa5e6bea39b97708fbc,0,0.03869363576780141,0,0.0049063927,0.9613063642321986
claimbuster:7458,claimbuster,67ae877c9c2b8d844eae7f8bf58d10989632cf2b1c6f647535befaf5b22b8e91,0,0.05628365082149504,0,0.009358026,0.943716349178505
claimbuster:7526,claimbuster,c5bc0e7e875b19fce62f8d95dcc267889c9b1864e124ec9ff03ffea058927bda,0,0.09019615339266354,0,0.021419374,0.9098038466073365
DE2021_G4_1:41,policlaim,43aec505524434ebabe71f2d3695b26c54f88941d2badcbb9e986766188b7f37,1,0.9799639577595587,1,0.99839395,0.9799639577595587
AL2003_G4_1:91,policlaim,47e995b6a6ad99adbb4bac2246126cd67f632545fad10caf70cb1439ef699ffb,0,0.14574835101416164,0,0.050975665,0.8542516489858384
claimbuster:4177,claimbuster,0c3fdd0a098a27087ece5df4afcf5c09254d0b70ecb85d8d8421f0b1204fab35,0,0.03595595444326601,0,0.00432788,0.964044045556734
claimbuster:17692,claimbuster,ccfaaa755b8840e759600ec52d22f9ea68124ff7452ee12d2bf360a8fb8798a2,1,0.985736545861911,1,0.9990926,0.985736545861911
claimbuster:17446,claimbuster,47b4ce818ca9c24d7ac032e0eaea8266c43e90c9ede3fd310c8c84a685bba662,0,0.0356226335151466,0,0.0042595956,0.9643773664848534
claimbuster:2175,claimbuster,87d9814bf602bec679b7e03a89e4c1f0c0811aff6928d8c33c414e5119a1c2f1,0,0.127228219427453,0,0.03976193,0.872771780572547
claimbuster:28335,claimbuster,23766377c2f29176c2176710da1f35efe3568c10c366b023a6be7753552deed2,1,0.9732932888843998,1,0.9973902,0.9732932888843998
claimbuster:11896,claimbuster,bc88283461ad16824bd49e194659ad0b2b95f445c87797a246a3b24b90510607,0,0.09405942555436882,0,0.023080412,0.9059405744456311
averitec:476,averitec,14964299c4bc4fb73ad8ad49b40399aa8a3da3d30e925289ae565adb2c9e512d,1,0.9854548373804857,1,0.99906236,0.9854548373804857
DE1999_G4_1:86,policlaim,1376b2413d96172c22d66a295c8eb37096e7914d56ca03d82543cb4a4f2c8e32,0,0.9479859395875625,1,0.9918377,0.9479859395875625
claimbuster:26642,claimbuster,fd55f683ebb177432be1ae52674b1790d1828f7e42a7914ea1183b1bb694caa6,0,0.1293631132092171,0,0.040984835,0.8706368867907829
claimbuster:22969,claimbuster,24b63ce09a9ec015f19a4295b0bf93ba8d6a57c599abc9d7eed28ece5e7c5782,0,0.14526113878776187,0,0.050663106,0.8547388612122382
averitec:616,averitec,6ef642bb2d254433c9bd9f94de4ba0dad4363d3c47846bf8c6f2a802fbc8ead2,1,0.9851487299216921,1,0.99902904,0.9851487299216921
claimbuster:233,claimbuster,f25a80dfef7cfc3aea563064b8639ab75024ab97b3349585a33a54d2f1589f38,0,0.05807311902397609,0,0.009880862,0.941926880976024
claimbuster:17017,claimbuster,f63a5028e7e0037eb8261f120fea2b203f3f698d1b82bcbe03d07e8c8befb2b6,0,0.08383111209996177,0,0.018810539,0.9161688879000383
claimbuster:5683,claimbuster,a3d44b3810e776a0d9cf85905d0f99ce0000be3abf69b3e0464fa2385688c3a4,1,0.9852659863317824,1,0.99904186,0.9852659863317824
claimbuster:18774,claimbuster,7fd4bc25eae6207e0657be1406386edba491eb096df6c09a061f42c51fb7f199,1,0.9538278149400132,1,0.9933548,0.9538278149400132
claimbuster:16635,claimbuster,17da5f59826e3e3ad60575dbd445a73909341f4d18ab13639abb722b87e5ce2f,1,0.9824522132485458,1,0.99871516,0.9824522132485458
claimbuster:1402,claimbuster,505ee864e6822de766e8737d90157468d002567de070afb051f3b7d4efa9d561,0,0.03277979730215982,0,0.0036963532,0.9672202026978401
claimbuster:15209,claimbuster,faed1b8d0b799ebb1a3e5bda8cff2a9eaa01409e761a3eb16772f0d02da41422,1,0.4607002279216771,0,0.43524635,0.5392997720783229
averitec:1304,averitec,397beb14ed7e1702422fa10d510d672c7deb0e5c95bef9ff16431c9b4c771d13,1,0.9861237779552576,1,0.9991335,0.9861237779552576
claimbuster:106,claimbuster,f6663a567647314b4444087ebfb136ef7f4c70df8d2f80ffd34788c477bc6fbf,1,0.5084688270436456,1,0.5140015,0.5084688270436456
KY2018_G4_1:377,policlaim,f4e86793dfc4f59f7697f44705def0496c662096b6f1816b9888a41e8329df70,1,0.8101138704549833,1,0.916745,0.8101138704549833
averitec:670,averitec,80709fa587675d5229b55cbac56161c34a51a671e16f98eac04f8fd455e520f0,1,0.9839921871961516,1,0.99889886,0.9839921871961516
claimbuster:1030,claimbuster,23a0850324efec1da79f15022107d38b9e67aa7f126a9d697dc82319c8e1ab97,0,0.045820616476971464,0,0.0065583163,0.9541793835230286
claimbuster:3967,claimbuster,2513e3a0e8aba27aed925d76b52ab4d8a3a66fbda4c3284aa00f0b459684e700,0,0.03962070575377112,0,0.005109398,0.9603792942462289
claimbuster:9395,claimbuster,5ed27152a563f8d74237ec39dd061ffef9f2a09df23c3b3500e05aa8918f763b,0,0.034862064629733396,0,0.004105543,0.9651379353702666
claimbuster:7671,claimbuster,f7c5fb64aadc105da207d342225372f7f813ce164340e7510abc8557c09a1a1d,0,0.04042005749358705,0,0.0052873045,0.959579942506413
averitec:1356,averitec,b28f4987ecc6861943c2d170e33f465f232e9851ecd6403b99aa7b6b7848c33b,1,0.9851443520838011,1,0.99902856,0.9851443520838011
averitec:1385,averitec,409d157c731abaed08605f61e7f9d5ac2a3342cefa448b7cd66283ff70a09794,1,0.9855926087638059,1,0.9990772,0.9855926087638059
claimbuster:15670,claimbuster,421e26b8787368ba6736375aab13baf30d787ef48ddd4f36b987e892aa928b4a,0,0.04888965821183706,0,0.00733373,0.9511103417881629
claimbuster:32514,claimbuster,32ae4ff46d25b7c8588534135def735be1332561a5d6588cbec2e6793eee79a6,0,0.055706915128849926,0,0.009192243,0.94429308487115
claimbuster:7586,claimbuster,cc39330e4c747f4c9365606f2a7282b687f793050c4b30756769180ac0c5b638,1,0.9809876592790302,1,0.9985297,0.9809876592790302
claimbuster:19328,claimbuster,5bff8644bf2b65c6b247829b62b448e8be6184cc8a0e6fd239aab12b10ac7c53,0,0.055843380548081197,0,0.00923135,0.9441566194519188
claimbuster:12581,claimbuster,42ea2ad6f342018f7ca40b6ddd7196e04ca8c0241f45f085eb13e051b923dd20,0,0.07013281692115327,0,0.013735938,0.9298671830788467
claimbuster:14055,claimbuster,a02c850ce1791db50a05ae8c72f934f1b456f6c5886cb848aafd3256de258624,0,0.02880923060061736,0,0.0029677376,0.9711907693993826
DE1999_G4_1:295,policlaim,e7cc368430861671f637e229181ace42826ef630b0e38e8c6e052782ba376254,0,0.046378882671589294,0,0.0066965166,0.9536211173284107
claimbuster:14309,claimbuster,2eba1bb1ab95fdb7dc165b5405b7625ee244320e34ae2b13f5c1dd7d49faa973,0,0.07677988911214893,0,0.016106235,0.923220110887851
IN2011_G4_1:6,policlaim,8664fd2195b43916822d026abed592d3e304c0b55bfc1ef9728a92addaef8a27,0,0.06358141466677779,0,0.011570218,0.9364185853332222
averitec:368,averitec,11cf1c5036a6366049d3e5bcfb1e8dbbc07c7544b72093bdbd8f3e23fcdee0a8,1,0.9851365106839971,1,0.9990277,0.9851365106839971
claimbuster:14343,claimbuster,a7fe1f4626e5f9ad1a7e8575586f114810280c5f6bb4caa5179f471125062ebe,0,0.0985042516997582,0,0.02506406,0.9014957483002418
claimbuster:30297,claimbuster,feb64d3c4be1ed8aafa292504f65a691b1a7ffb81930b693bd0efd402945075f,0,0.03513709535863976,0,0.0041609677,0.9648629046413603
claimbuster:4350,claimbuster,4a6c7c08333a29a2c54e36b74612da0b897191bb7ed79316be7aa1b3aef82ab1,1,0.6934599161616644,1,0.79411095,0.6934599161616644
claimbuster:513,claimbuster,c51e04f8ced288016181d59051117e8e85aeab0993f8aaa11dc1bd1fbd84205c,0,0.06252163258575637,0,0.011235833,0.9374783674142436
averitec:2533,averitec,ec2538c812fd17d0883b85b9ace05e4147307f1f8c50ccbafbca135e244c0e69,1,0.9856538005409422,1,0.99908376,0.9856538005409422
averitec:546,averitec,60555d84155b7d05f02d16293b56f5964e0b40e3ce5f280c13d947867bc0ffeb,1,0.9832874657216437,1,0.99881625,0.9832874657216437
claimbuster:15589,claimbuster,2286904eb47f8f9b28a9c49f00e059481fcabb79d36787995db7bb988ae87ba8,0,0.03617868027577151,0,0.004373769,0.9638213197242285
claimbuster:17485,claimbuster,7d292b38a36b828c3420e3a15d423950cf5d99bd290d1fdaae855ef9bf6415b8,0,0.0339516244291183,0,0.003924359,0.9660483755708817
claimbuster:7771,claimbuster,0d0e7a14acacfe3815c8f29be376901d558de1566cd627adee9e37d2ba52f2d9,1,0.9799406408590359,1,0.9983908,0.9799406408590359
claimbuster:11763,claimbuster,7b7c7f3849a37e4f7acc96d85fa6a6b063f6810b3f0bbb722928bd087fd2c43a,0,0.03721374547692054,0,0.0045897667,0.9627862545230794
IN2011_G4_1:143,policlaim,b9622c8d91fcd1e4a6f364714933891a31878f606b678e8a550f8f671244174e,0,0.24859568839173815,0,0.13835227,0.7514043116082618
KY2018_G4_1:129,policlaim,7f580a095413f6e5c28131164459054f80822f6c7d72134b666daf33f0c8b2d3,0,0.040877604648332316,0,0.00539033,0.9591223953516677
averitec:2085,averitec,61e103d0db0bcf929579a89337ae30d418dbb69a0169f64f310d9db349739d68,1,0.9859957186706247,1,0.99912006,0.9859957186706247
averitec:1316,averitec,944948dab592135a3e545eb40ad156f0d53c3b0784ce146747120e56c439f60e,1,0.9856168401364886,1,0.9990798,0.9856168401364886
claimbuster:25414,claimbuster,0fa2d682ee8cb934def7959fcb79b6af98867cc789e829bec8a0116d4c1103b3,0,0.05940911298241773,0,0.010279526,0.9405908870175823
averitec:968,averitec,f5cdd5cf63c1f7211f84e54dd4f404f3b8e3d97d6cb69784c81cf6c2dfe9798d,1,0.9849318200149441,1,0.99900514,0.9849318200149441
averitec:1700,averitec,8f9adf10c060d3e05b5daa913738bdcb44085132d3514224b276f1b635ad8dd6,1,0.9849436532386959,1,0.99900645,0.9849436532386959
claimbuster:23689,claimbuster,6ddf216426d1d9de0db8efb4262fadf82906d15cfdd4c7354ca3f65c1b57250e,0,0.10679638898145392,0,0.028972505,0.8932036110185461
averitec:3037,averitec,427ffb0d8d11b19cd867ad71758cd5237017ae4bbe9862f2520cc7593cd382cd,1,0.9850282991162898,1,0.9990158,0.9850282991162898
claimbuster:34109,claimbuster,7a95ed9970784f1663464d586f401958774631bfcae35fed8efd966056e1041e,0,0.03616024607891832,0,0.004369963,0.9638397539210817
claimbuster:654,claimbuster,83815c200641b2a4fbb730e4e421520c27e91055a35318ffc298aa3a07a2c051,0,0.03529427330606793,0,0.0041927863,0.9647057266939321
claimbuster:21336,claimbuster,4f38aeabd3179152c60618212a73b101fe859c64f0afd02e953ac623cd40f8e2,0,0.1071591697644452,0,0.029149685,0.8928408302355548
averitec:108,averitec,7dd9d00660d092c1d362155ee8d9cac840166d557a4e5e68377c498c3a5f8fc6,1,0.9841193250975814,1,0.9989135,0.9841193250975814
claimbuster:4047,claimbuster,0830604a6aa52c7ff73c74002483348569d9e3e2c6a4cc7789d32e43b10d9cfa,0,0.0318660415521121,0,0.0035226399,0.9681339584478879
claimbuster:8624,claimbuster,b6dccc86f7b1b98a1c83a9a45a23f332cdd268ebf9166bc89577ef99af3ca947,0,0.03419007545765689,0,0.003971472,0.9658099245423432
DE1999_G4_1:116,policlaim,dd7aa491f73a3c87d0962a45326f5c577c805cb69bb7a45adb21f10914ff5aa9,1,0.9661996284409211,1,0.9961054,0.9661996284409211
averitec:763,averitec,0d673d7f5c34bf8690b620323cc8c30343b193ab60bfcf44b5324db65aa3cc8c,1,0.9850977104279399,1,0.99902344,0.9850977104279399
averitec:1501,averitec,97bea80926aee93453f5f07ee6dae7ac61fa6d5e6a35415cd021dfe825de2e33,1,0.9854616860387337,1,0.9990631,0.9854616860387337
claimbuster:10554,claimbuster,c32780b807eaf2f21b00dc4fa5686352a50a1a8a38ff3dfc9d29eef23d56db34,1,0.9792223128245016,1,0.9982925,0.9792223128245016
claimbuster:14369,claimbuster,9be998f93210e0e92c84489a4e132f501afb02eabf86f19ee1e65873f3344768,0,0.03555361239388537,0,0.0042455145,0.9644463876061147
claimbuster:19409,claimbuster,771a220db4f204e55bc84f7a35fb9aedd406aabbda26ea040f6d76d69d41005d,0,0.11142437556036143,0,0.03127173,0.8885756244396386
averitec:964,averitec,666374c943825932cf55a739142cbc78899a930c07d6a528096c54a2301bc1ab,1,0.8841193500381199,1,0.9664344,0.8841193500381199
claimbuster:13886,claimbuster,5e24277e67901e87b83413b8ae3cf2612f9ad3e275338e0ecc3309843eeca1ab,0,0.033106459606723926,0,0.0037593232,0.9668935403932761
claimbuster:12153,claimbuster,607efec75d14e87f2ecb067b46e6614e64125dbfd98fd155a33548c86aaf7ff9,1,0.9383453239926208,1,0.9890344,0.9383453239926208
claimbuster:16236,claimbuster,5b96f7cc14691d0a9ba67fec8179768aee8bd55f4f4076b1e7ace4b1c0dceba6,0,0.03876788886017251,0,0.0049225204,0.9612321111398275
averitec:2134,averitec,3fdbbfc94e954e3567d0aa9bad840dfb8bbe6283fbb57780846dcbaf253112b8,1,0.9837131017116466,1,0.99886644,0.9837131017116466
averitec:1386,averitec,6d7980467a63af4acfbc3149917538523047c96eab0fca8786f4658267ea962c,1,0.9816231680575181,1,0.99861145,0.9816231680575181
claimbuster:2468,claimbuster,e4d9e55ed73dffd0fe45d5be1cf359cc0ef259a70c0f89865c3d8ebe6982c930,0,0.05820449903620558,0,0.009919751,0.9417955009637944
claimbuster:6292,claimbuster,cea08c18bc6934862da9c4d93f605ac3f5462fe79267297941ddf1c4e78a8e06,0,0.30078705489585605,0,0.19863048,0.699212945104144
claimbuster:18631,claimbuster,0a3af47424959ae2d3aa5a0cbd7f9bf555a269db7b44865b4f1a02efbe4fc4d1,0,0.07613659024704522,0,0.015869241,0.9238634097529548
claimbuster:17023,claimbuster,e5d39e5bd12a6b8b37b4cc48f49fa4c99276c109c5390c0edf8f47b038ea3a76,1,0.46963096970058066,0,0.4498895,0.5303690302994193
claimbuster:32496,claimbuster,b8e5883adc12608c552276513e22cdd79f18e6674cbf70a500fee40954850728,1,0.8437306204767755,1,0.9420425,0.8437306204767755
claimbuster:32477,claimbuster,84120d9aea8692136da65f377710cf8f62c73788ddd1bf562650f485acc05a8b,1,0.94708233851501,1,0.99159074,0.94708233851501
averitec:1776,averitec,db079b94fe764c05effe1684beb59d911585e8e20484107c6ed10eec697a3251,1,0.985239130833464,1,0.99903893,0.985239130833464
averitec:347,averitec,fba0c7d93c35fa382c7dd1f0e8604f41748dbcec1ef83bb23c1672f089c2b70d,1,0.9384134218417842,1,0.9890555,0.9384134218417842
claimbuster:1042,claimbuster,f43a125011898cde9d8b1e346f4a8cf2e9f55c94bfd728fe5852a122810e031a,0,0.03538822998956662,0,0.0042118565,0.9646117700104334
claimbuster:32470,claimbuster,42ae03f75752ac7449db789b7ef36b8c9225e56cddc47852d5b78a979bfd1f48,0,0.04608503294877497,0,0.006623615,0.953914967051225
claimbuster:3297,claimbuster,7574948df600923a2b8c279d01062dfc6ede83baaf5de27b621c6af428b3b195,0,0.11014502070062472,0,0.03062768,0.8898549792993753
IN2001_G4_1:0,policlaim,9905a4ab6085f29b996aaac27b47d39c7a241285eefbde30af6379875e1288bd,0,0.03972360298429116,0,0.0051321504,0.9602763970157089
claimbuster:32464,claimbuster,57fc82e133bf1818a4d0e60a48dd3a9c0759eb9ffa2e6e8878907e08d6d9ef45,0,0.039423521279358234,0,0.00506592,0.9605764787206418
averitec:575,averitec,08984b169732bda3f031d88434db7c0069e312f46aa2b91e99e3b220d5a34f6e,1,0.9818213092629556,1,0.99863654,0.9818213092629556
claimbuster:20101,claimbuster,6d7b6ab97e48eab9589fbfd936a13b3fbbf461310174ed48477dce70a374b7b8,1,0.9836245305573178,1,0.99885607,0.9836245305573178
claimbuster:26854,claimbuster,9fe2fed8edb64f533aa1b21a3b1019f62b7a7f4a53cf834b4b5ca23e6f744c74,0,0.8936391003836031,1,0.9712395,0.8936391003836031
claimbuster:18900,claimbuster,d3ff864c4421f1c069159696951f7b663fb9e38adfdbd8cdc62cdca9873771c3,0,0.03804853397185023,0,0.0047672456,0.9619514660281497
claimbuster:3167,claimbuster,70e4da0c64319387e3d289ab87e5274d1490162ef2b5ce854d55247d5f3f5734,0,0.03433778680472318,0,0.004000778,0.9656622131952768
claimbuster:25229,claimbuster,8a077aeb0f6b2cb82d65ffc4937802f892381d49122de1a850aa14c6c95a777c,1,0.980803134722915,1,0.9985056,0.980803134722915
claimbuster:22019,claimbuster,cfe0940460d4cf1e385b2f0eb659316fd786b9462bc550fb174857757a96c225,0,0.05608449049232754,0,0.009300627,0.9439155095076724
DE1999_G4_1:241,policlaim,4aee9349cc9d221ef504bdc0e632591c120f419aecd03bec5de8fa9480c6afe5,1,0.9829705680022556,1,0.9987783,0.9829705680022556
claimbuster:24904,claimbuster,a7907146bc8083f17b8a2f70414f177f48c30eccd13e4df08e1da3a3218a144c,0,0.04157103271896921,0,0.0055481195,0.9584289672810308
averitec:1561,averitec,0e62d583e311614c9b87860e1e45a4fd1de2f8004a238b12f8b76e20658bd590,1,0.9835626345195415,1,0.9988488,0.9835626345195415
averitec:2286,averitec,635f7981d0b5c17e4df44bed27a7782b2ffa48e74160e9e7d5839a50e9405dd4,1,0.9862170932129474,1,0.99914324,0.9862170932129474
claimbuster:26924,claimbuster,ffa0b4a3e1f910c9c81b2a8f03a0802415f3bdbefb7006a35d6f81b3cae3a025,0,0.05421148793793478,0,0.008768579,0.9457885120620653
claimbuster:1347,claimbuster,7ba86488b3236ef878add70f6821bad29131915b79153e501097171669d509ec,0,0.06384822254161045,0,0.011655103,0.9361517774583895
averitec:1669,averitec,d3735c6b0ec5acef3a55803292ea20a6694122580833d83d1461efe8d17a494b,1,0.9854945720781008,1,0.99906665,0.9854945720781008
DE1999_G4_1:211,policlaim,7b49cdeda010e13ac37edbcfa5d1e5ec18bd84c53647256958de94696388353c,0,0.97527391947847,1,0.9977094,0.97527391947847
DE1999_G4_1:154,policlaim,7b7efd1a0070804c31aeda331a759c3706a1202a55f756ab8268b56dc821a6ec,1,0.8344861168422163,1,0.9355404,0.8344861168422163
KY2018_G4_1:23,policlaim,e58f813876adcccdf2effb304fa6657ef8f5754cff2466c44278658a02659823,1,0.09962538612026281,0,0.025576673,0.9003746138797372
averitec:2962,averitec,c0688d0524f5349f6b9692506b42b24035523c7717ee122a5d6ca294de8720aa,1,0.9849156613245951,1,0.99900335,0.9849156613245951
claimbuster:24743,claimbuster,693fe2399df0356c072fec03b91a0c85985045a7456f0de2692ac3c93129c583,1,0.9794505737524357,1,0.998324,0.9794505737524357
averitec:2792,averitec,0736d8f3c5c1f385d7002e143ba792902ddb555dc61a5563e356974737187193,1,0.9849251384351411,1,0.9990044,0.9849251384351411
claimbuster:7791,claimbuster,d05bc602c73a6339123fa956eff5b329b4c768a24d74c8c0791808cd177f49fd,1,0.09032942846752957,0,0.0214757,0.9096705715324704
averitec:2764,averitec,125a559fca9f334dce2d1f14c06922e1d0b2ce718bafa2deaecbe94b44121780,1,0.9835554932702664,1,0.99884796,0.9835554932702664
claimbuster:33716,claimbuster,024dd6e4816abf6666d739462fd30c09b9915adf5382c29a3832bac04279c15c,1,0.9537323876858873,1,0.99333113,0.9537323876858873
claimbuster:2639,claimbuster,9b2094209001766fb3c2219c912c4f02fb8574dceca9c4312b765f655d966f71,0,0.10605295975499021,0,0.02861104,0.8939470402450098
claimbuster:26588,claimbuster,d65607f02533c363c413bab7967afe64ab038a3e22364e6b1fa5fd1afb7d8e22,0,0.030578370762133256,0,0.003283946,0.9694216292378668
averitec:2402,averitec,a088a45ea86907052c55a85138c7e3d30af8156ff41d22f85aec593e658ba970,1,0.9853545831282653,1,0.9990515,0.9853545831282653
averitec:1442,averitec,c4d49632fe320b66ea7b1760e22a169c5f22aca8986107df25920540f5b0f189,1,0.9828269652638878,1,0.99876094,0.9828269652638878
averitec:1393,averitec,145609cc71c6f8ae89b0b18358c4632ecd93b834cc90ee5a5609a8a37efee932,1,0.9860070246827395,1,0.99912125,0.9860070246827395
averitec:900,averitec,47358727a7f0c129981501dcc86c2e3913e0b1060090931fce2c6e85cda2a41c,1,0.9853951445887774,1,0.9990559,0.9853951445887774
claimbuster:18912,claimbuster,2ae2ed6164f786a02fa70ca682ae28277cbafde08a30b03d82a4cdcad72b8c88,0,0.7270803987338439,1,0.8348323,0.7270803987338439
averitec:2092,averitec,0b789ea8f8f38cf793208154ebd7c81ac966b25d093f9511fefe5bfc6c279e1e,1,0.985953874579831,1,0.99911565,0.985953874579831
claimbuster:1504,claimbuster,754c7a044bb85b69d432b53436566df0540df316e920518ff340508a5d79fb19,0,0.0587455572144095,0,0.010080631,0.9412544427855905
averitec:1559,averitec,5261d26b0d5ff0fa80192a3376425449a8046c9a79646990485545ea5eca5ba0,1,0.9847730981855133,1,0.9989875,0.9847730981855133
US2016_G4_1:1,policlaim,fedce4257c7525ad7b7d5b16b162b84051daf01df213c8359ec97ed816f9ddeb,1,0.6777014527829374,1,0.77364045,0.6777014527829374
averitec:803,averitec,949ee6b20e86cb70949deae1c938e3c3b27d01ed9b02f144f8ec78eef10792b0,1,0.9731474296085532,1,0.997366,0.9731474296085532
claimbuster:571,claimbuster,b2ad15401348c19e29b8e92c6724f206e353618d1adcf77f86c691db5daf2df4,0,0.033540986923614666,0,0.003843793,0.9664590130763854
averitec:123,averitec,aebcb69532cdde6e64181acc613c61b47f548479d377f608e90868c4bcec5789,1,0.985203162488665,1,0.999035,0.985203162488665
claimbuster:1018,claimbuster,d92c5341ad126ccb330a5f8f8654ef3dc0d86c1497c8e27030a554f4f91a7833,0,0.04869351992360409,0,0.007283031,0.951306480076396
claimbuster:14771,claimbuster,fd97f78ce498d100ab037b4b41e016cba49916865f01f699e7fcbc329a27e94c,0,0.045878026056551106,0,0.0065724696,0.9541219739434489
claimbuster:19688,claimbuster,a7381447c46155237070d0b77d7d2a1eb8da0b1556685cd0a586711d5428cf13,0,0.046646479570791016,0,0.006763211,0.953353520429209
averitec:1908,averitec,ede3df033f5b293b1ff78d1b4ff537d8db3517ed83b515f0ecda0f8694fd075d,1,0.9848746412825784,1,0.9989988,0.9848746412825784
claimbuster:18281,claimbuster,4fd0388e6e0c8d48d4a3ae4b7449197be8dbf64545eb6ae1d56683744a4e74cd,0,0.044141059302063614,0,0.0061502084,0.9558589406979364
DE1999_G4_1:262,policlaim,50023e5aa54a3dd2468d33b5059f18c5c48da32c1d20d440b1052a6f18bf7c7a,1,0.9842608374444646,1,0.9989297,0.9842608374444646
claimbuster:16484,claimbuster,15ebed73b23748a9d2e44c637e76b06603f1855e98454f6a27022ef897fadfe5,0,0.04535332057524417,0,0.006443613,0.9546466794247558
claimbuster:18504,claimbuster,9f57841f2afef23891f991c893a159d1d0dbc8cedf72bedd0aedca3843cadb6e,0,0.05385360617316479,0,0.008668517,0.9461463938268352
claimbuster:17099,claimbuster,bc435105bab0276b498e60fcfddc0e68447f056ba4d1cb15e2da7884b1fd1d3f,0,0.1626213472647259,0,0.062388137,0.8373786527352741
claimbuster:32129,claimbuster,63930130427aa7920844f87135b309304d4129d5ea40f9d23b7355bd237e19a3,0,0.044035178710502824,0,0.0061248676,0.9559648212894972
claimbuster:16052,claimbuster,f41345888ba67669075e5ae519758397d9aa0701503f9b257078c4ca2a482790,0,0.1617922948560293,0,0.061800636,0.8382077051439707
averitec:2028,averitec,6c60f89ea3689b7ef0823fe201e17134a12898a6026fbc19fc7ff3ecc5456ece,1,0.9850706098771357,1,0.99902046,0.9850706098771357
averitec:3065,averitec,df7617a59d84e05161ec5f9af2e52bc0700ab4a4f27ca55da8be6bf1fcb78256,1,0.9817584428624879,1,0.9986286,0.9817584428624879
claimbuster:14324,claimbuster,d51f4dbb73c0d5d987f3a002c932b59a85b92a952b03a40aab02fc24f7f07643,0,0.04233361541787546,0,0.005723937,0.9576663845821245
averitec:256,averitec,711ae708c77092bcb9852909b7d6d5ad853a13ae49072736286632555efb89b0,1,0.9858805461757089,1,0.9991079,0.9858805461757089
claimbuster:24074,claimbuster,e3a65e474b019418ac29b490a3f460393941a0a28d4e9f18076d79682210a2e1,1,0.9781751799902757,1,0.99814487,0.9781751799902757
claimbuster:3636,claimbuster,88cc23af4bb7718bb908dddd7ddd7135c262a9c1db9a237046c1aaa4bc5b2958,0,0.06026379722653352,0,0.010538291,0.9397362027734665
claimbuster:13433,claimbuster,d13a6fc2022bfcbf6680b5d087d940b5802bd4ec7d0963f99cea4fc4fc3f257b,1,0.9801709446070711,1,0.9984218,0.9801709446070711
claimbuster:19802,claimbuster,1f6749a3ff1fe0acaf6f471c8f5e832a63dc4f8f1505c4c14236e8ba1cf761ee,0,0.0770350580777861,0,0.016200691,0.9229649419222139
claimbuster:24388,claimbuster,a0cd5552dd48c16e9b06ad09ba5133052e3d6627b45d6835313424de0e699a85,0,0.633487580425179,1,0.7119448,0.633487580425179
claimbuster:12555,claimbuster,fb1098e2b2b246fead994ad315ff59d5fe0c2bcfbbc4de645b66d3f0c4038157,0,0.032207783032149336,0,0.0035871884,0.9677922169678507
IN2011_G4_1:171,policlaim,d1a93191d5ebee4e6bdaf4e1f0ce8bf4be2d81841d623c02c93f7a3301d36f26,1,0.0636902816110387,0,0.01160482,0.9363097183889613
US2016_G4_1:233,policlaim,8753f41b2c87735bab18d9a7f794cb6ca7027c6d9b621a1cb8931865db56951c,1,0.9328101393719238,1,0.9872579,0.9328101393719238
IN2011_G4_1:180,policlaim,34833383634f20e9bdb043d85f2814982eb7ec1c8d551a70d16e19bde21e3bb2,0,0.05752941869054391,0,0.009720656,0.942470581309456
US2016_G4_1:216,policlaim,b5eb7495688bcbb6782affce12f64dfac72e0d6c43a878af5cf5d7471dd3d049,0,0.28829006399676554,0,0.18327133,0.7117099360032344
US2016_G4_1:266,policlaim,10e700e43cb380c04bb77abeb10cac4870a874f622723bb0e61857cbf3353978,1,0.07104022902099372,0,0.014049261,0.9289597709790063
claimbuster:403,claimbuster,288317bdf3a18be3080974a8fb87e3de8f579dbd38b9a582425a57a1eb0c7467,0,0.11307138194756901,0,0.032110382,0.886928618052431
claimbuster:12553,claimbuster,4473b6eb8fa89e932b041d544a768f1dfe485c475fa70acc49d4a91c1638e427,0,0.6481322959098214,1,0.7330334,0.6481322959098214
averitec:1673,averitec,9c24166734dd1ee4a49e004ed8a36cb7252ac00643382741d0bde14dfd6f51b4,1,0.9861548668681297,1,0.99913675,0.9861548668681297
claimbuster:29510,claimbuster,5b0a7e8c01b9154de7c20179fc8823633baeb6fb544bcb8eeed17cb6c9f924fa,0,0.7897243843473056,1,0.89917713,0.7897243843473056
claimbuster:10924,claimbuster,c93fe0897ce032d9f9783c8a6ecb6c237fdbdfcf70acf2f68761ccad4eb9a9f8,0,0.07086959630607405,0,0.013990095,0.929130403693926
claimbuster:25260,claimbuster,75e669fac02c923921eda73db92ead78ec463137547bd87b9b55c9465c6a3bdc,1,0.9635394655877594,1,0.99556786,0.9635394655877594
claimbuster:3329,claimbuster,358ccf960321f335e02ad6dd4b7954728c826be861be466147d389fda16c0328,1,0.9808937097249606,1,0.99851745,0.9808937097249606
DE2021_G4_1:131,policlaim,4c08955e69d5aa1ad69eaf40be8e9c85769ff7d1b86c576f9adc58285d9e362e,1,0.9840436872013364,1,0.9989048,0.9840436872013364
claimbuster:9128,claimbuster,56773c63f43baa9b83d1b9ae42bc8a59bb5801f80aee8d1efabdaa96aa2a9752,0,0.05270037300836668,0,0.008349574,0.9472996269916333
claimbuster:29848,claimbuster,17adf5f4550e44086c624b609fa2a402d1ffefbb70f28ac9b2020c88ddc4992d,0,0.03564742862703829,0,0.004264659,0.9643525713729617
claimbuster:9564,claimbuster,315ea17411b48b371a73503e576a48f0708fdcdf1cd9f2b0b86fac8876e2e334,0,0.04979011552934719,0,0.0075684832,0.9502098844706528
claimbuster:24054,claimbuster,a6b12fa95ce127ea24f456d378070848a72456beff56e29220bf7703a299c0a5,1,0.986187346250662,1,0.99914014,0.986187346250662
claimbuster:29690,claimbuster,d3fd60fa6eb0e4845bc7a52a6268fdd3f0d0aeb84344351620d6e95e01a37208,0,0.028284219025280635,0,0.0028765323,0.9717157809747193
IN2001_G4_1:129,policlaim,203fc04207fc409e168f71efde25b305cdf68191e085324b1a157991de884faa,1,0.9849061883258451,1,0.9990023,0.9849061883258451
claimbuster:12811,claimbuster,775ce8a4358be4136459802d26c5c6a4fde0f30e49bf6d5da8ffaa0b66db268a,0,0.03177805912246913,0,0.003506103,0.9682219408775309
claimbuster:10378,claimbuster,0abca6d9a0f563d8117c9f172703f5806a729293f7153c01d3ceee45d9d252b6,0,0.04548439847635362,0,0.0064756977,0.9545156015236463
claimbuster:28354,claimbuster,907712213980dabcac31e3bffe98a7f1a147db3b5e89279f10bb87b6fd1d4217,0,0.06232057745659333,0,0.011172898,0.9376794225434066
claimbuster:11952,claimbuster,f560bad4f955c26cede15cd51491cab173e6098fe52b1fe2abd28c7a48783182,0,0.03302113236845416,0,0.0037428308,0.9669788676315458
averitec:718,averitec,83092ff080bf41564a8a2bd2d0175ac8683d049eba7179738fe0788dcc12181e,1,0.9813776677949185,1,0.9985801,0.9813776677949185
KY2018_G4_1:47,policlaim,10cd32ad62400dc827c3509d6de4dbe307848a29de299ceb68f18e7d77cb9802,1,0.21062661551866746,0,0.10113998,0.7893733844813325
averitec:1264,averitec,721c5458500df654529256a064eeee5d398a5bad4ec7c80fa6bc24a2993fe89b,1,0.9854085284633118,1,0.99905735,0.9854085284633118
averitec:100,averitec,c7bb9dbea83eb48943006a9cce90ee04f3d1b4dce9ff8c4f40a62ec7cf20fa29,1,0.9854206273859474,1,0.99905866,0.9854206273859474
averitec:2113,averitec,ea6b6c72f2e55919c1a93f969d2d29a0c1cd44162cd5cfb9a343076522d63012,1,0.9845882889522501,1,0.9989668,0.9845882889522501
averitec:2245,averitec,f1bb9696f8a69854f748c7233bbaffb2cf3c68e0942844aa43d957cae3fb36df,1,0.8540613576575089,1,0.948902,0.8540613576575089
claimbuster:11654,claimbuster,b797b49e5dc33f686cd936ac0d1cd16fc8e152700fbb73f159d5ea0e2320b553,1,0.8107238561500062,1,0.9172447,0.8107238561500062
claimbuster:19943,claimbuster,bfb72f9da0444fa01891d794960df25457fe062e987a27ebb2a87e8aacfe2aec,0,0.03534611210250602,0,0.0042033033,0.964653887897494
averitec:3,averitec,48c0dfe4b83735dc57b8b0c3a9346446c71da31d75cd291935d9930879f282ed,1,0.9828258105755522,1,0.9987608,0.9828258105755522
averitec:492,averitec,4827cdabf0f70a08fc0ec92e6b08fcc3ffd172c8943310dc7fd4fd34a4e3c3ec,1,0.9844544377651664,1,0.9989517,0.9844544377651664
claimbuster:25536,claimbuster,ad461c7f7a71053f77e4702571101ccbb0a733e4d4701ae40927389cf0103b0a,0,0.03350512799552632,0,0.0038367917,0.9664948720044737
claimbuster:26988,claimbuster,529e451a642658b5e1ee16786fdddaca78c0f54c37a7f96bf5dfa8fdec607936,1,0.9829585413416805,1,0.99877685,0.9829585413416805
averitec:138,averitec,9b1a76070b0de0717d54f54983d2bc9e757197d4ecc205e781ec9e743748f661,1,0.9846722887371695,1,0.99897623,0.9846722887371695
KY2018_G4_1:297,policlaim,2098d9c5b85c3a5699f6e5f5fec9f714c730ff974f719377ed184328c9d67be8,1,0.9780213356050323,1,0.99812275,0.9780213356050323
claimbuster:16555,claimbuster,a11f2467e98e907537fdf3c38c7c500796f3a445eb61c394d98af545c35e19df,0,0.0990531449969216,0,0.025314411,0.9009468550030784
claimbuster:25254,claimbuster,1c4be7e4783098fb666de5dc6baf6b5d84d921d53faa0c59b0908232ad7a566b,0,0.03973053466936502,0,0.0051336847,0.960269465330635
claimbuster:16461,claimbuster,b34ce91a5f4919f8ccbf99794af2acef68034bf689eb80941bb00458c101c6ec,1,0.9464236520012416,1,0.99140865,0.9464236520012416
claimbuster:24116,claimbuster,38e0d1185cf3d5df7a4b80205b4e9cceab3887483731e6abb6e309224a8438fb,0,0.06326035319387631,0,0.011468446,0.9367396468061236
KY2018_G4_1:423,policlaim,39bec22a77fa2457b4e9bee0eefd634354703d519caa423431b817b2cf3496c0,0,0.10605919170802672,0,0.028614061,0.8939408082919733
claimbuster:7956,claimbuster,36339554493505d69be1baba99fdbdbab502ecfb12f86e224d7c36f18d62bbdc,0,0.05402810540827962,0,0.008717242,0.9459718945917204
claimbuster:21343,claimbuster,31dfdcfd91cf054d9d464b7dcddca28be41d31936bdc04c7c5622c4e48a3b1a5,0,0.04244105590470419,0,0.0057489006,0.9575589440952958
claimbuster:1297,claimbuster,53dc4eb070a4196f3dd7647e87950e09e429efb981da9f79cc974b2b80b8fc06,1,0.9779755106724376,1,0.99811614,0.9779755106724376
claimbuster:3173,claimbuster,0134d609727a8c674ec7768ffa3afd7ecb456e3d861ef5792648edc03dd61a20,1,0.9812714800321714,1,0.99856645,0.9812714800321714
claimbuster:20874,claimbuster,97a2e9b4798b7075e68041d7881fea6f2dc51c970f76c6f44d783f9aa75b8fc0,0,0.9536258889195044,1,0.99330467,0.9536258889195044
claimbuster:17355,claimbuster,931911f48b2054d2fc8deed97eab3a521efaf0a412f82da2bc1214655d99800a,1,0.9776677823039995,1,0.9980715,0.9776677823039995
averitec:2345,averitec,0d8f4b9d768bea20cada5f0c1cb7d3e82287307d6820f171dacfc0a385f4e920,1,0.9863206885262948,1,0.999154,0.9863206885262948
claimbuster:16263,claimbuster,12e47f873f4c834f8571799762f460ac6d6c17d3370379fa57b0c5a8b10397bc,0,0.03774854486941063,0,0.004703131,0.9622514551305894
averitec:972,averitec,0283b5b12582765ba064d2cf8db02b8f8155a49cba9f2d27866e5c07327dbef7,1,0.9817058275331811,1,0.99862194,0.9817058275331811
DE1999_G4_1:280,policlaim,fb010660011d4920b0b8c5f94daf2654cdeef9964e9fe83886bd9b257f41c7ab,1,0.9798674827795181,1,0.9983809,0.9798674827795181
claimbuster:7804,claimbuster,7114a3c34e64a8611286e292015791a047dfb81a504abb913138292fd3e0e779,0,0.034365929298485316,0,0.004006372,0.9656340707015146
averitec:445,averitec,856540868d5906f0359b17e992c4016a961b67a019c5989778dd317d802a96b5,1,0.9843011807550657,1,0.9989343,0.9843011807550657
claimbuster:18987,claimbuster,62adeff00dbdbf714ea6c2bc78cd365d75f5fca5171f64330e7ed2ae678ec4c3,0,0.07414569129823596,0,0.015146098,0.925854308701764
claimbuster:21560,claimbuster,cae1cd443759ef94a13c22ddbe161e8431a70f8b8d842b9ae4dd405879ae4dc9,0,0.04093695601642189,0,0.0054037576,0.9590630439835781
claimbuster:17701,claimbuster,16bcd1083f51b8a849ae3c5f3d4904199844a6121842b9633cda5f36c564886d,0,0.044993540793629945,0,0.0063559082,0.9550064592063701
claimbuster:33095,claimbuster,154e0234679336a22bcf0d13dfb8aa2bb8bfc703fe43a900f0f894f8ada5945b,0,0.03445451746006541,0,0.004024003,0.9655454825399346
claimbuster:7765,claimbuster,f1cc353e23121c277916b0c7799940a4f65c5241ca14289cd82ed6ec48f2cce0,1,0.9831894910694823,1,0.99880457,0.9831894910694823
claimbuster:23929,claimbuster,1e1122f1dd261aab31126b5813d6742cb7b65fc5bd5d89297d39aa348104a29e,0,0.07775210295471639,0,0.01646749,0.9222478970452836
DE1999_G4_1:150,policlaim,c586b1ede271e3cd50981f1c6993df31977549230debcf721099719d8a65d066,0,0.5744534794187779,1,0.6215532,0.5744534794187779
claimbuster:18838,claimbuster,c435fde05415e2266c2cbea3f0a8ccaa1ec413de74bcf56f310c7e065bc75f6b,0,0.08743524056639669,0,0.020268222,0.9125647594336033
claimbuster:16926,claimbuster,f3047b4874ae5f12bd8210142ac76a9ff148428d9e9214d36ee9c13da18e68eb,0,0.08534908868663976,0,0.019418264,0.9146509113133603
claimbuster:15975,claimbuster,3fcdedebd2926b5e33c3d6709105cca4bb6bd826fe7902fefea34c342836aa47,0,0.3035218999666119,0,0.20206644,0.6964781000333882
averitec:200,averitec,66689cd85203f215bc6130f44294f5d81ad6e3fca971b1c6c1f088886d2c0b53,1,0.9846479379859757,1,0.9989735,0.9846479379859757
claimbuster:8587,claimbuster,1cb3a68792219f7d93762a0fbfb25264a2901aabb64fc32934b06ffdb222a771,1,0.9045437976498677,1,0.9763046,0.9045437976498677
averitec:2967,averitec,b6df23d600c05e13d9fff7fa9a9ea2d8cb149ca71555ec155445dbaf33ebc442,1,0.9847023850305295,1,0.9989796,0.9847023850305295
claimbuster:6468,claimbuster,8b11ad910de011d461dcfe2c968b568f69922aba4619e8e166c57f39f6f82636,0,0.9743811616610065,1,0.9975677,0.9743811616610065
claimbuster:11707,claimbuster,45739ee14908a9cae8b2662d908e2ed471fbf4bf0a06946a3413167a20445e9d,0,0.05843654329668186,0,0.009988605,0.9415634567033181
averitec:2181,averitec,afe8f79fccaad86f063103aca7dffece31044b952632d3e9f967324e0f81332f,1,0.9864161916647809,1,0.99916387,0.9864161916647809
CT2014_G4_1:64,policlaim,91eeffd8c730c7e109e6203bd326000d13ccc5c02319f32c71a521242f34fcc0,1,0.12910674890431512,0,0.040837027,0.8708932510956848
claimbuster:21985,claimbuster,3ea886cd57d84aac1858c2ff479868816d7a6772be9d65aea6b88dbd9d0e34ec,0,0.0366355961402586,0,0.004468563,0.9633644038597414
averitec:664,averitec,62c0b55cc3a92f20193a5ba2aa3afe7891b6c07ce0a41dfe1ecf0f494f1072d9,1,0.9848674369121168,1,0.998998,0.9848674369121168
averitec:2636,averitec,ee44e2887dcb9afbd8f895e5962cd6ebc94150d4fbfd5774483983ec27701d20,1,0.9857656412893565,1,0.9990957,0.9857656412893565
claimbuster:33669,claimbuster,82ff4a358089e7ff1e3693a7b43f020df5f9f4d779f7ee2800e640635ce487cd,1,0.9846393814299025,1,0.99897254,0.9846393814299025
averitec:1852,averitec,b6d799efa55937baa049d76b61ef0bde53edd786863b6150c891bb2b870d2412,1,0.9833611250185279,1,0.998825,0.9833611250185279
claimbuster:22012,claimbuster,028b73c1d3cde26b102ca492e2170788371c5fe7dc0a9b3b652c1c0d50912f7e,0,0.6089800601601548,1,0.6753706,0.6089800601601548
claimbuster:11080,claimbuster,44698f008f03772387aaa5a714768100f7585443876f99cb232cb2487e9a68b5,0,0.03954683770536216,0,0.0050930916,0.9604531622946378
claimbuster:7991,claimbuster,20894accd043d48b1803b9878004292336ee601cccd364ce4f3398c5f6b53cf0,1,0.9845447659341724,1,0.9989619,0.9845447659341724
claimbuster:19718,claimbuster,2d3ed3042389d5c21568227b6d4c29d78fdde2a0e4e07c5fb628bd9c9efbb459,0,0.9704412351119523,1,0.99689996,0.9704412351119523
KY2018_G4_1:260,policlaim,ff77cf0dfe93b13036834671738951ea7cca5ac39fc5398b0ccf79bad34f9d51,1,0.9843547904630972,1,0.9989404,0.9843547904630972
DE1999_G4_1:303,policlaim,534a201ebaec849a52ba283b34499a63af64725c34398bf2ab587cc298ec1720,1,0.21965677847541035,0,0.10946859,0.7803432215245897
averitec:425,averitec,c2899d075397478409ea0997a61f4181882ecae1d13a3c1568b23034f282d971,1,0.9856581916119262,1,0.99908423,0.9856581916119262
claimbuster:20054,claimbuster,0354dce580c611189e7e74589aa4206e113d010113b1b9d502571c40104f0fdc,1,0.8475174373320562,1,0.94460666,0.8475174373320562
DE1999_G4_1:268,policlaim,98f2690fa81963edf3015c1bca4a61925756ad0fbcd962be510cc10ae74c9d14,1,0.06540361773433905,0,0.012155562,0.934596382265661
claimbuster:15634,claimbuster,752453ddef5cc74fc738eed0d1b0c693adb32cb8437979669777e0a4c8048c8a,0,0.034146038518769975,0,0.003962753,0.96585396148123
US2016_G4_1:169,policlaim,8c480709ea87705ad302f1d443264137b97ec11bbea0aba0ba18a76951fef5dd,0,0.030330052045917457,0,0.0032387406,0.9696699479540826
claimbuster:22990,claimbuster,033d1ad5f5ef9acb4b1dbc6bbd8db25a96ea9f9e4e7914fb262f8ec65d33826b,0,0.1868237975066753,0,0.08076152,0.8131762024933247
claimbuster:478,claimbuster,6dc02aa38df4c5cfdd4533019fedc123e02d3651cf2af4e6c1924a6ee4de5a3a,0,0.035385090100178665,0,0.0042112186,0.9646149098998213
claimbuster:16619,claimbuster,9967362927cd9728005455314f7c7e29f4c08d5e0ed5a7736bc0176004d7077a,1,0.9838991887803666,1,0.9988881,0.9838991887803666
DE1999_G4_1:184,policlaim,15778ead1208a9c3cbef9923ac357c75e24b1f021fcd3128b77da4c54014a520,1,0.07667577346507859,0,0.016067768,0.9233242265349214
averitec:3041,averitec,8ad32beca4d8a595e98517091c3b382f136cd0cb32ca5862085b38c1e000ca0e,1,0.9829971305239354,1,0.9987815,0.9829971305239354
claimbuster:7215,claimbuster,7b1f4ddfd72c4b30e47524b9bf890bf6afb04e29f68dc360598c6d1a537f9eb4,1,0.9851313150504757,1,0.99902713,0.9851313150504757
CT2014_G4_1:65,policlaim,ce3603d0c84183eff612cd085e059fca6393cbc8d6a52264e3d2c7e2304ed1c4,1,0.9734726582679936,1,0.99741983,0.9734726582679936
claimbuster:1781,claimbuster,bf42ce4d173c5eb6a23423ffb0d9d4a75ed071baec0f1a5f3853a5119af49567,1,0.6267655737379328,1,0.70206606,0.6267655737379328
claimbuster:14718,claimbuster,176ca005778aa017eea35fcd5e743fc6ce88bf9cd671c1084964f8d0e83f9d81,0,0.03698977130039405,0,0.004542646,0.963010228699606
claimbuster:17804,claimbuster,576f5c7f4aa191cb1f35a9ecab7fab09ac07a06b8da5fce14d1eca81389485b2,0,0.06267434598566814,0,0.011283743,0.9373256540143319
CT2014_G4_1:19,policlaim,8986f246d60de5af8276511f24712571f844d823a89b75bc0f941d90daab272e,0,0.151994516399184,0,0.055067062,0.848005483600816
claimbuster:24508,claimbuster,bcd08ae2427d4f031745d9a5eef92d5ec6040b7a2343692c433361245a88f38e,0,0.04435982554511016,0,0.006202712,0.9556401744548898
DE1999_G4_1:249,policlaim,cc7c778d8359c319b96264fd9933657e905c9ad69cd7539ca795e987466dbd27,0,0.11498033570940212,0,0.033095833,0.8850196642905979
US2016_G4_1:57,policlaim,79ac7b195210563db621aca889ad9c1284fbea07477ae9f21a5eefbb44c8e683,0,0.9739556364870403,1,0.9974989,0.9739556364870403
claimbuster:23228,claimbuster,ecc99a0092d942581b6c314bc965d5062978af7d70b9f81cd8ceb87b8a2831de,1,0.974687771046648,1,0.99761677,0.974687771046648
IN2011_G4_1:39,policlaim,7064a64d0194468597108dabcc33374fc395a85673993316eea3ae7866a52998,1,0.9819772295232564,1,0.99865615,0.9819772295232564
claimbuster:3030,claimbuster,37f30a64faf20a3e424c374adf03802a00da92da3471a9c7b896033cfad362b5,0,0.9802781907904938,1,0.99843615,0.9802781907904938
averitec:234,averitec,14d06e1d935742a840760b2c2ee6226df0993d1608f040c20abfd055eea91537,1,0.984963088116023,1,0.9990086,0.984963088116023
CT2014_G4_1:68,policlaim,d24dd7d53fce144d2c9d60536c300aebe06e5e36f7618f8c88dad06fdce28540,1,0.9401105361459215,1,0.9895754,0.9401105361459215
KY2018_G4_1:449,policlaim,e52a8dc1c0d4b39e9ac7a9180d59d210452b1624846630ddb8e19b45d58c21b3,0,0.045961208593137806,0,0.0065930006,0.9540387914068622
averitec:3017,averitec,fe7ddd8928aa88db51091d411102ce98d433b3dcd2cfbddf9332209cb13908ac,1,0.9846087474631725,1,0.9989691,0.9846087474631725
claimbuster:7503,claimbuster,434edfb599c2ccd0f66f2f88e670e0ab35f906cb731e6a3ae6c418b9c4e2d6f2,0,0.22093681085628444,0,0.11067567,0.7790631891437155
averitec:2074,averitec,b6142d3a3991aaeaf75b38d4a2de50dd5fb842a56a7675280cee831048d96f9a,1,0.9861792933694729,1,0.9991393,0.9861792933694729
claimbuster:28412,claimbuster,8fb4f24feb12c801f9079de7a78ce8b264fbc5bb0dd846a16a1a819de1387461,1,0.16002781623252416,0,0.06055947,0.8399721837674758
claimbuster:25523,claimbuster,a3b231ea292f227f3889166aead934507dcc64d7c46e608ee73dbf1e804880fb,1,0.9777775259852446,1,0.99808747,0.9777775259852446
claimbuster:1581,claimbuster,422dd9b62602f0f3674bbfdd515af3f43be381784af310ddffefb11c642082fd,1,0.9718029877976019,1,0.9971385,0.9718029877976019
claimbuster:5948,claimbuster,63d67e55c212767aef5e076f67a74c9db799e182347f5694ca50453c7c02ce31,0,0.07075530139010236,0,0.013950528,0.9292446986098977
claimbuster:1844,claimbuster,d37d95c37acdc8433c4cfa83694aad9d76b361ceeb4669b6fb9c2e305d332ace,1,0.9852571835425572,1,0.9990409,0.9852571835425572
claimbuster:15417,claimbuster,4b4c295eff47509eddb17b746911bdcf926bbf4389d39778c73108068cca9e14,0,0.0529682494624432,0,0.008423183,0.9470317505375568
claimbuster:13706,claimbuster,669a5714d406ef0653b7b9a358ecaeb62de694c6d2cf11ce89ab8048393b8a49,1,0.16457213102853172,0,0.06378147,0.8354278689714683
claimbuster:6795,claimbuster,ff07333aec90f3f37b1b77053f8cc03dda9ebe906dcfa0f08cdfe9956137bf2c,0,0.059915811582834634,0,0.010432584,0.9400841884171653
averitec:2902,averitec,f65d765672e5f3ca6547c4ec3cd1fdbfc71ea0078796aa4c45ab681e4dcfdd29,1,0.9853294555000703,1,0.99904877,0.9853294555000703
claimbuster:6847,claimbuster,340346c259c976b1dca8e6d393905f1072aee26ca49167655901cce725997496,0,0.3309892620211761,0,0.23800603,0.6690107379788239
claimbuster:29943,claimbuster,101aaa0da901906adc47be821d5bfd591ce6ebc0b76156f1df2b2ef48aa4c257,0,0.04407009344990936,0,0.0061332188,0.9559299065500907
claimbuster:294,claimbuster,179288a5057783e3544eaee8ae4d4898a62cd8c2a7fcb84c2c914198208d55f2,0,0.03907342916567542,0,0.0049891253,0.9609265708343245
US2016_G4_1:260,policlaim,8de54fcea138dfb07361acb82ea4ac9b41f37468bd559b2faa9687428e20fc0f,0,0.11947523856743664,0,0.035473168,0.8805247614325633
claimbuster:7079,claimbuster,88cf3a1f6a5ace66a82de73b9fb8ac86c488ff5c9a6d0c41d987f5527b9d1cb0,0,0.05727779202577126,0,0.009646911,0.9427222079742288
claimbuster:11294,claimbuster,967b93dab4fd6a221ca3759ea73de7c2e5528c3ea795f8fc0b981f228cccbf05,0,0.04673311741616804,0,0.0067848666,0.953266882583832
averitec:2823,averitec,f6213741a62b1416d83dde080c9da8cae13d41e00d80af25174babb8bf6aad96,1,0.9854481759548414,1,0.99906164,0.9854481759548414
claimbuster:33178,claimbuster,6253de5460dda514321c05af386af60412ccc3ad607f1219f71f08b03f1ff6bf,0,0.04227912016747386,0,0.0057112933,0.9577208798325262
CT2014_G4_1:162,policlaim,25ec47798d8ea21babea113ea0ab9c460f4bbbb5f57bd6ad41054690b49b614a,1,0.9564181091140349,1,0.9939831,0.9564181091140349
claimbuster:1049,claimbuster,9248d64549a97adc33cb1b29346d30b0d33cdaaddd15bc57be0c70c9d88d5192,1,0.6872598806605356,1,0.7861586,0.6872598806605356
claimbuster:208,claimbuster,13c7d2d3b35ea3639b319e2ef444f96b8b1d4d753ba5aaff6b297815835446da,0,0.041910809749972175,0,0.0056261607,0.9580891902500278
averitec:1994,averitec,5f28af5d52e88ed79737ec0a82db92e1cc3f3ef05928a72cf8a2fc4df1d3d978,1,0.9860478356364443,1,0.99912554,0.9860478356364443
averitec:416,averitec,93f4a436057aa0bbe29282460bfd9118ebec3f120c65b3e444339ec452faf1e3,1,0.9861942512914625,1,0.99914086,0.9861942512914625
claimbuster:2576,claimbuster,c51816fba9f14cb3dd54cef4692c08430ccc84dc58a76a4ff17a41fc174013e6,0,0.10959304838591014,0,0.030351803,0.8904069516140899
claimbuster:4298,claimbuster,a343dd78c9cd4e3259c35756b7a53d450ea05878c3722e062ad8727008bf3714,0,0.03657086766818429,0,0.0044550807,0.9634291323318157
claimbuster:19405,claimbuster,08a877b2816d95140fcc7ae278299561b4b719fb3bfd8dc16f58fe1a00acbe23,1,0.9859979983688784,1,0.9991203,0.9859979983688784
claimbuster:3639,claimbuster,010791497b78321b3585c46251dac679bab2e3dc3c00b352436de20761445dc6,1,0.9294537241477964,1,0.9861217,0.9294537241477964
averitec:342,averitec,5dc131b2ef64a4f1de7fe2acd7b4d76ffb7debb0de5375824e5e9929b8455b42,1,0.9730735121264763,1,0.9973537,0.9730735121264763
averitec:2828,averitec,4dac7fac636edf9e7139ee5f3bcda51e35aa9784ca269c3e5f03b7d7b0e1a02c,1,0.9864494888929982,1,0.9991673,0.9864494888929982
claimbuster:6785,claimbuster,2e2a77ea5ae34382eb757847c4b3fb5c580e97aa451a59d835127375122d22bc,0,0.040133009602088675,0,0.005223113,0.9598669903979113
claimbuster:19547,claimbuster,9ce80b66e6ee00383699f59f72d108dce4141a8d399843c522e559d7b73537f8,1,0.8271272392804321,1,0.93011826,0.8271272392804321
IN2011_G4_1:112,policlaim,4eb247c6df2d51b37148bb8b2c5fd2d72dba50a8c27839c73adfd778e8d5e5cc,1,0.9808038978160057,1,0.9985057,0.9808038978160057
averitec:147,averitec,da87610f4886bd98089966f1021e909c85b909df7d895c8745ebafa128902558,1,0.9846203192924945,1,0.9989704,0.9846203192924945
KY2018_G4_1:360,policlaim,5982b0da0cbf2c00acf68097da4d5aefa1d28ea8f5300947f3cfbc0e35831b09,1,0.9428967698346276,1,0.9904041,0.9428967698346276
US2016_G4_1:108,policlaim,cf7a0b770c87ee24963a48a372e8443c2868dcd5fc392abe64c4f52dba0c263d,0,0.14321971674286665,0,0.04936382,0.8567802832571334
claimbuster:11683,claimbuster,2bcc9cea0f67a75de1ec5afe46a0a12dba3c2c5d88d44cf46cc48d049cbd436b,0,0.03672844375735972,0,0.004487933,0.9632715562426403
DE1999_G4_1:175,policlaim,5558b6ad889a43e67b7e0c128e29fc9b2687f480b7abd66586749bd70b52d0a3,0,0.13740670214003756,0,0.0457554,0.8625932978599624
averitec:1654,averitec,58f9cd202ed1e5cc4433e9417b55edc98d85a6323c3297ed1f211f6a9c1cc67a,1,0.984150696619785,1,0.9989171,0.984150696619785
claimbuster:7465,claimbuster,de33d029a519a478efa902e11f6b38a20f59516097ab65b28d0c05653f501e62,0,0.5203863841578367,1,0.533678,0.5203863841578367
US2016_G4_1:166,policlaim,8ada87e0c29eb16b7823e428595bcaa99693a79929a2ceaf117fbfe550f13254,1,0.9834769116252227,1,0.9988387,0.9834769116252227
claimbuster:12976,claimbuster,ec251caecac9030558eaef43a55cf9b3f6916bdf10595546b0f8ecf68902a4e3,0,0.03501952749002528,0,0.004137236,0.9649804725099748
claimbuster:7931,claimbuster,5dafd921ebad920c73085b01493cf028fe38a1a17ad809688dc457ff96ef6a73,0,0.04426196343338663,0,0.006179201,0.9557380365666134
averitec:875,averitec,712f507cd97119e42ac166138fb53cad8397897783e3a9d5b2c7d7b644d1c908,1,0.9829357483552716,1,0.9987741,0.9829357483552716
KY2018_G4_1:400,policlaim,bd481707c3ad50dc9daad1604867cb74cf56d57bd9acd9a094d7942ff8a81130,0,0.041980514897614174,0,0.0056422297,0.9580194851023858
KY2018_G4_1:50,policlaim,e78b22d3536b823f1ae27d21be0c15065e91974128d1dbd612e320805bc2a716,0,0.07873025042825493,0,0.016834699,0.921269749571745
claimbuster:12913,claimbuster,c4fa9bd581206439056f485f075517a3918e832068f1274f16a5fd34431d3ee4,0,0.05570412776897517,0,0.009191445,0.9442958722310248
averitec:139,averitec,a12b2a60f9dff98aff552354ab2a690776cc66f47ee2832ed16547fda5acf8aa,1,0.9776780738499621,1,0.998073,0.9776780738499621
averitec:2944,averitec,6ab5b670e7dda8a7d666efff5bbdec5b4116b4fae43cdd64f45695bb31808d6b,1,0.9844553215716783,1,0.9989518,0.9844553215716783
claimbuster:1171,claimbuster,8b66c61be5ace1d6a0304ee2ed4ae762b5fad746fc540f14076d181cdd044aa6,0,0.06605140275874714,0,0.012366814,0.9339485972412529
claimbuster:6194,claimbuster,2087d8020035d6807c4b9a0b19a58d448c179a05037ebc3bcc07f51c6516dbf7,0,0.03848539825469506,0,0.0048612864,0.9615146017453049
averitec:1209,averitec,02cae263c854f00475a3a8617516cc0c7b77f7b152b5011f8de859203765aaff,1,0.9858248973205105,1,0.999102,0.9858248973205105
claimbuster:33964,claimbuster,da126e3bf805f59bb33bfdd33a7a0b4bd13a64c6616ff8da86eb3b2ef8e22d8d,0,0.07492681613112714,0,0.015427963,0.9250731838688728
claimbuster:262,claimbuster,80b332f1781d82e32ed201a6ad08beb422cc35a85662c79e315b7a3224e9ea89,0,0.03285265106433391,0,0.0037103575,0.9671473489356661
claimbuster:19496,claimbuster,c6339a4fbe0910be3a92a9167e7c6218fee6eeb911c1e3cc5b3792c0316ae2b9,0,0.0609227620049734,0,0.010739782,0.9390772379950266
averitec:1746,averitec,e0342d36bb61fecfe12f48bb52873a25e8992cbc8509a3353073b38ecd1416ce,1,0.9855581740048376,1,0.9990735,0.9855581740048376
claimbuster:19526,claimbuster,4482a2479d7b0e9a56eb42d8576e27569ddb89f5fd6c42817dae02338da7f7b3,1,0.7436587945904334,1,0.85335684,0.7436587945904334
claimbuster:3561,claimbuster,db8fdb618f7498ea9e1a069cafed7c23b3d78a9a355822883c9d9da33dc682ba,0,0.1398232387490555,0,0.047239054,0.8601767612509446
IN2011_G4_1:151,policlaim,3dab03c2b20f3b17f9cdc86a13813b61c3490a613d8b8bc10ddcb8f9cf79edfa,1,0.9803557972562125,1,0.9984465,0.9803557972562125
averitec:1290,averitec,bbcefda86af373d81764ecf84b8d813b509e63dc0b0e50b1a4460a0207dce2b0,1,0.9865244434104032,1,0.999175,0.9865244434104032
claimbuster:5897,claimbuster,b13ff401c5963b3f6a79ce58c09e54c7d8fefd1c5c78c3faeb8c8785563fa40c,0,0.04920333036129227,0,0.0074151335,0.9507966696387077
averitec:1547,averitec,5452c8abb6a1aa82086ab6c96bb573894c1e1b477330f84701195b4c4042897f,1,0.9857656412893565,1,0.9990957,0.9857656412893565
averitec:705,averitec,1ca888a7e5419561cc4108d6e88558182fc268952b1b5c547d7e91702454f670,1,0.9855693358282388,1,0.9990747,0.9855693358282388
claimbuster:1548,claimbuster,22e556be123852bbd31ecb31d34b918fc7af768cfbdd7ac979acd355ba86e709,0,0.05058802906016238,0,0.0077792406,0.9494119709398376
claimbuster:2761,claimbuster,339fd6c416a2e5b9ba09253cff4094937ee8530aacc4dbe4af549ac5c7345231,0,0.0574245188919479,0,0.009689882,0.9425754811080521
claimbuster:29469,claimbuster,61d2b551fccfa8eb553bd703ffb0a0f40a47a98e05484d0dd8f83abf87af15a4,0,0.06253794436120443,0,0.011240946,0.9374620556387956
DE1999_G4_1:39,policlaim,efe15fb3fd6c62fc55a5e07b623612bf650ff7af6c6722e5408cbed767ee3780,1,0.9851967622439083,1,0.9990343,0.9851967622439083
claimbuster:11324,claimbuster,3e04eeb9e161d8b9b0f5780036d8b04f2449e0548a0c9fa0ab535a4f8047dc0d,0,0.08032016190200553,0,0.017439594,0.9196798380979945
CT2014_G4_1:204,policlaim,2e729a8b5124f44a62ae8631812a5db7429102f9f5c3218f2fcce688b34d22f2,0,0.040364282521509094,0,0.005274805,0.9596357174784909
US2016_G4_1:131,policlaim,f2ed9cd62e7ecb87fb67606ea28b2bf9a1b62599038ec413b483807433e2e997,0,0.06349308495906228,0,0.011542178,0.9365069150409377
claimbuster:13480,claimbuster,9f00b7d862531505b85d277e432f3bb5db278aa1ff72262ba4fde3238ba03e6d,0,0.04360780957491292,0,0.0060230508,0.956392190425087
claimbuster:8863,claimbuster,47923e593b31ce7d8efc99a132aeb8d93c51cb3ea7dfe1fb7b19fa72cdeadb83,1,0.9697071013105713,1,0.996768,0.9697071013105713
claimbuster:24609,claimbuster,ada33ef6a47f692f685e741d891a2f6838761a6ccdbdf1210473c7c5c75e05a4,0,0.06642527480345413,0,0.012489494,0.9335747251965458
IN2011_G4_1:195,policlaim,91a144389834638345da5c62d4bf456919bbb82711c57f85af34364d3dd5c67f,0,0.07079463259521927,0,0.013964138,0.9292053674047808
averitec:1563,averitec,389f9d57e8afa673a4a59e7645097be77adca3206e37648cabc9a20d72c01e97,1,0.9845261391478848,1,0.9989598,0.9845261391478848
claimbuster:3111,claimbuster,f2fdfed281269c1b81d6b8b9a3077c966a616a07078d9257356ea19af3aafc94,0,0.35283281693590285,0,0.2683374,0.6471671830640972
claimbuster:29374,claimbuster,9ab19ce0c537c5a066215e2b6ed4eebda40af560e066f07f8ddcd8cfcac43afd,0,0.04768745137426627,0,0.007025427,0.9523125486257338
claimbuster:12390,claimbuster,0c6879c42eeeab8fad1c068d7dcb97ebc5293d35b6ddee2be5328726174e0860,0,0.032887007794039164,0,0.0037169696,0.9671129922059608
claimbuster:27770,claimbuster,d15315ab3e5469d5bb1a27597cb1afde7d50e36486ead92fa069f1ac57fdbc41,1,0.8763839093394077,1,0.9622659,0.8763839093394077
averitec:2788,averitec,24288b7c7adbce1740806ea2051260646b93b7678043dedc0ede3da1acc7c946,1,0.9851474529602922,1,0.9990289,0.9851474529602922
averitec:2693,averitec,0a85d4d1b709923103e1ca3c4136f6fca6860006781e91f7d65b339d90b3a56d,1,0.9848278551538256,1,0.9989936,0.9848278551538256
DE1999_G4_1:112,policlaim,f9ede0f9e48203412f13cf02ae93d5cee2a2264f82b1ccc4c477f35004b842f4,1,0.9832106796018992,1,0.9988071,0.9832106796018992
averitec:2675,averitec,4394f860743a6a918d1e1ffda1190071119d275cbf357d2fae132ddbe1252c29,1,0.9850618867302818,1,0.9990195,0.9850618867302818
DE1999_G4_1:94,policlaim,d876fd1b46330cb4a03669d12ed40b07cb375d845a2eadab3eb9aa2f52bbb766,1,0.6392020851359962,1,0.7202461,0.6392020851359962
claimbuster:3070,claimbuster,4ae58a65c40b1486ca44b11c49b891d71d53f02a1d87d7ad905cd127168070ce,0,0.07976683651624364,0,0.01722795,0.9202331634837564
claimbuster:27122,claimbuster,aa477cc742f8970bafc94cc85cc2f49fbab79bbf9722fdc3240f25372731bd79,1,0.13722640474587086,0,0.04564564,0.8627735952541291
averitec:1395,averitec,460b7c653268840baeacf8f61f28dbeb1eed89f9b451d1927e561301df7e3fe0,1,0.9859325585840507,1,0.9991134,0.9859325585840507
claimbuster:12246,claimbuster,85fbed34a18bf7c8c85d395a8700cd8b95a52740d5704474d3020d8447b3b043,1,0.9827053597093386,1,0.99874616,0.9827053597093386
averitec:638,averitec,2a5fbb3a0376155deeb97cb1c1807a8db2fadc7e56a447e789eefcf8814dade2,1,0.9711854378748009,1,0.99703133,0.9711854378748009
claimbuster:13904,claimbuster,83f534bcf49a8ed3eff83fb38f601984d215322a983fff704510cab986fd3be9,0,0.23748182845642263,0,0.12686674,0.7625181715435774
averitec:869,averitec,4db1d99ed59ac2142f18fd8d62cd8ee1d27d6c214dab8e4615a9f414905a0d9a,1,0.9822808719621925,1,0.998694,0.9822808719621925
averitec:1572,averitec,5f6da05a72b1447ed8e1f15c7abc7545fbd977830e0f0201e757dc3ee2c7380b,1,0.9846403617014046,1,0.99897265,0.9846403617014046
claimbuster:13388,claimbuster,020ff83ec26c9710f3a26b739610a799ef30240a52834939bfd5a93d0ac34c62,0,0.03921051457955375,0,0.005019135,0.9607894854204463
claimbuster:16786,claimbuster,626ca0a889f18cd8c483eda7f67b35946a79e3fef7d74ae7064516e3a96fae61,1,0.9636055217129832,1,0.99558157,0.9636055217129832
claimbuster:3341,claimbuster,67b3229d598471f65098314d9a8c2f320b6ba37219a853be623e3563c86e9413,1,0.8519204881617151,1,0.94751567,0.8519204881617151
KY2018_G4_1:349,policlaim,af872e7e1fd95c5a8949b69df2452176f3b594230ecf1cf6aef7696bb0179f6d,0,0.15660607955438208,0,0.05818828,0.8433939204456179
claimbuster:24130,claimbuster,cad906dc3f9c6a550f4bdc2cd9c6545f8bc8597d6e7f8206a6a85cf73566eefa,0,0.30903645953031367,0,0.20907491,0.6909635404696863
claimbuster:23171,claimbuster,c77bb06e6a1114c3c4682ff10e2dc6600830125d62162595119b60f4727614a1,0,0.031090365867456435,0,0.003377996,0.9689096341325436
averitec:344,averitec,b5ea7cb590d6763313484d4e25e7e28549a5ce13be66f5a0ddcd6f72eaa14ba7,1,0.9790510134821071,1,0.9982687,0.9790510134821071
IN2001_G4_1:56,policlaim,15d721604a00f82ce2d72b40eacd14fc8700f3f26cf2428caf8691f63bb4816f,1,0.9761450816214473,1,0.9978442,0.9761450816214473
claimbuster:34285,claimbuster,caff9e38597a1b14a40297fec61feb2d0a0015e1e9bc3ec80c4c5f123e441548,0,0.04082016373548552,0,0.0053773485,0.9591798362645145
averitec:657,averitec,eaeae01366105af3ce60309451eae2069e48564b0104e333c49dca8ff55e849d,1,0.9829368253649874,1,0.99877423,0.9829368253649874
claimbuster:5947,claimbuster,8dff0bcbfb5c1516b8c3bcb4977236f27c1280f0e4f6a81078f7375fd7551020,0,0.03927984009261485,0,0.005034341,0.9607201599073851
claimbuster:8585,claimbuster,8fd1d7eb5bc75b2ce51f0f67b8741f90ec4e1584d14882a0be58fcf41c41597d,0,0.1352119739822421,0,0.044428136,0.8647880260177578
claimbuster:3916,claimbuster,891f452c1281abb34854375e0e37b281f12e3f6b433a07729f3c03c82cb27e55,0,0.9634821056267444,1,0.99555594,0.9634821056267444
IN2001_G4_1:18,policlaim,89bf7f9169ede930d351e3391b188dec6748b99c1af9e3c7042794f4a90acaea,1,0.983728167214089,1,0.9988682,0.983728167214089
averitec:1437,averitec,98e187f404441c5d220bd3220b51d3d4ff9ab1d6e9b21debe615c46a5d0a0326,1,0.9843556703698404,1,0.9989405,0.9843556703698404
claimbuster:118,claimbuster,a584117d51d2361664ff6ce480bb2ef92df7f00704c0548e1e12312e3b75ab75,0,0.0673385963128099,0,0.012791508,0.9326614036871901
claimbuster:9730,claimbuster,71ec1060aa3a6676e08248483b082dfd5d7f90e4d0a611bb12de18e2309aa5f2,1,0.9692582191639468,1,0.99668616,0.9692582191639468
claimbuster:22451,claimbuster,06630e751f51cb3f4fc6a606d57df9354ba725030443ba085ad64df0bfce8ad2,0,0.2935417686595986,0,0.18965697,0.7064582313404014
averitec:1026,averitec,fc1bee6de7588b43da208ded2a1ede3fedd561232a33c54ed8ca0a563661ae6e,1,0.9861591752721004,1,0.9991372,0.9861591752721004
claimbuster:17980,claimbuster,d3503bb5f3dc514d7a93a9b404129bdff4ba25c7442005dc17d669172b07a6e9,0,0.15956785481507077,0,0.060237985,0.8404321451849293
claimbuster:3379,claimbuster,9b07b85ddffa4240729d154ba172cae4a221242874126328b11d01c294dee6a3,0,0.03631417921017668,0,0.0044017886,0.9636858207898233
claimbuster:2644,claimbuster,c3212d0a3073eb5e0610f156e86c79174832ba0f5194215fd1da94ded50f9907,1,0.9843759176891079,1,0.9989428,0.9843759176891079
claimbuster:18810,claimbuster,445753d495b8895ba4c552f0c3134deea24627ca701b91d793860cb1c09cbe6b,1,0.7952680689792682,1,0.90411973,0.7952680689792682
claimbuster:17819,claimbuster,93a17e361aa9da97e14bd4b741011de29d8a40bf380ee3d855d44105faa588ce,0,0.978876414099033,1,0.9982443,0.978876414099033
averitec:2332,averitec,c5a7a53b7aa874ec80f81d04eb8577a9fed63c6f0e4276d17862ca73cb89058a,1,0.9858701595220486,1,0.9991068,0.9858701595220486
claimbuster:16041,claimbuster,ec7aac70a9b3e7428d79f7129614be2d0cf02ea4c5484fcc495b77cfdf11f775,0,0.04099217332260326,0,0.005416263,0.9590078266773967
