source_record_id,source,normalized_text_hash,label,claim_probability,prediction
checkthat:1368273275181207552,checkthat,4598bbf2170eb1b0b5d1ab1e5b30b74f449fe93606ceaf6f9d0d7563cbfd1797,1,0.9989887,1
checkthat:1368830691300020225,checkthat,fd93d5be306951ef2070649edd545027f976edbe632cb58c0a69e5b83b93319b,1,0.99902344,1
checkthat:1367771405647933444,checkthat,80efacf95336e351abbeceb5854c53af1dfff6b87e56ab9ce5d83f323b1a5334,1,0.99900913,1
checkthat:1354211785293746177,checkthat,5db48e9bde3570263d312232429814dce3df19ad7e40f2c1a29189468393bdd4,1,0.99881893,1
checkthat:1359553863590678533,checkthat,64d09f7410ea87dbb3d1ee35a33e5f35209cf6da742584bd9ea41748f87ec742,0,0.9989623,1
checkthat:1369198771330904070,checkthat,c86c40c98b4238b2f7bff28cac4db47f5a0a9a47f3a930738afb36ce919c01bc,1,0.9991466,1
checkthat:1369369392052637696,checkthat,0f3c30a1899e148aae4f2a0a4ffdba470e1b15d229cac6ef0ece3feb33f4b4c3,1,0.99908566,1
checkthat:1358119265774280709,checkthat,1b64748e85175519e1285434f977745cb13077bb6bb4744da318059d9b6202bc,1,0.9985359,1
checkthat:1367859250316378121,checkthat,7922a594c875b87b5066e5f781a81e191ac88139cffb9c8f1b922d1b74675be8,1,0.99907637,1
checkthat:1368254297704595456,checkthat,cd0e253e9c0fdbff6649282382f7498ff6daa914dfece88d830db7fe75f47d4d,1,0.998865,1
checkthat:1367265365517041672,checkthat,ce8a42ea4b1136e8377ef4346fdaa8687ffdb11f29b6689b3ff07230d648e11b,0,0.9990596,1
checkthat:1370112440646647812,checkthat,3c055ada91aaba5d20fce2b40f35b87778ad984f8c2861adb7dd3f05d599409a,0,0.99814487,1
checkthat:1370487263558316036,checkthat,6962c7e2e150f2852724b859e2c7ab2d39a9b52fb23f3ae4bba8e9ea0ba1f2d6,1,0.99910283,1
checkthat:1369730776321974275,checkthat,44d1ebc1f1c93e7d74aa43f24cd0345d9714e6c6b83d8f9f176cc179e5a9e0c5,0,0.9980495,1
checkthat:1369877253849411584,checkthat,fb169d3e82f18a59cb0ae4325aaa4b16920777a2073122029696ba5179e66936,1,0.99906605,1
checkthat:1368110912629051394,checkthat,7c4a9a318ea85ad39bca75678feff169c452179dd90a2ce85751255b076513d7,0,0.9961177,1
checkthat:1353016312520450054,checkthat,059d06d1dbdabd65bfd0c09802503e42a5044253fb0595b33fcbeb6c3b08fcfe,0,0.9946331,1
checkthat:1366247263832477701,checkthat,b00dab454832f6551f2603c2fede4a5650264048e3f3d602dc9f3bcd6f10007f,0,0.99780923,1
checkthat:1361400300070920196,checkthat,f25fc41557ba9b7a14f63e9c22e1585a4de32584bfb6dccf58c290c08775a6c0,0,0.99445045,1
checkthat:1370092407920979975,checkthat,6486482db7bd341ca91561c7d6733c414fbccadac99aa111604b5217a583d706,1,0.9861611,1
checkthat:1370097091733823490,checkthat,4faadeeaf9fe665ba682f309250e6f1c76eae54143cb4643f695ee4b65ae1e12,0,0.99832875,1
checkthat:1369993914216632325,checkthat,15ef104679be1ae93640e741bd79687e012d471945f51c2d10f6a5210c6774a6,1,0.99904436,1
checkthat:1366179764017504260,checkthat,ddac0ec1d4e6df4f2fc2b11bd0d4bbc6f5cd3fba4db8fd0e3ef570cb833f69ec,1,0.99883705,1
checkthat:1367882615496335362,checkthat,f8d0e27c3ae472498cacf71346ddd36d03c00d568a5805abf4278082e3142688,1,0.9989361,1
checkthat:1368992496798273541,checkthat,7ae77214053aaf966302d6f8cfc7d42b81b9f36e633a6d46c7c3ab6afd68c4af,1,0.99912757,1
checkthat:1366472330025828355,checkthat,6734a87859473279e8f4e75ff8b4524d79b1e023799d2eca756b3631425ca11a,1,0.9990652,1
checkthat:1366780587734827012,checkthat,6a446a3035b542eb72a5d35deb2b01bd9fd2eea8bbb4b99cfbe10e0bbb7478f0,1,0.99893206,1
checkthat:1367183008537567232,checkthat,2a8c6931da58f5ea76f06ee63de2bc8579cffac2e5c395a00b7ff6fdd823368c,0,0.9989808,1
checkthat:1370499629641515011,checkthat,b5fd1b60076c340907e21d63cceeb4823e9cc416586bbb8e35168826d8de069c,1,0.9985576,1
checkthat:1366953572005462023,checkthat,096f4f97c32b2da04cca6ccee6a8e095cc53d89f7c8d6d9def5cc4f345b40cda,1,0.9991406,1
checkthat:1371084197637545988,checkthat,12736dc2a53fd5c56995066d49d0ec8c541b0871ecd2b5f6985324c6b16f3a7f,0,0.9989686,1
checkthat:1367881765516414979,checkthat,265c1ead111ae4363542d1537c331eb8149c21851eecdb31039fbeada8fa4fbf,0,0.9981109,1
checkthat:1368622542915858434,checkthat,0e510bc6b0de9025bf2c2d2958bd753cb1722f51196184abef3e6ef4bbc902d2,1,0.99912244,1
checkthat:1369880028599644162,checkthat,7da0db829923afb6b9c6f21b4a0c33397f568713132d2e3bf6c6bb41c05adc46,1,0.99903834,1
checkthat:1363534236330917889,checkthat,f7bcd241bc5fa33b803cc7b09c6847870ca4f7655a9f6936908e0f74829c0a0a,1,0.9987997,1
checkthat:1367982412332900352,checkthat,6f8ba2d671c4a16213b680566fc93dca9c49b1863b63125cbb61044050c2723f,1,0.9989881,1
checkthat:1362414673954562052,checkthat,c5eaa3ba2dc274919b1d143a66a710cd4bd4c358c12b0cf9d16cdc6000f0d0e5,0,0.99885356,1
checkthat:1353183744291528704,checkthat,59c2ca71b43daeaeee6514f573c363e67e2c41c1d7dd66b86a8bd5a128d9655f,0,0.99746215,1
checkthat:1354009455378182144,checkthat,9d711e75d9d29dd86927f506a3efe988a378fdd7a3db4d719b35be3288694881,1,0.9990497,1
checkthat:1371029289458565120,checkthat,3a59db47e3f777bc348652534c39ec200feb1700584efc4c08bb44f66bcaad37,0,0.9989692,1
checkthat:1371090721122435076,checkthat,b8e23543fe5e3cfd25bb9593d368a9257bb25792c7cfdf51e32f45d6bf7749a6,0,0.99891484,1
checkthat:1368473792985505801,checkthat,3aa80c8f3fa7e4237f15b23641a4430ddc0a2edc33d412c4235c3afb347a580a,1,0.9982114,1
checkthat:1354817763336810505,checkthat,67cc13772a9b3cf41fa8d6261bf70daa52fcba94442c21bb6585f3daf6896d06,1,0.99878067,1
checkthat:1369819438170726400,checkthat,9b9c81ad8c8b03d6d07e630753874363782fb324610397e34faf8ebbc7e153b3,0,0.9986998,1
checkthat:1368691132180336647,checkthat,0e4286a685b6d4ef8714ed06eb533990f9ea0f9de24f837676362037e70c7626,0,0.99913895,1
checkthat:1368215862675709955,checkthat,c21a4d5bec0175532ad039b3d00f0829b70af250c2c4602d0c56640d49fa329e,0,0.9987097,1
checkthat:1367834808353656832,checkthat,2f71533f17df5920e2fef4aaed3e3c290f50709e66bb70b366f9432ba54e11cb,1,0.9980831,1
checkthat:1357388201388875777,checkthat,e53276edeea0f9fa80a66c8fe84719f02de6205f3ad8a44442373ac80ba50924,1,0.99875677,1
checkthat:1370450657275215873,checkthat,94bc21cccf6475dfdce93cbb0f7fc7554e8aee5411e0e69953d4e1bdffdeb15e,1,0.9990452,1
checkthat:1368072067065606154,checkthat,0ca25eb741a66630c6d10e28138954b622d7e67f05cf3a251d036770bc2adb81,0,0.99782723,1
checkthat:1369363349746688008,checkthat,69397bbb828658cddf466d016b1dd6d6b508c799ebb21fa822e449261db1380a,1,0.9990995,1
checkthat:1369725977899769860,checkthat,59842943caf369e020c7a404b8223949c2976eec1cc44c5775477bfb1236e07d,1,0.9990237,1
checkthat:1367979849479036928,checkthat,ac973122d0e9ef94589206995aa77d2541d66979b14fbafc0cb7b2d821d9e72a,0,0.87019277,1
checkthat:1369641693126029314,checkthat,ca32693c8e3f6fc839f83e6fcd15ed0dd1a51f6cd45e73df6f12772b7aba2b61,0,0.9980178,1
checkthat:1370393398239240192,checkthat,038e2005f142f9189242b0c16bd533ab68e1db2dc9bd1695d8fc14f73a769f88,1,0.9990355,1
checkthat:1369956790360768513,checkthat,efcbe06efabb84c707705418e65bd3930d697418675ae7478139ed5145ae2532,1,0.9991032,1
checkthat:1369718019790954504,checkthat,dcf7e59cf78e2cce34378f0ccdf3bf86597416859e10c6d52dad5f209289f692,1,0.9990727,1
checkthat:1367919128338591744,checkthat,afe6c3a62f4192c336e3bbe8551e08f20eda67c3962cee673a589251b9067acf,1,0.9987179,1
checkthat:1370192639010738180,checkthat,20ac57540f56efea284c27b201080217bc145a706bd9f78c07f85898eb328af0,0,0.9981652,1
checkthat:1367249708729597953,checkthat,9d7cb85c913325fa1fe27933a4a0e0339e0eeda64927ebe30093c884973c5554,1,0.99889827,1
checkthat:1370014713887723520,checkthat,dc3ce6087d3b7f4fd912e8267a65cb31c0872298e97341b34fad2b92db8ecb96,0,0.991954,1
checkthat:1367951821193543687,checkthat,287cdd59df82cb624ec799cd297827ea3a3711880425ebb8933f6feb1bdae073,1,0.99878806,1
checkthat:1367181649348341773,checkthat,75d8e243e6743350a02aaf373777ac9dd32449a8ce83e699d4b72c2977440c3f,1,0.9990471,1
checkthat:1371102396076679170,checkthat,40bc206fdfdfb917754e42d606e3598dee83d24d036f50243db9e3ed79a83ccc,1,0.99897504,1
checkthat:1369293334477471748,checkthat,6d8ec5802ca7ad6d037dcb72ddb8e0ccf5d1b899f069176a80d0d6e4b1e43bb9,1,0.9989641,1
checkthat:1367501020583129092,checkthat,074b42c33f398bcf74e66fc731adb80151354c66673119dc2cf33674cdbe181c,0,0.998863,1
checkthat:1371107611584696322,checkthat,056da2677f711246b1f2f52f024aaedfaf188ca1ad58153991a6a5083a51f140,1,0.99906856,1
checkthat:1370845742550646784,checkthat,2214829a1f77efd418f9243813dbf2839dae8509318efdd88864207050bdbbf8,0,0.9988661,1
checkthat:1370033216107679754,checkthat,3036e527fa66b24968265790e6a25e81e16f5565b9a29fd4430f8e9c60a039fb,0,0.9957333,1
checkthat:1371069095831998464,checkthat,8c6f4f5157d12f49c5a7d062a57db1ffcdd9a1759e7a6df1672f3e25a91484c0,1,0.99896073,1
checkthat:1370004736011874307,checkthat,8e8e3c9fbe50dca827bcac0be62f103e81f42d8deab4741c44c3dacdfb4c1d59,1,0.99900454,1
checkthat:1369997275553017863,checkthat,4c0791d6d7504df260c68e22eb1f019e99ca440533147a9660e920e5900dbc72,0,0.9984654,1
checkthat:1369835335178481668,checkthat,ad223b934ea1c9b9eb9bc615acbe6dc042e710c4a4e045744dcb61b8fb155140,1,0.9990785,1
checkthat:1362435478264373250,checkthat,482b725cf83b3b52e51359dfb5bb6430381b086829c1110fedae0b81731b5991,0,0.9987865,1
checkthat:1368193973228027905,checkthat,db4731d3832d6fb1fe975e49cb6e65def9ea75d9c1dc0074fcaf18a4c02a864a,1,0.9990421,1
checkthat:1370414286204510218,checkthat,659f23e0be4ea9a7ede9dcee674fb37c53ba028b8382b50560e9428fa0e890aa,0,0.99840707,1
checkthat:1369436846783139846,checkthat,328ab135c068bb1b3fc97b32d37cd0f48f4872f2d1dc272afbc5648c29511d21,1,0.9967404,1
checkthat:1368796186249990145,checkthat,e5a52fd366e17e6a98a8fbb7a21d1eb39fb19cb59ae3fc8a748f35a58e392104,0,0.99891746,1
checkthat:1365697985909260290,checkthat,d5cabaf22103e3658e49e85c23bb890f07b5e8a4e2fde19a7ea5f7418f1bc938,0,0.9987274,1
checkthat:1370910301646778373,checkthat,b57e3d519e55bb8326369edec9704afd4b29447c02a14db800e7c5ea8b9be5a1,0,0.9976057,1
checkthat:1369245265434189827,checkthat,fe9e6f4f421d4f207e5816b21c475e7ed68cd95ba09e2f8dc18a09797128a483,1,0.9991135,1
checkthat:1369057853294665729,checkthat,e080cdc5839c0fd4024fe47437a5deb58b3787286bd1761984b85fb4b6e4557c,0,0.9990299,1
checkthat:1366158991408074754,checkthat,5dee039c4b7a2f36592b254433eb28cb954e684a134ade6b4767e380709fb25b,0,0.9987232,1
checkthat:1370091930131038208,checkthat,688843b31625de784ebad192c991f3ed85802022f5085e9ddf283d98ab6aab88,1,0.99902976,1
checkthat:1370078640407519233,checkthat,5b5cebf298e7a7a04042f60db0e09ec6d9aa529c7148f9b9e484688ce82c4ff3,0,0.99833566,1
checkthat:1369992756005855233,checkthat,acf823d6d3ec0d1a43545c66a4feef0ad17cf734272ebdbc62141710c0292598,1,0.99902654,1
checkthat:1369405429986508806,checkthat,5972ded5c896405679e6325a851a40fd07bcacd81099c2d0dc0e705adc9bbc51,1,0.99908936,1
checkthat:1354895789835751426,checkthat,acfc27aa6ded3a8b98e227ab96105c0d146dfbbcf2343e170e5283657ff6c983,0,0.9983699,1
checkthat:1368394337273270272,checkthat,df44e18cc392bee5950fd90497b44b73984a9816ee7f920e9c2cbd8cceee446b,0,0.99853075,1
checkthat:1368319608109797383,checkthat,ed400731e8802c23b31e3c385e5d6b3935fdded3a9e32d88bbdb54b178bdaf68,0,0.99736625,1
checkthat:1367497727177854978,checkthat,2eb06ebc8c339757916e7e50a3c1dc1b75a043bcaef44811a4a44197b57a4ad8,0,0.998329,1
checkthat:1367245903480946699,checkthat,5dc577e2fbb5b085f388b9eb5ee2eb288d076e99a41d54935ac6aeb7bb6fb8c8,1,0.9990287,1
checkthat:1370321441237925892,checkthat,2133bf17efabede0ac2745ab38e39a2deb3e2ce361869e5b00f68e920dfa0515,0,0.99626476,1
checkthat:1369417564712017931,checkthat,3e05bfff8efd8ba9c0e5e6e122578a5daf996afa659f6a389b2cab3b2e989594,1,0.9989322,1
checkthat:1369302178205163522,checkthat,c2fd1e0dd58fa6040c215313712c4551b594236f2fa1a9daa899646d10161dcc,0,0.9964406,1
checkthat:1370903559907184644,checkthat,ea3ef5108486ed7121853edba0ad8645d3c534ef084902f95fc16136dc684cfc,1,0.99907625,1
checkthat:1370558261502431232,checkthat,04497905934b7f5fc5c25d23bfeba4220e25309e695a3d1f5f797963a4dc3248,1,0.9990758,1
checkthat:1369624591660892164,checkthat,8206eb530175c1ab597daf5bec17573a5ea043c8197a71854bd2274dadec8b70,1,0.99862695,1
checkthat:1368468002195259393,checkthat,73b0ff6b934b5fb25b468f08df23b361055cbf451844da0103b646227b1a53df,1,0.99886876,1
checkthat:1366552210511958017,checkthat,3a2e98cbd6e91ffd3f416e1ea749355aab3253f05bbac65c9b591beb96d9aa9a,1,0.9990552,1
checkthat:1370698656366530561,checkthat,2f273549821569741bdf700cc7728d29695ceb501f5d9642946963a4ac18cb8b,1,0.99907756,1
checkthat:1369751161197142019,checkthat,d7a3e393a22de038e348510d621f8bb56979e82f899cf3f8e7ffebb2b4837f25,1,0.9989672,1
checkthat:1369510046434947076,checkthat,c1e75836371ad2684f76d1c7e1d652632c1ff14a6b469cafc226ab1c22eb9041,1,0.9990521,1
checkthat:1370585135079288833,checkthat,d03c022968998b645cd34cbea3ffafefdf1f7c24adf5c635aaa9a0f0bd44c25b,1,0.99906796,1
checkthat:1370136454085640192,checkthat,e62377302338b5e5d88b506bac4d400f6444a6ebd11507831f9d1b753363e19b,1,0.99910045,1
checkthat:1369645485968011271,checkthat,2b5db0007d2092289990e260a5848ed4e3f602849552ce47e381236f8f2881f4,1,0.99911803,1
checkthat:1369450633108086789,checkthat,152e287bf50956ed7e78d314b61cd5dbceeee311fae89b237416fd3247d2af9f,1,0.9989772,1
checkthat:1368449164561022983,checkthat,fa491c1fb1956fc4928fdc09c01c2412bf48519651640531ddc581d5dafcb804,1,0.9991003,1
checkthat:1370331228067495937,checkthat,80a9cb31434f00f39059032e76b6d96a5c1d9a8d2ca2110f3b6dc2e5ef5e19e0,0,0.97240317,1
checkthat:1370025415402614788,checkthat,78ea680c9daaacfa2bc51273eb751fe8c5374d5eeea8a9ed7cf0597881c7a70c,0,0.9928188,1
checkthat:1370001228281880587,checkthat,8ff44f6854484ae6685c9aa7d40f7b498d1987386114b4a9a63dbb71e1d41a32,1,0.9991068,1
checkthat:1369413644883275789,checkthat,d2143d2473ad49c350973a1fa2955f8d0a20f3f4c4e0f7d054c95c0946a0246e,1,0.9990477,1
checkthat:1366430541369774087,checkthat,e318ac2258148f0e5d1b4c0aad1fd6302ca6cd8e28cb6552fb9a195986869771,1,0.999044,1
checkthat:1359660953160269826,checkthat,e31defdf110c78b159715bce4ee7d6960a1305e9ab8bcd7e99e3cb67e00e2b6e,0,0.9984176,1
checkthat:1370011439390416901,checkthat,9b34134cf940009543f2327dfc6a705128441557341700c5dcdec4bec98669ab,1,0.9991301,1
checkthat:1369724396752015366,checkthat,37a97f713dd35a0c631b7f10f5da6e075c863f814ab3298939971228234737ee,1,0.99878985,1
checkthat:1368580426722377729,checkthat,1bd584cff4db9e712ba58ee2d15cdce458beb271d9479668420d321d1e160bf2,1,0.9991406,1
checkthat:1368431197127380997,checkthat,710080c68bd28ca73662824408012077c16dd4126a7bb301a139174303336c46,1,0.9990969,1
checkthat:1366255539039174659,checkthat,abb815d0051600dce68d6c60daea1b55f3141c86b2c5f2b7e5858a7597c10da6,1,0.99844605,1
checkthat:1371030644881551363,checkthat,d5ac51820b1653e6cabe054c7cf778e957bd5204cf88928203776d1f32bbca07,1,0.9989785,1
checkthat:1369919959875338240,checkthat,e107a8fc3beafc9a794c33e91ee779343ec2cc00475e677edeec90feb50545b6,0,0.99879384,1
checkthat:1369628904621826053,checkthat,2f6298a25844f0c1953685bfa0fa2c7894dc00f584c40c8d93842b833949515e,1,0.99901927,1
checkthat:1369515486204096514,checkthat,f2040f24d2e86503ad3e344405d86ae72dec3a402f8c5566eab79c961989f30f,1,0.99815637,1
checkthat:1369110978764308484,checkthat,cee00f442685ae7531c07dfa170db2cd3266f7eef6954ebb3cf18bcb25413451,0,0.9980165,1
checkthat:1368376838649749518,checkthat,0b7ac5a87c8cfda8da155f147af2e4ffff188c79d56a63220cae25b4c0a1073f,1,0.9988933,1
checkthat:1368154540982165505,checkthat,902d21b75b15b936416cd4e98d639ad62995bdfbc525754428e64d377fcbaf9f,1,0.99896073,1
checkthat:1367616029929574400,checkthat,8a29c85c357752cdc35646d15b78c0a636ddb099f872a32f0ea8c9c0191b595d,0,0.9988231,1
checkthat:1366847032703528962,checkthat,c8bf727c9d7a7ba0d43e942df112540be36e2315796b69a73dc3cc642aede6e5,1,0.99867463,1
checkthat:1358360838076321792,checkthat,76901b432cb4fd51328deb8355559a548848c9c85ee2928ed77feaa31d67ca07,0,0.99852896,1
checkthat:1371025907855597570,checkthat,5d11d2784c20bb50bd46da34c160018d9f1d0174e8f6931caab30d2221fef46d,0,0.865442,1
checkthat:1370375699677208578,checkthat,302dc6f02d9ace85dff973e8c14bd64ab20c2a0a8adb916011decedb0f1b9343,0,0.9989312,1
checkthat:1370163708593238016,checkthat,e5f715c3912e4007098bfe13e5b95e90dd06c367514dba4e4369360994e2e438,0,0.99905103,1
checkthat:1369697110052995082,checkthat,9b9c9a9706d785332835fe437167201434065727f0dc5e93b60ea917fa86fd21,1,0.9986234,1
checkthat:1368205967968636929,checkthat,b5a90aee130b2c72bb02e2e763a72e0910eb28a6c9272f4b19ec57468ee7bd12,1,0.99909437,1
checkthat:1368924698197848064,checkthat,dcf5d840df6e8cd5ce38a7ab8fd8b248486086a6d6c7f5e5ce5bfc394fb008af,1,0.99914646,1
checkthat:1368780169498955781,checkthat,eac0757ae179e3d8ee4699b534414de89136f1aeeed11e309b19eab9c1c31211,1,0.99908805,1
checkthat:1367507240173916165,checkthat,dffe0771c4562baf64451b0c79597f89dc025123fdf41529dc12ae528dcbdba8,0,0.9985134,1
checkthat:1370858476478550024,checkthat,7f03e2e8dd476dcccee55f08116e2b4a9dfc372f2fcc47838fc47e09083e554f,0,0.9984357,1
checkthat:1370830810480316418,checkthat,f4697d1c3d1c327ccbe59cdbf74ded6ba7c54b9daaf3c42d566683a999ee2913,0,0.9988906,1
checkthat:1370722400946503680,checkthat,3e4e456057c3192ee2d4678bb48186b7672cce6b44669ee8802f3d82fa1eaf7f,0,0.9982393,1
checkthat:1370539228317163523,checkthat,0ac84262407d63e9335f1710b72e33cb0434c90ba9e6abce9216270f8a111487,1,0.9989943,1
checkthat:1370503338165428225,checkthat,3cf1899f8d4cf379fbffdd4dcdd00350d20f77192bb87ad18f3314b5fa768aa0,0,0.99883145,1
checkthat:1370403732979130369,checkthat,1b2091bfe2fca1fe84db8950b002118dc10985670c04fb8fcf91fd87a48cd72a,0,0.9982653,1
checkthat:1370394637194518529,checkthat,21f472de39d1ec61fbdc4df4bd93b65d244c012c753b52da0e1a844d636a61a0,1,0.99913895,1
checkthat:1370384097789501443,checkthat,54b9f19b4ff08fc9c509072406fa2d8d4a637877202e034eba896cbc75b88457,0,0.9986143,1
checkthat:1370333633517662210,checkthat,c734cdd48291b66e217a6c22a486db52e8f31ea6ceab5ce622b9363febd4d55a,1,0.9990688,1
checkthat:1370328543339683843,checkthat,0d282f864182f5106c8935a61d056474e9c7cd99865262293b9f2c05152ea6f9,0,0.99676394,1
checkthat:1370221560515063812,checkthat,f55445afea56e13ae862b4edeb25f323b02234f95f0f4ef482dae0604ebaf0ed,1,0.9990969,1
checkthat:1370162911092563969,checkthat,20d3b7970ec0aa607778da46eb63e9441b306aad0fc7452df2309e481ec5652f,0,0.99775094,1
checkthat:1370071441392209928,checkthat,5c3a9572772501126dbfa6e3a1149cf8baf450a6370c7e5752b6d4285f95bd7c,1,0.99911445,1
checkthat:1370070720827564043,checkthat,1889027df5c875ad763a03bcab4e71cfeae60eaca99855fccc431fc0150cfca6,1,0.99891937,1
checkthat:1370069439505387520,checkthat,0961e7a03ca96980dd2739ea4799b82f367f9d12eaaef19ce3316613ab9d60f4,0,0.9982578,1
checkthat:1370064397851365381,checkthat,a76cd7ff10b5b9ef516e9d6028cf48f36d56405ceef9baea5d1199f55753e370,0,0.9937889,1
checkthat:1370054872733745152,checkthat,9ddaaaf162b8a2fe8098fbe6a6c84cdecff9a966f18776d2c602f12e75cb2615,1,0.9990269,1
checkthat:1370013028180234249,checkthat,55920636a5059ce46e7a1f3b487b9105d9936dc99443118297a019fb3defa0eb,0,0.9982285,1
checkthat:1370003199973859333,checkthat,34b04b0e2e9480ebfa8a8272a532f8dde5522f0c521ad761739853b517491f33,0,0.9990042,1
checkthat:1369967827608735744,checkthat,dd172b82aa9115eeb7abdb6b76cd5ef4dfb4fb0abd1f820b5bb60ffddc889104,1,0.9991072,1
checkthat:1369815812354301953,checkthat,4060c9538612e1c06f436fb886fd2ffd9debcf469f5b79b3061dd4719ac5b649,1,0.99913836,1
checkthat:1369788910046380038,checkthat,5a65f3e8aaaa05eeb326d979da76a5f6a6f577b225b2c6f7e7a85dc2d5eb527f,1,0.99906915,1
checkthat:1369787776602955776,checkthat,a77e07fab77d5fdfa4715b835830acd00053ca682fba3c651e481b0b82d300c3,0,0.99885106,1
checkthat:1369777838333722625,checkthat,7f47ef4a27b6baee0e5dbbdd9a0e04fe4edb33b3477f224b61c0e71137c12494,1,0.99911183,1
checkthat:1369765764954271744,checkthat,0f932e26a02225be1f30b11f4f0ca5578d057343c78b04250271d53f09fbe6b4,1,0.9989802,1
checkthat:1369726283253420041,checkthat,63a4c082bdac48e76237d65440a549041ccc5b76e0a321528b82708f27b376db,0,0.99794656,1
checkthat:1369664558047113217,checkthat,e699ae66ff33975e65698d2461d4a4b2627166e0d438da525ceccf358a2a346f,1,0.9989555,1
checkthat:1369649087964938241,checkthat,5d4621acd8bb562ebb79a5326c8e7c8d1b467ceaaa7109853f964c957e5e9779,0,0.9981369,1
checkthat:1369380104590200835,checkthat,6ae71e19ebccc2132ead4e4fd7deb8b306c6830c93ee3427a6d04d199a5b010f,1,0.9990559,1
checkthat:1369373931124240388,checkthat,ffc4f6fc1f57e6fa46fca900eae055eaf1d2cbf9c3e9c51ce5415e3b71b95e27,1,0.9989573,1
checkthat:1369241556058841094,checkthat,6e36368723e68f50d423a802dff8149acf597bd06ae4e4768137ca9918dbed55,0,0.9979153,1
checkthat:1369240484586127362,checkthat,36c558a6c446667dfd3350f0cd14ac823ac8385c37f22ab8a03caaeca8d39b22,0,0.99871016,1
checkthat:1369090388930162692,checkthat,3018e041cfa068ca0f58f2ebdc4457d39dbd9b1c5ca876dd386ad6235b525ed5,0,0.99902725,1
checkthat:1368981087037358088,checkthat,6d5d4ea55e0ecd32444ce3bdb7379cc918de265362e07d8ad36c19c557874a55,0,0.9987921,1
checkthat:1368952775296638978,checkthat,2c2ce896eb21c84510d044870638e18601d338fadef71e8c63ab92e5693a237f,0,0.99901426,1
checkthat:1368917111842734081,checkthat,bf5bf00ba06e4bcf21bbc84421509b96c2c550f1258768ac46a148c2315e9f68,1,0.9988959,1
checkthat:1368621027157151744,checkthat,a709bbca2529a2c61f533a9823a067cf5fc373f937f97c683293013595810b48,0,0.998588,1
checkthat:1368570837780074499,checkthat,eb7426453a1f6600e9987058e33c5c810ccb65fc280f17ec182ba82c376ddaa4,1,0.9984713,1
checkthat:1368430207124656132,checkthat,91ff711a50d1474436e225c5dca4c3477f65b9d3792d950bc244f2ca68d9a298,0,0.99742633,1
checkthat:1368252283646074883,checkthat,2d116f7b4aa95668712559c783ea8eb5c514024df5a06743920391756880170a,1,0.99691796,1
checkthat:1367867543944368137,checkthat,1abc7e78fa49888c2dc228f32b108129ee76e6b0fc534d8fcd664c0d7208daac,0,0.9989048,1
checkthat:1367152280022228992,checkthat,021917352145df014168b487e93691efc530d0178a4a9615ebde156466f64060,0,0.9983808,1
checkthat:1366757688084819970,checkthat,142b5e8545ce52b6087546b21c6b69cd99ce1f7e7943108d80331a024c8d0f57,0,0.9972063,1
checkthat:1360879974484373504,checkthat,4e1216e9ac797b1609b8a74b75521b7396a1942d3f663914bd2e8c66937ac109,0,0.9987552,1
checkthat:1371004320867614720,checkthat,6336271d454f6040286b497385b9b1f09cb88eb6138553483846b73d7f20eab9,0,0.95467,1
checkthat:1370843358315343877,checkthat,413a706642e92702845a04f90480752fe093ccb902a371061cf224947fee0f5a,1,0.9991147,1
checkthat:1370841752094060548,checkthat,be1e4a009d2cb7d08d88f6903f9b8ccc300bba5dd739a9b174b367db1bae31a8,1,0.99872005,1
checkthat:1370824940463648769,checkthat,5a48b525d861ab028cd2b186a26322c10c7be4a7bf0becc2c6b2a24114b8a5b8,0,0.99702233,1
checkthat:1370815963332018176,checkthat,5e75340d7fb91f280b9676c82f0452bded86ee04e93f1ff339bcde9d41d50057,0,0.99842983,1
checkthat:1370793673626058753,checkthat,2cc432d5f60744eca1ec61c7db17f149ddc48d7ac16ab00d8aa575d0e3978b8c,1,0.99912626,1
checkthat:1370737662475309060,checkthat,cc21a581023c488558c3ce62f5ce354cf94728cf1438b98f03979ce601eccb2a,0,0.998987,1
checkthat:1370722085513871366,checkthat,74408dab4fe996eb301bc130856085f85b25db361b79ef5ff36043db51783de9,0,0.9983531,1
checkthat:1370670811472932866,checkthat,da16bf7bd6a49b01847d23b6bede57b6e634120e04c94b280b515d3c935697ed,0,0.9923954,1
checkthat:1370581223521755138,checkthat,eb1cc80c39ee0fd5e39a30352b672220c272c6b09a1ad1fc99d5298dd0643e46,0,0.97908837,1
checkthat:1370476043874754563,checkthat,08a5cd01ff3a83deb1e54d914ce78b5b45c55196821112ab8c31cfc2e36e70d9,0,0.9986228,1
checkthat:1370413814156517380,checkthat,b230be132ac2ad66844e7b45689b79ea3276a09a386586ee9d19dc981c0aca5d,0,0.9989292,1
checkthat:1370400440144265216,checkthat,3f7b8aa87ea62a3c4305cc5b82972d88e504d00ebd280925169709967149ab09,0,0.998309,1
checkthat:1370383253736189955,checkthat,0f5599a8b10181bfa11f0ef3d679501df9b034da1028380c80d09a51801ef177,1,0.99790704,1
checkthat:1370380719898382336,checkthat,933d36dbb2b2be4acafe0570029f2ad9908f18fae2417a2e21f814b529a09792,0,0.9985928,1
checkthat:1370376350679318532,checkthat,75195c1584eed4a3ccc15fe0ed8a1f63f01402636248cab38fe09b3ed9f34754,0,0.99889743,1
checkthat:1370366409285402629,checkthat,e24a1de39e5f8c9f619ad67851e07f729be20f6ae1207aead4cb2c197e7b60ed,0,0.9982786,1
checkthat:1370359694380969992,checkthat,14908a83d4ddaedd8a16346a940f59649ac68a19e0d0734f95280d8dcbed7a59,0,0.9951557,1
checkthat:1370291835717947393,checkthat,6260afbeb056f8860e6d624456a4e63eda8528b95f76d0d1845de3ba312bfbf6,0,0.99853766,1
checkthat:1370286933612584961,checkthat,1a38ad073bb743f6407d3745825ff95d3e24cd189dd12f2d86d92db0485389a7,0,0.98828053,1
checkthat:1370253656256225280,checkthat,7c5185d4a18b720769b11d4e8589c6fbff94819e305cdfb0274725314b1b17a7,0,0.9988618,1
checkthat:1370189184330305540,checkthat,f27a4b0473d7dec12d1ef33fc05878f0570f91ad87895d2e13448cbb6538bfaa,0,0.9988782,1
checkthat:1370119127214473216,checkthat,c09be82dcfd2b20b0b4d45d913abd4fb8aede56d31f73411531a131cac3b583f,1,0.99893993,1
checkthat:1370063746492727298,checkthat,d1dab1bbb840022f3cfdbf0600b3ec95aad03864a8bddb3bd6ee196ef8dcc59f,0,0.9989666,1
checkthat:1370019198764609536,checkthat,d631be9d010fde80f56dc7faa248a4ef28da1cd9717e343074590383413ef548,0,0.9988393,1
checkthat:1370014113208885251,checkthat,8e05806c3fdbf5830b5a2eafea1241c7b41f92e43a1f796d259943bb8403ba05,0,0.99832433,1
checkthat:1370007867483447296,checkthat,493ee6f80e2333e585283ea76bedcb3a7064ec716c94a1354c5e4913d4f01cd8,1,0.99910456,1
checkthat:1370002759358025729,checkthat,c5a6f033f6ab5d7a579c6878e0dd2b429c66b1f22770a94584365318fe8ebe62,0,0.9985544,1
checkthat:1369951731220676609,checkthat,b45204ab0ad80f12f329b3ed932db7110df1ea6f27f459cdd19c1e1fa5d4abeb,0,0.90595716,1
checkthat:1369879506773762050,checkthat,ff3baf7ba4b75f5874e7c8779b09629f39c51e6e5659b9006f71ab3e94d275c7,0,0.99868065,1
checkthat:1369819013811871748,checkthat,b41f4c0670859118ecaffbc8ff467c87dec7787115ff152c8c976f93d74410f3,1,0.9984017,1
checkthat:1369817205781786632,checkthat,5cd521456252dad7e85c5c8a1e68a868fd06f4571bce0fd47a7d623b98b67e23,1,0.9988759,1
checkthat:1369788666739056640,checkthat,eb5e1b4108956624a94053751ede482a4e6e8bec8b5c9a075daa5e4602beb447,0,0.998838,1
checkthat:1369761239467974657,checkthat,9c9dc00601701e0c7b2c83e3c005b3a7027bd9f8a47b61d130613fc4031711ba,0,0.9990646,1
checkthat:1369739991044288523,checkthat,902b5640333a58976ec99a4770d118da2837265d97346a2c96ae3244d378ad47,0,0.9989544,1
checkthat:1369695041803849732,checkthat,a3b1c9fed7ea2ec5ed5ec97719c76a3ae67a47bfb64042151cb40866cf656e08,0,0.9989889,1
checkthat:1369668272191381506,checkthat,1fc32556e0db4ebcda84c1f30735b940ecd93773d7772c1a243091d2353b3c27,1,0.99902105,1
checkthat:1369649244563369990,checkthat,84a298e75eb828a94ee7d42bd51d250456d6d55293593c7f7d42f2968e02a1d4,0,0.9987979,1
checkthat:1369500160179367940,checkthat,0f414faefde6708860fd0583fd5f1176bdda5dbe61f2814259539884ca333585,0,0.9988834,1
checkthat:1369437849116766210,checkthat,9a59d387ce8d83ea558d34628ca838c85c5c8052c3fbdd297e9e14e2d1cbffc9,0,0.99844104,1
checkthat:1369432972798140422,checkthat,d990a00dd1f15ec7a791096aea2030e0092dae316b9e2d42f42ee783ad05fcc6,0,0.99843866,1
checkthat:1369414677210488843,checkthat,7aaa5d61f42d9a096fcf3dd6b53d041fbcb9aec4902c8916486ce63c1f60f35e,1,0.9990264,1
checkthat:1369406895325384706,checkthat,805cd7568b832a38029d5fc56e5ae5eef5ccfd4c793c000b0cd83ff488e72091,1,0.9990695,1
checkthat:1369308326308241413,checkthat,6531ebf1eb90e255ca36d831435b65af9454f29885a83c530111c8300a632f20,0,0.9988463,1
checkthat:1369282389596373002,checkthat,d0847238b421fcfcbfb7db90d130b21bd2d383c90e3dc7e6286da5113c70d3a3,0,0.9987097,1
checkthat:1369088864531456008,checkthat,753a2de3b3ce2cfa263358ad15e9a46c59f8085de3f4624e2877a9946d31308b,1,0.99908686,1
checkthat:1368968017867137030,checkthat,a62941153bf0ef93d49dac6b6190d8931f40ce9cfbb0516d20cda2da73348538,0,0.99082315,1
checkthat:1368953997441269766,checkthat,b859fe664b7d0601c75b5887dcf18c66b12be526e01a6989f76427244235e292,1,0.99897873,1
checkthat:1368934476873670657,checkthat,30f7f4ebff4ab0111b807b9ea6c0931e5c775b4075d39ac39905d9510398b1a2,1,0.99904233,1
checkthat:1368901636748410883,checkthat,e4ac82e6535a13daf32fd1897b65caa6a04e175fa9dd1aad5028839dec93f38b,0,0.9952689,1
checkthat:1368899049835933696,checkthat,c603b906f7ae5c8e64ca672cb209132a2e3bfddb4bb17bcce1dbc08be9bfbc9a,0,0.9980241,1
checkthat:1368850567536185346,checkthat,eadce59da0a36aff8201feef0366e17aa00dca7a611e8e82e166e8b4c74eb926,1,0.9991365,1
checkthat:1368759637823025152,checkthat,3b538a33a42393da0a4c1f7b6ee2f4ba7ebfc829596cb136151823f07b930263,0,0.9986327,1
checkthat:1368699575742193665,checkthat,3958a0b60198d5559d09257d2650d55c53531a02d1f50104f5dc99c07bac6bb5,0,0.9761292,1
checkthat:1368682877500723202,checkthat,cb5cd22116524d74961f2c3a3b056d466ea9d3314f26d77357c4c35a3fa53255,1,0.9986945,1
checkthat:1368661050346848256,checkthat,2192e8cb9a749273a30626df644b71c466d873fd9b5c2196842ac3f4bdcc5b26,0,0.9990503,1
checkthat:1368609730831265796,checkthat,7f9d82c95f547c021c568cfcbac96959611715014283486947b9bdf5d146bc10,1,0.99908936,1
checkthat:1368553032020070401,checkthat,c59375047522d05c21bf509e4fa6b1debba6d3faa97d314c6336a8e81dfa0add,0,0.9979703,1
checkthat:1368484330406879248,checkthat,83e888964254c794fe8210ce7834bc334ebc6258928f8d85557f3cfe3a806b5e,1,0.99911696,1
checkthat:1367151502855397386,checkthat,34d60e5b647f7aea1ebe05aa0ea75c315e4807e2a08f53885e5b2e76fd4b9df8,1,0.9986212,1
checkthat:1364992289463013378,checkthat,8139ffb672d1a5f09aeedacdf0634c8fd98738fd2a1181736992ac9d9ec702bc,0,0.9987204,1
checkthat:1362400917031632900,checkthat,9e17f93eef1cfd791e27dcda25e7be5a3f6c530c7925b93bc6f2975ddb981bf7,1,0.99833435,1
checkthat:1351546648896397321,checkthat,f163816bad4a9a85f36b7b0d122f626d47b5a66e1511ebfc9458b8d2b1e6fcfa,0,0.99856937,1
checkthat:1371133486552211457,checkthat,356fb0e8d9fe5c7a29830055e3ad34177725fbcd1dd7551ef60140779943b1ac,0,0.9974504,1
checkthat:1371109762146918400,checkthat,cc121c6312feb6c69df47d860e16ed14842b6e0b1d7db45f89f3e312983402d4,1,0.999074,1
checkthat:1371068440354652161,checkthat,276f464c162c93cced1d830538402476c519aaf19acdf1c38359eb9fac36f950,0,0.9977012,1
checkthat:1370954945541898241,checkthat,0ffe29937296a24e2b87030a6a860f122f9e2283cc5646c8a52bea904852ee6b,0,0.9986191,1
checkthat:1370857453408022530,checkthat,2ceb626f4319107857bd579aa3fbabf4cd02b2e18c144c45c3c6f9c08d5893ae,1,0.998971,1
checkthat:1370737674051551234,checkthat,3dddff8a7de7dac8f3e15f9dbc2b232153edec742b69755e002d20dfb50b8432,0,0.99742365,1
checkthat:1370706238502273028,checkthat,023a0db685f0859a9ffed0c9281a4ba38aa7cc8d7e096a2e04edecfcdd24a47b,0,0.9896562,1
checkthat:1370676009314381828,checkthat,44baeb1c1e4eec155d79881cc3412a3951aea0b9a3c71a28e90475b590757d82,0,0.9988187,1
checkthat:1370675325798072322,checkthat,cac6d6819f2cc92bc93b7a39b8b07bb08bc46b3394a40f6281ae13c8ed3f02aa,0,0.9002216,1
checkthat:1370639529728675842,checkthat,e4255b23dd189feaeba7a70cd5f92126cf19dc9122b6df3da6fb86f8d1820140,0,0.9983656,1
checkthat:1370581642499256324,checkthat,ddb5815f53cdf0786e9880d44c45da7267ae246a5d1f0269f0a6cf061c3a3a91,1,0.9990753,1
checkthat:1370557609271513093,checkthat,ea41a7ee09c57ba3fb7c48ba06e1a8413de7db899f9adecca6abac2f46f63388,1,0.99899155,1
checkthat:1370537172814626817,checkthat,49c2461b35cb5b21df157054cea476644d4d7a12e5759c3a3daca6a40e51dfe3,0,0.99633694,1
checkthat:1370517543216111622,checkthat,17350613a25ca3c94a2dee13abde0f16b29a40e6209be5cc56c91cbe90138166,0,0.9963451,1
checkthat:1370517213908774917,checkthat,ffb222c72c02c9caeac5c0c3110bb94aeaacb145a9d84d551cd9bc0140b83e1f,0,0.99903786,1
checkthat:1370495072211468295,checkthat,3f215df481100aaaa5d4d1f9449664b3e7a87fa8409d236e95ed02b7d742deda,0,0.9985928,1
checkthat:1370480985339482117,checkthat,934e8e3acabdad1f55920bc6da7deebb1f6cf64d283709b8c875429ff937bc13,0,0.9986082,1
checkthat:1370477429765070855,checkthat,f99f16c32ad9dc57eb791a82475e8b3b33db97da1d55f4caa86aafa980d535e9,0,0.9979386,1
checkthat:1370475446446481413,checkthat,9a89fc5e0329a6e3022bd8a4fd2b50b9671b8382b6b56bea22772c6a0cbeba63,0,0.9975108,1
checkthat:1370445151089393665,checkthat,639db388c707c3f67530817a1e6faac86247e062da1a62ba39bca85d8032682f,0,0.9977133,1
checkthat:1370445047448145923,checkthat,47397120e15c42c83365fa559db3d091abc48b971c0de32a02c6ffa89c56b66d,1,0.9986816,1
checkthat:1370437939763773441,checkthat,3791bc5ee23f160d0f163387599f17a9c60a0fd0a0315d814bc5790bb42ddaae,0,0.9985417,1
checkthat:1370424635515371521,checkthat,4ba2d867f6fc0ce0b8b23a4641a17123a128cb805a964be72cc51c4b0af8cdc3,1,0.9987897,1
checkthat:1370415268552392704,checkthat,4a3576913c6b199490ca5f14ea6e45a64115eaab8475806237faffe8b83aceff,0,0.9990609,1
checkthat:1370394465911902212,checkthat,4c0970c37a4694d0a5af7d7d0fa8234d282b07cceb6e37e6c9d8ce126dfdba28,1,0.99905604,1
checkthat:1370394444567080963,checkthat,c4094a618b00d56d7f595bbb63a1df3944e04595ffa207eb54d8d63d08694b01,1,0.99890006,1
checkthat:1370294560845221888,checkthat,a23bce806c6ab6ff68c981650a326ac1cf77e1ce62c4d345c67473a8b6187fe7,0,0.99752396,1
checkthat:1370191748840914945,checkthat,c70993f12b5cc6cacc468bfb3d441022c4db24b1cb7600062ed01154b95afadd,0,0.99893636,1
checkthat:1370174228738174976,checkthat,972436228c124e3ae8478168219c0df1307b354ba257802bdd32fbd4352db0a7,0,0.99712306,1
checkthat:1370172464173625352,checkthat,10ab7370f0515c921d228430057c6434817f3b570582e07d03f7f209498d42e1,0,0.998887,1
checkthat:1370170245894307840,checkthat,17acde185be667d89ff607ad13c769e2bd2466178b8f2ba1222915fd7e51d534,0,0.99777126,1
checkthat:1370143721904345092,checkthat,76dee87cf042d14aba1bec1c335a89d92ac2f08779153d3c99aa4ab6c884f639,0,0.99855286,1
checkthat:1370139647272050689,checkthat,67ce0e963c0e189b6fb47be3f208f990f3be6e66a93ddc2c21a20f4d9122654a,1,0.9978301,1
checkthat:1370123409770827780,checkthat,9b1366cd29ea5a92875142843922877bdd01d3950e718fed6aa628aa8215701a,1,0.99915624,1
checkthat:1370104182934503427,checkthat,a87bf37d245ae1ad7fa1ff427209471a9125158911f380adaca506cf73536857,0,0.9981267,1
checkthat:1370094005699104773,checkthat,7a3e0fc9f0a289ac30fa40b3aaa6b2a0157c57671904b16ef9fa08cac7284d0b,0,0.9990669,1
checkthat:1370061742491992068,checkthat,32216f9296e4b2e533ed4a9e61183cc798252524b8502ce5e6568f8aed80c16d,0,0.99870753,1
checkthat:1370055736164769795,checkthat,93580c9e4c22989d3c9cc33df84721ec90692a53031d2ebaadd4f4575ff7314e,0,0.9981482,1
checkthat:1370050840631910401,checkthat,68f69e5b1b637a8beba729428a3850d5dc637cf7ef9553958f5c14ee75efb9eb,1,0.9989114,1
checkthat:1370045895828516865,checkthat,4207ba33d1a222948f201d8a4ff6ef1e028737b8aabd5e5cd9376568dc146516,0,0.9989318,1
checkthat:1370027080679780354,checkthat,e344d827ba0c5574febee119cef38068f0e4006e056e3362dc87ac8cfb3bc99a,0,0.9984006,1
checkthat:1370020284598738947,checkthat,a1a38f681a27863ca998250d61e2a1947c130c331a9152f87aa5a32646fe54d9,0,0.99709177,1
checkthat:1370015255871492111,checkthat,650ceca9e57886abe4c7d22648eaa1d19e0280eae1a87161c00d5b3b91902d35,0,0.9981499,1
checkthat:1369966608068792320,checkthat,5e2713b4fc8cdcd8b97dc95317d22c7154a782519cbe24145c5a611196255b17,0,0.99899465,1
checkthat:1369964010087591941,checkthat,92784863cee651066c9734d8ec08255a8808c8c6b8f113f373e6e19e47ce55b9,1,0.9991104,1
checkthat:1369917017629851648,checkthat,1815ec51db4aa8352254153503117024ae15cf239d6c51a99dbeeff997be5d79,0,0.9988218,1
checkthat:1369815719769042951,checkthat,8eef155c97361fdd16d0428fca803e94e8bed5dc1ff446fd062bfbc33460e659,0,0.9990741,1
checkthat:1369762486690471939,checkthat,a7e0e9cf98e21c2754a9970504fa28f7879aed424343c585a006c733cc383f99,0,0.9988972,1
checkthat:1369758896676552709,checkthat,b84a4093ca7e4ea51123abc9166ad2041dec33a0027bee01bc2970a583ba6306,1,0.99902964,1
checkthat:1369748663443070978,checkthat,0b8852057f883a18573099c9b6fb19d02010d57abed0d3250d3f4679844c1de4,0,0.9987797,1
checkthat:1369747002901237760,checkthat,fed5596a58f0ae0ae74a7f510986b056c3a70c3d070dfcad0f5c6d5a08dec640,1,0.99897397,1
checkthat:1369679240199872513,checkthat,f73194bc44ad583763415ed17e699eb18d6325898003f7c1c1729fd8d11553c1,1,0.998885,1
checkthat:1369677374544089093,checkthat,0dd413d99016542af514ca1952fc83c84f760a6ad5857ec6a198b61c8207e6ce,1,0.99911124,1
checkthat:1369659952655122438,checkthat,ec6f340586f2767be32b2c7a5a8dc537efc2740b6a874dd3fd6c21df8cbba558,1,0.99896204,1
checkthat:1369649349672771590,checkthat,514e3fca1c96af240ea1ab118beb723c3b377e63617a113222353ef2a4131e62,0,0.99846965,1
checkthat:1369646861330485250,checkthat,12c798ad9766d5e75a8d55ea18338d36c8c0ef3b8e0cb66eb2403d29ece8c10e,0,0.99903995,1
checkthat:1369523132512407554,checkthat,23b8a9d87dbe184f06a7edb101a5b40f4f7f6d2e12e9101434578ab55910b545,1,0.99913955,1
checkthat:1369482432970248192,checkthat,f945a1908567be9a43bac57c98b882907025ca242ee2ec611c1d7e83e548883e,0,0.9990288,1
checkthat:1369471817006555136,checkthat,dc869b2e3a303b34f5b5c3b21209bd8c909c4acc1776bf0d87a3ae83bf2a0ed3,1,0.99903935,1
checkthat:1369470445402136577,checkthat,45fc4bb9b224cec90670d1698312ae5452569c3a0e5eaccd532f511899657d96,1,0.9989071,1
checkthat:1369452628179042306,checkthat,f1d4209adb56f36b2172f5c0be4bc0cd2159f28879277610f4d1c2cff1515254,0,0.9990351,1
checkthat:1369429290501169154,checkthat,151a8adfa65b98de0c40a01a9f615885bb124fc0391e7b477c8f14d29f0bea8a,0,0.996938,1
checkthat:1369421498117722113,checkthat,86eb0e8298a9751c322ea3e5d83fd9b8f4d6200cb1eb6b306faad22f52194d9d,1,0.99902606,1
checkthat:1369384693922201606,checkthat,d300836ab82e6558d28c6c04d219cdc0334daed912979ef915a831afac00bbad,0,0.9774663,1
checkthat:1369383646138884100,checkthat,5a6c8fb18046b6b96ac2a3eb7d0192300a0f8b36ec98eed774137420dc473e7e,1,0.9990521,1
checkthat:1369383005123473414,checkthat,1208b43a8ce138c384c934acac9a67a7d3eda2a4b56d9cf500bc72dd3b702d3b,0,0.99905115,1
checkthat:1369364914532401154,checkthat,dc5bb78d8d90d280911801d2c1562f5f092e85b8881f9ecf8db56ec2465dac25,1,0.9952619,1
checkthat:1369353121965694977,checkthat,aab1d265e065879e77b3e30f96d809e58904dfef7e02b21a6bf440fe67cd8470,0,0.99845386,1
checkthat:1369339709818888192,checkthat,94edb2600ee8e6ce8d65dc5244f1ba2ea122f7606b34e6d0db17205c896eaa7c,0,0.9986247,1
checkthat:1369339700012609540,checkthat,fe4d53846423ee19a92a858915f559c775cfd79b494d8a971b2a9a1a4d3e2af1,0,0.9980186,1
checkthat:1369335080863338502,checkthat,f8e05fa331d27479fbef23f1f8f65694539f3ac6da314e542e1ef865a1cb31d7,1,0.99892235,1
checkthat:1369333775746936838,checkthat,407b83be9a0a751f7e58272aa9bcef88100f7826b8b407b2ebc9d7bee663d87e,0,0.99883825,1
checkthat:1369304228074823689,checkthat,e17b6631baa99462b1ab8de0a2bb35a84a1189671c58cd8f3550867d37fe0f2d,1,0.9986394,1
checkthat:1369301158657921028,checkthat,cd69366e795905ad4b297079c93b5202de89320314716d55d14c5c2d04a999d4,0,0.9787198,1
checkthat:1369299087640641545,checkthat,305a445e2eb32f18af0cd62cc52a975823a6a3e49adaeb8bc41972711b151f54,0,0.99898213,1
checkthat:1369280570971262976,checkthat,35bff6ef9afd9c0d6c511ad6ab40a86cd6b67c2b55a85e25e906e3ab83a32c37,1,0.9989779,1
checkthat:1369270242287947780,checkthat,d9d7d2746e5fd42af2246e41cca0926534edd2b0f0b0714c9859971706f3d5e4,1,0.99862814,1
checkthat:1369256789078867987,checkthat,02ad05e8777c46cf98e03e1efdd877ed005fa4a22ec217ae3dde23f1cc6fc1e5,1,0.9990239,1
checkthat:1369196374894538755,checkthat,ae33dc0b7051c7db8cfc9457ddfe2ae16b5ea25664f6c29d68607bd687c78bee,1,0.99910516,1
checkthat:1369182092525993988,checkthat,11165a805a9d60eb43dc6b9311cb4e231f8a742447d6d5604b8f4cd2f2d655ee,1,0.99906796,1
checkthat:1369127446461693954,checkthat,909b9c5745ec19fc5d5fd4b94e3b0c8c17dfc2c5677153fb6d68a05c766c10b8,1,0.99911076,1
checkthat:1369118679535919106,checkthat,031fa9270cb481262ffa9f86c6cb477018eb2c2d75fa527ed2c0a3b7bc33010e,0,0.9901106,1
checkthat:1369101909160820749,checkthat,5d8a86328792afc22da38f42dec51ede2aded95ad7b0b4ef06b40431d24b0d37,1,0.9976714,1
checkthat:1369096785877204993,checkthat,e8d777453fb1dec36c4666e93994625367b10a92745e6808a905ad25c9c8d61e,1,0.99563485,1
checkthat:1369068137354686467,checkthat,3ed2a5eec4a9b8e54207bbc1c07966ccfc746f349281973bd553d6fd1fda4d42,0,0.99812454,1
checkthat:1369042880736555011,checkthat,eb065a583df3fc8dcab08a4ef96e23dbe3a41755be3280c6a8f4fbc44e1eea38,1,0.9988784,1
checkthat:1369038968289824768,checkthat,125f7bda37bd0552c1d8f91046962e5a8e81bec15effd3599486bafb37096fab,0,0.99890375,1
checkthat:1369036321998659588,checkthat,8997a2a243c621f2859831e6666cd17d484fcb3bf18b501c7e409e55ed5d6c2b,1,0.99904054,1
checkthat:1369029728003383297,checkthat,d068db61c20e566bf789cacb422a60d12c9fd1b68a86eea0ff04ea55041401ac,1,0.99911875,1
checkthat:1369014162131652611,checkthat,c7727986eb90cd65108809d1198ffbb8e57a6aed5e97c783dbaa30ee1914ce9c,0,0.99504423,1
checkthat:1368996682126553099,checkthat,5b32fcdfdea7dbef0e726e325bd375020cadb5a79b94a0f773b3ddcf00e854ad,0,0.9986712,1
checkthat:1368991591554293774,checkthat,b4b62393ca7fb88f65a0926f40b6d5927746f55753f0e3d8451db32441cdc0ad,0,0.9988462,1
checkthat:1368967930810089475,checkthat,fde545a7ddef04eef852218e5f55f566793ad4a42b317c63f24bef5e31938e62,0,0.99902415,1
checkthat:1368962491603165185,checkthat,acc6340d1984887b4d2eb3108ff9d4c6af588cfe16cc258dfe60f1b0093e533e,1,0.999014,1
checkthat:1368953576568066053,checkthat,d0d42abc1ecf6f65982c01a473a3a456471971de0599a20a1bc1dfc07dd59120,0,0.998833,1
checkthat:1368951461846134785,checkthat,3bd9c66ff5f856d5ba2933673a1644835fa2eb53ac8358e4e097db65def995c3,0,0.99898773,1
checkthat:1368941471580164096,checkthat,019fb7741a5d86b6b7d470d1c5e173bf63ae60131725b6ae89f70372fe218f17,0,0.99889046,1
checkthat:1368939571522596864,checkthat,370d08c59bb07acb98730eb7998ea53bd28336742a33181d82cb4ad3891c2eb9,1,0.9990594,1
checkthat:1368938329341911045,checkthat,b3560acfb69096e823ae34db3a9126cd6c72703059b50b9cdefa59e40934876d,1,0.99914014,1
checkthat:1368935747827494914,checkthat,99c8b3d6a619b72a7c0940e12fe52e694e9b3378664e0128deb0ad32367bedc4,0,0.99772865,1
checkthat:1368909479346077700,checkthat,ac142ed024390635e5ace44b6ee98b8f939a3df2c32a2192cc694fbb8293bed3,0,0.9985343,1
checkthat:1368865615600041984,checkthat,ac872cb8b174578f59cd34d131c4c3f1145b286b89ec800562b01819b94c93c0,1,0.99908435,1
checkthat:1368776492755251204,checkthat,284231e0524068cd01d804b5fa95b084c5f8916a6ca4e542bc1e7f8bda7a29f1,0,0.9981065,1
checkthat:1368756054738104320,checkthat,85dc39d5a6014d2ffbf940f1c554ddd290b0d48aca6dadbea788677446484463,0,0.99903095,1
checkthat:1368737126955638786,checkthat,497ebe54c13856ca9d8f685b1a260727778fe20ab40b4e3c0b5ef441672e439c,0,0.99868864,1
checkthat:1368709062511108099,checkthat,82bbc98f0bdaa698aebcbfa26f3a857446d6faaa24c210a99fc6fbce1837cddb,0,0.9892669,1
checkthat:1368632020503457792,checkthat,eee86d50416f7b10bba81135adbec3813c04a61389e56bd5a83d2182bfa0820d,1,0.99867177,1
checkthat:1368613830272577536,checkthat,672e5be301a28fb2b621121712bfa0610f57ce32baaa58f039004b4d32fd78b2,0,0.9984785,1
checkthat:1368591088605409280,checkthat,d19ea08f71c2b4c40cd3884b4bfff84281ea8ceeaa8053e8bc2ad341ae1c2dae,1,0.9991166,1
checkthat:1368583972989632519,checkthat,cf62bcaff3de09b8a81e7db1a972444271379507f1edefaca758099a5bb6eda9,0,0.99866486,1
checkthat:1368568389346721794,checkthat,bf6c2bdca1fe910839942cacaf994fd1f7684af260aabf2c7bca5e04574d8fdb,1,0.9990306,1
checkthat:1368517862831370244,checkthat,6983b9e82ae530a8a82431fcca2396e358122bfb3ace9a524134cf6eccc82632,0,0.9983858,1
checkthat:1368425175448887301,checkthat,f489a39cd5ba496b14aa4ede926ac375778edd8202f5c646893a582d566a9d20,1,0.99865675,1
checkthat:1368409572814295044,checkthat,c7e16e114839989543cccd687b73e316a4452fbe9ff939dcdba6cf292f2e8ad9,0,0.98869777,1
checkthat:1368343909806510085,checkthat,e09452c6c75f05f88d89db9ab9a75c212a7753b1d0edf5f375e9259124d51b3f,0,0.9990687,1
checkthat:1368333512915492870,checkthat,740ca6fd4ad54f932a05d34785372a24a1a48b0b0e14ebae9b1ed07ca89171f6,0,0.99856454,1
checkthat:1368332301822816261,checkthat,c6aaffed164721574a5c0d13bf62a1324677ef3c15e50fe96fbc38f19e713c1b,1,0.9991014,1
checkthat:1368305386101432323,checkthat,82a5ccf4d45f3c4411ed21b22fd6e81958a80e2c3a885a635f510c974211a125,1,0.9980736,1
checkthat:1368192177990496258,checkthat,097db59e622d7a25de08e13347ac65de65fa33a58565ae564807b936adfb43bf,0,0.9973991,1
checkthat:1367986051202027520,checkthat,8518c7149ba5f68522dfac2c20f2d87a0361ec8f4e3381a4b0a8033a087cee0b,0,0.9986173,1
checkthat:1367911222641889280,checkthat,e8a52e870012a41476f4e762b485c15660611afe62f47a6eaa58e5e56d3eb7c1,0,0.99864024,1
checkthat:1367442326394728448,checkthat,52f3932c9319e47061a1d20d0bc1e1eb06c73b2dc30332855b90a121174226d2,1,0.9989318,1
checkthat:1367169365834162185,checkthat,5209bd1ba5593b7cbee5d797a45aab8baf50716d85bd2ee8b17e83d3f5554e9d,0,0.99871695,1
checkthat:1362771567776845824,checkthat,d2209698f8403729f0b0828e5d4ab641d048b9ac2bc4969dfdc7da4536183461,0,0.99896896,1
checkthat:1371135623545942021,checkthat,7256fbbe042df69c2db00d1a28d57d3e00ff7c516cca683ae85bc8512c87490c,0,0.9982058,1
checkthat:1371124635429957643,checkthat,08b014fdee84ccf812cbf110cab6c29e2da6a4fb6455147775b7f2f7ac8c280c,0,0.99866366,1
checkthat:1371116449536864258,checkthat,82d78c149e900f8e0fd3935e4848763942a427faebae1d297740487a61719a96,0,0.99777716,1
checkthat:1371091730884403205,checkthat,c5d1d13b37a6c1fc82fa05eca270009a7b8f29f3ff9b8722c056f49ce46edfbc,0,0.99911076,1
checkthat:1371078176445771780,checkthat,027384027b54644a2dfcfabbce7c234e93616cfc56bf8c1b7bb3ffb15bea876b,1,0.99908257,1
checkthat:1371076679100215301,checkthat,28628b93e0da5c0f0ebc6a6ccf0016cad94e6560a3d3fd4d696bc04dcd6b4d3d,1,0.99913555,1
checkthat:1371069405157859330,checkthat,89d88451166c4665cdd5f2538188036385346c9a2926a6dc401914385efca9d7,0,0.99836487,1
checkthat:1371067007869841410,checkthat,54ddf9a54f3e2da0e23e26c88cc644078c70f8bc488b9b4c2df2a9307991fb85,0,0.9990748,1
checkthat:1371053571807059968,checkthat,197fcf44a6865db58b9d1d320dcfd59ca4e82c6828f124029ae62330f35ac67d,0,0.99703205,1
checkthat:1371043482903531522,checkthat,322497142df616fcce2c2c1760cef1a11c9818604bf33ca2225ae2c218aef253,1,0.9989925,1
checkthat:1371026338048532485,checkthat,04d346b0db806f253958c7e87adfdfe342a9045b5fb5d8a822e538a812aeb4fd,0,0.9989894,1
checkthat:1371006739752058882,checkthat,18358cfd9c523f536bc8ea588e58c9bfbe75dc8bf9e15c3d54d4107a63e8a5cc,0,0.9989906,1
checkthat:1370960968319045636,checkthat,ef177f5e19b163719e9f8fe16e4dc02617cce2a549ffb9ac5079cf3d28cb8bf2,1,0.99866927,1
checkthat:1370915873045630976,checkthat,d7fc8b84763bbc1b182179376b2aa84ac28eaef4156ef697e0e1a3201aa0cda5,0,0.9983132,1
checkthat:1370896841139752960,checkthat,ed92eca3e5a055df9c77f476d4a6db4b77cf6b1e4bb256164c35eeeb9e968853,0,0.9912998,1
checkthat:1370887454950105089,checkthat,72ee113d727f6cc42ac59a1c0165ca979a097bc8020d4c83306290f594e52ff4,0,0.9987878,1
checkthat:1370885693317259273,checkthat,636a396409d9a9ca5407f7f2d9ce41fc51b779ee1306d10852c281b8ce9495bd,0,0.9940969,1
checkthat:1370864775631093762,checkthat,4e9ae7f941de6b4a91e171bcc29efa1f18d35d53b4529954043c448f39050e95,0,0.99892163,1
checkthat:1370832143908106241,checkthat,d6d49ec26d160e8f2113512d0a6df891cfd3e3ce10acbb39a6b2aea2492f06d5,1,0.99760795,1
checkthat:1370818341615632389,checkthat,4eb35f804e4a78720398043cdc475a157d01d78d3cb409c61e07f2978f41912a,0,0.9988689,1
checkthat:1370808861284839425,checkthat,aee724fe2eb837f3ad0d2a08ff93d53622cfff7151ff6b74a83db09cb4da8f26,1,0.99892056,1
checkthat:1370801447336607744,checkthat,1f4d6b2b8e8d1ee0baf8c24e86186239bacd33556917bb47689069cb0f3c566f,0,0.99745256,1
checkthat:1370793677598175234,checkthat,0067669bd4470458c955ef481f06fbb8ca299e1bd80fea5436bbc2d378367ffa,1,0.99895394,1
checkthat:1370789109627645955,checkthat,5f3de4681eb5c9356a5196caae04584224deb9a5232cfabb7c908304c69eeb62,0,0.9989728,1
checkthat:1370783772027842563,checkthat,69d0449359d182c70fc1bf709e83c5a2f147e02a52a2de4cd851a0ae784a8aee,1,0.99893683,1
checkthat:1370778826859495429,checkthat,b0ccd591c74d010eb9546e6b008497c00d631bd05f78d57eebbd1465b2d3bfc4,0,0.98287934,1
checkthat:1370771673637609476,checkthat,f21b430e78b0c091825ba6e9d4523d12cde06f229d144286953362e4da5a932e,0,0.9983204,1
checkthat:1370749645845110790,checkthat,5b2553463ebb3a1070acd3ce95eb09be4fa51be40a349140bcec25da0febb9e8,0,0.9988997,1
checkthat:1370721343801544704,checkthat,fb41b249d523fd14bdd14deb7fc79e77094640f9c86730bc1e196d1a27290b51,0,0.99806374,1
checkthat:1370721323970924546,checkthat,20907c9fab9075c9a792e8e01a37729742b95d17df7fd23a80d277df12837073,1,0.9990627,1
checkthat:1370683801035284482,checkthat,832aedc4fd1e845b1a9c6aca6531112bd981f77e536c0f45bea2efe5def71823,1,0.9990938,1
checkthat:1370645938721677312,checkthat,ddaae424929eaeea55552d9be8c3093feef0e02b7091e3573b490c74b59e8d45,0,0.99894494,1
checkthat:1370620018749104129,checkthat,3e164f3691e25561e214de495baa32a4220c767c97c8058d0cd7b16aebc89cd0,1,0.9963444,1
checkthat:1370592960102985732,checkthat,bc7f03888a14391531357560f915b4dd9bc82c7fc7729cef1c6efbb9054b3121,0,0.99907386,1
checkthat:1370586440157917185,checkthat,b0c23b6819612ac0f06d940a2557f1bde360cde367b2f2670e77a422acf97d63,0,0.9987098,1
checkthat:1370572383216492553,checkthat,d684b0d0368c73ad273cc31420b0dd32e29ac77f983784554600bb0afea330f1,1,0.99910504,1
checkthat:1370561641985814531,checkthat,e6820aea900782f61516244131701ce7702ec5ce3fea43c3fd01e6f901a5292b,1,0.99916184,1
checkthat:1370559798215913474,checkthat,4ffc1ebcec2d3e96ed935717aecce9dfa4efcfec094f77369601db0b3f69bc97,0,0.9985813,1
checkthat:1370558109987508232,checkthat,ec687b2d3c652a2987dfa908406c6c90a51239e7db13baa1d327d186d10d748d,1,0.99914646,1
checkthat:1370539755046375426,checkthat,e1bf792889276555f2db3e17ceee2e135328363ba21109b4e3505a3728557ee5,0,0.9660826,1
checkthat:1370518538499325954,checkthat,889d8723b06b79841626211a4b03e3b4bff7a11fa617e8eb00e6bae703093fbd,0,0.99771535,1
checkthat:1370509914636963845,checkthat,d92814a9cdcccfb3f92e8a50ff34dc21ceefc8034a31b69c67eccefb21171b7b,1,0.9988588,1
checkthat:1370509716133179398,checkthat,cbbfbfe076d46b67abd15cd0049d129031754dbba1947d00e28fe99900665ba0,0,0.9986456,1
checkthat:1367223884584484864,checkthat,9e59c3f2baf9dd5a5879823d9f8696088b4aca9e28b6e7f24bce13174d4825b7,0,0.9935621,1
checkthat:1368480752208257024,checkthat,6cb53a81872493607fa2a0d29a464fcf5cdc5bd94a564b98383fa3177083352d,1,0.99909496,1
checkthat:1370911311232696325,checkthat,672b009bd333f445d06a0591b88543abe71145cd5dbab4b984ba9f07c676895e,0,0.9447373,1
checkthat:1370395166851399682,checkthat,93b146f8e1392281288f5785b5cbac34db3ab638361431bc20265c4e60d8764a,0,0.99897885,1
checkthat:1369814835337302018,checkthat,6006bf7dd9ad107ce7fdad8b278dcd7eb97945e6c9f089818db73c8fea26957f,0,0.99509406,1
checkthat:1369710137959723013,checkthat,114e6d5a3d13f43a5ede9aa8109a4eaac71cf552e3b21b225f2f0c92758763e7,0,0.9922994,1
checkthat:1368780609557045252,checkthat,826638c1f7cfa74b1e5b1f1cca0ee22af9072669e61507e3955b64077cd97c57,0,0.99610376,1
checkthat:1370852563659149316,checkthat,4bd50020614f3a4192c3ec0832092950ed1d35fd2eb906f3b8a3dc443a8b2d4f,1,0.998833,1
checkthat:1370191051957309443,checkthat,d86029883b8f51d3202771cfb34fe449796c9c211a3f82b34de5dc2f196bdc51,1,0.99905926,1
checkthat:1369704101265743875,checkthat,62c565418feaa0d585d41ad4f9f9becf2e5426f47c9f9a19c9d8f195e4a5f967,1,0.9987502,1
checkthat:1369062120864776195,checkthat,c46939a3a91eea462f98d79c0040f9305110616a9476c1820aca4602e1015fa9,0,0.99868983,1
checkthat:1368982218295672834,checkthat,304b80ab31f711d6b01ea94565d90f6b70f222ac3f35c44b38f2fc9f26ee7d2e,0,0.99884486,1
checkthat:1368970370045337602,checkthat,cb302df2c4900a0c74bcdd32fa119234f7c0a4e7d1ccc9c4e2df338b5c3b24e4,1,0.9980958,1
checkthat:1368548724222402573,checkthat,8682fff58309b7ef30fee8ed634ee299ae4770e7c509a88d250cbf21cef24038,1,0.99902976,1
checkthat:1367522052354301963,checkthat,6c5b42d0f576f92ab15f3e60ce4e6babcf955b82e02e1c9f49f565900c7177b6,0,0.9983785,1
checkthat:1366901169499627521,checkthat,4e1168e34db365b3cf9db06ae63bccf7640322fa0709097b1843f02ab08609a2,0,0.9953395,1
checkthat:1359162640761638912,checkthat,fa8c369687b9ccc6d5e3d23aca763cd64ee0f818a693083fde0d3abc8546d1d3,1,0.998781,1
checkthat:1370515034720309250,checkthat,6413323f703d9206f27a7b4369d8f54f044e2a7b7223aa28caca3fe42d3e1499,0,0.9990963,1
checkthat:1370408744190935044,checkthat,a67b7ecc4f5dce9d4dc88e441cf39b3cffa91e1871afdcf2a4c50f1a434d424e,1,0.99854326,1
checkthat:1370331586579795968,checkthat,98557deca034b31b8ead0877491808a6a492c7ad070af80bcef0dced23eab1f5,0,0.99835676,1
checkthat:1369829699879399430,checkthat,dbfbbeba949501930262e858d1e2081c0893f101000278454a96a921b9457498,0,0.9981159,1
checkthat:1369739931371896833,checkthat,96d258f6e0b050c1aeb15a5e71d383551e9e3b79e0281579cbb3a1be3fc55d8e,1,0.9989354,1
checkthat:1369669953700380676,checkthat,b6d328fd68e1293d06aed6ffe20094edb92e753cb60bd0aa0c4264518dc72c82,1,0.9989711,1
checkthat:1369578095330557958,checkthat,213953356fe3d0075a327257e2fa554539546655b4939fe430e402190b59559e,1,0.999113,1
checkthat:1369305072123920386,checkthat,4f8a00a26c3a26efdc9a635238f242c8b99e2da5657c47e99504f572998160dc,0,0.9983005,1
checkthat:1368645124310306820,checkthat,39b69ac6e6238fdb95b2e78611d09ac37957f370091dc9fba0ac3263ecdab944,1,0.99895656,1
checkthat:1367515415526662145,checkthat,390db5b361ec1165eaff343861635f2fb99a2476b4e70d6e027470cda6372d65,0,0.9971776,1
checkthat:1370859703626960898,checkthat,1046950b718bee089b66ea9cc774f02534637f83c31958067855e6a5ad1d4261,1,0.9989814,1
checkthat:1370642031362592770,checkthat,a77a415104fea2754c9b151c9eb994de91cf4be5d3d8fc09c03d8bd3c013408a,0,0.9990408,1
checkthat:1370312298796027904,checkthat,4cfb55f67fa0b87e520f2887a5d46cf1fc2afaafd5945beb16b96c71d10868bc,0,0.9990044,1
checkthat:1370300620977152000,checkthat,0146b28fdb357ac1818d4816f595c577934fe2706a8823ca0d9765ceb7cd2e9d,0,0.9987986,1
checkthat:1370124908169211911,checkthat,3d58a622f819fbee888ec54c888c7c2c2e3c78bac896587de460c7335e4dcfa3,0,0.9989039,1
checkthat:1370117877211164673,checkthat,99953bd11d64873bca72b38980e9e20c91fe1a6c0002d6fd58298c7d42baad4c,1,0.99906844,1
checkthat:1369888563932901376,checkthat,83420d947a57e42d7b9127e2ec9ba8a3007def8c7fa9d6fe70735ba9995caf38,0,0.30460006,0
checkthat:1369617801913188361,checkthat,61b863cf32fc1b957a1829663eff7154c1f01f0c81d220545d3f9cc28e43f7ee,1,0.9991335,1
checkthat:1369477348412649472,checkthat,44c427111602061e908cac6c766d7bc6c825e325ff47d9d3438cd0130b88bed5,1,0.9985506,1
checkthat:1369362351661711370,checkthat,099e8d1c40ed65986d35dbadb989dc4cae09038b0bb7f04c4d4d2fcf86a0a6bf,1,0.9988985,1
checkthat:1369347476218654722,checkthat,104cad1a82cff6d12ab2c47228dd53058aa561c55be3c2758065ee52c3948346,1,0.99867994,1
checkthat:1368358281241108480,checkthat,5bbe2c5993cc02aadb63f7814eece48e4ea3845275bcf2c6e835a306b3ca2222,1,0.99912316,1
checkthat:1364450792036462592,checkthat,ceb4a6a6bcf0c3bd8aa20e28e8649de4025767e3c469e680348a9037a33635bb,1,0.99885964,1
checkthat:1370843380276690944,checkthat,76b3791e7e6c10e6a6f18ffd66886dbce16451670a82a605c86c263269f28538,0,0.9983967,1
checkthat:1370074397697048584,checkthat,2614758bc9dcb4a554ab6f8f6b46ea2f5d5bce6b55dec84a59c9449788e846d8,1,0.99901855,1
checkthat:1369722770431430656,checkthat,d85fbec5864e119f803d8ad871a2e59c8b721ec9920f17f8385f5d611a3d57b7,1,0.9953675,1
checkthat:1369709733163261955,checkthat,e63b292ce0215d030cae235c4c46360b39f7e5af3a62d3dcd277c4ea7a3a8cca,0,0.9942036,1
checkthat:1369075462811639813,checkthat,973d124db9bd96249a97de6344cf23d1db36d584879d7181bdb67d1cf851fef6,1,0.9989182,1
checkthat:1368895087996985349,checkthat,c6b4ac45199ab9b4e9283883008d6c73f0ca849a691c0dceb7255b10bfbc174a,0,0.9982943,1
checkthat:1368226963647836163,checkthat,816ad5a87a202efebc3d6cc8b9f4cdafd622c6a27c14fd79db0ef68406e32bcb,0,0.99796045,1
checkthat:1371063112405639174,checkthat,42f6cf9562af2eb91b809c1c63593dee06327e879bf9bb63d9c63d4ebae5c5db,0,0.99907756,1
checkthat:1370839111590801410,checkthat,269307449d55a0cfb7ae9a853bc4d70ff9a9849557343c6f79d780c357727002,1,0.9991007,1
checkthat:1370789317392621568,checkthat,ab137311bd99d15d89a296ba91a127308104dcf9dbcd0d75e704a2136d4ba007,0,0.998256,1
checkthat:1370504177768611846,checkthat,32ad02b8bd9d09aa4f48cc1b96ed3e9d7f8c6cf43db9c6e24f19717887a1782f,0,0.99888307,1
checkthat:1370429936037732353,checkthat,6b3159b184a23c2ef423d0ef5f7c0a9bf4575a8fd08a4cdb71ac77d14355ea77,0,0.9990736,1
checkthat:1370376037910126596,checkthat,4d47640a621647cfc3a01fbb430a9c8c53895fb9587f0cae42a687406fe20dff,1,0.99852127,1
checkthat:1370065676665303040,checkthat,3f68297e2e407fe3235a67c748846577980160b1531f3d3c32117e7e48853f3c,0,0.99845564,1
checkthat:1370036696616689666,checkthat,523e57acaeb122001d1a8671f38560042a849dd9b61be3cf1c9582668ea86d9b,0,0.99883825,1
checkthat:1369724768379957253,checkthat,e7554654c8a6ef316d5bfb0ba410d3ae40d8a3ec0dfd0f6299f9a8d966f40dd2,1,0.9990779,1
checkthat:1369720934769127424,checkthat,9be1e5b0d5f106994d02580c8ef4c5f9888cf7924a5ba10aed90d23e15ba8f7f,0,0.9908179,1
checkthat:1369669372575416321,checkthat,d69b450701703970e4b3953fafcda5ed49f5d40517794dc5fca6a9b4bb643f9f,1,0.99911577,1
checkthat:1369575825834655746,checkthat,892e64143e75ceebb24618a9481e0a09ed3d8d1b88ddf76d1bdcc1ee9e3d73bd,0,0.99882764,1
checkthat:1369399634465075202,checkthat,89359fff78eaaf6ba6ddca1e2cabfd930b55c64ba36cf4ddb787fcfc70203dfb,0,0.9940797,1
checkthat:1369299669143142405,checkthat,bd4b5a07b93c595d0137ffe5eaf3463e7c743ec34e0149b42797fd32935618d4,0,0.9970016,1
checkthat:1369167890021236739,checkthat,ab565b10727a4150b97e563575bdc48479535f98e4987173b637dc297b2642dd,0,0.9989961,1
checkthat:1368945557402705922,checkthat,23a962bb3a04790d37b42e931f6f99b5d03583275bee4d3a0ee9612011ba2d56,0,0.99842274,1
checkthat:1368755053486571526,checkthat,11fee3bb13e0ce3d48ed928617c625b9f140ee71303b88286a71e4e54969d63c,1,0.9987399,1
checkthat:1368504872161570820,checkthat,3fcb6f0c7dc8f888205591fb39aa10e4042c2e5ec8c8b5a9d4fb6770f0cdf7ff,0,0.9990128,1
checkthat:1367544344551456771,checkthat,438e177598d257ea35450e397276bbf41db93573b17f5d9d96ca0727b31ba3af,1,0.9989994,1
checkthat:1367498397591175177,checkthat,7591717766670876d2a34f849798ce51a64c1097dc816e10ed67d7bad9fb1977,0,0.99905354,1
checkthat:1366570375568527363,checkthat,d9d47f2b2328e6fb21d537bdc58143469d833ac3c031ae712514b896a3b4d97e,0,0.9972084,1
checkthat:1371098903618191363,checkthat,1ecaebd07b5c43d2fbac8b5f5ad661876ca2fdb29765e3e589a0ebeefa3686a0,1,0.9988697,1
checkthat:1370999882920587268,checkthat,b9170cab042448a0f6d54bce31abb6677fa39a07d3e842c4711b9b3bede0a44b,1,0.9989712,1
checkthat:1370470967642836997,checkthat,3a3db55001209a345d23828d56a39e4556b4e9233b3568bb8a50294bc154dbe3,0,0.9989987,1
checkthat:1370439463780945931,checkthat,61062c40fd31c8efbe26edd6b23c6b96c766d3533a5c55f1f6aa9de591408ab1,0,0.9978403,1
checkthat:1370365153934512128,checkthat,fab590fba3e8090e07be2c8d22bd8f41e42bfce890bf12041e22b57f6beffc61,1,0.9990978,1
checkthat:1370268318775541765,checkthat,4a98039a46957de924f81f5ad0e932e618a210c76ae7047e62ccfaab6a8bc0d7,0,0.9990194,1
checkthat:1370238120529174529,checkthat,2aa40cb4471dd913d871cbbb516d18d17dd23ea5f19843b73c99b2b2860b1c09,0,0.99838614,1
checkthat:1369815543784554507,checkthat,a7ad25343e6d4232950dde3bbecd439004279611c2ca95fb92bce297ae0b9d23,0,0.99854004,1
checkthat:1369734866103894020,checkthat,11196abdf50e07b42272805c73ce85bb7e129e40f3fef672bf8ed8623f9a2f8b,0,0.99847287,1
checkthat:1369730013315141632,checkthat,256ff3cf26a86de31864eaee1039ee800de7a52234025443e4b3d6de6adc8b2b,0,0.9988009,1
checkthat:1369677955614601221,checkthat,ec94da891ff94a1a72d640d65763e3f852e1c080250124e549f47217c0aee326,1,0.998953,1
checkthat:1369623997651034115,checkthat,99dc02246584e9a8d172b877ab5555efd05820d661e2fb7c8daf85b85675e6a1,0,0.9985368,1
checkthat:1369470677686788096,checkthat,2f4af3889b7370f19a7a8edcc6abb5c3e6cbdf377a0b027d313784a300eccac2,1,0.9980108,1
checkthat:1369315137111216132,checkthat,56491b90a028a25708f8a07613c566d18ba6ed3a9a7805ee2c2edffac9dd1bfb,1,0.9989999,1
checkthat:1369312934049050624,checkthat,45eb2d5864cee2d2e618b6a08abc022894e4e33ef79e57f7f2c5e95b59b0e073,0,0.9990004,1
checkthat:1369302222077591573,checkthat,19788f3c2248fab60474755651be8bfaac15354b6b457ce0ba19545bc21781ea,1,0.99894994,1
checkthat:1369281818441224208,checkthat,336ca8b130ca255c09504527946872d8ef2fcfc034623fe995aac7f3256db65f,0,0.9985241,1
checkthat:1369227918983987202,checkthat,5e4e077251e3a56e15c635d69209ab2128c42ab4e3bcda4d117d495f3ae971d6,1,0.9968797,1
checkthat:1369010013558218758,checkthat,f7aaced5c9b3af98b970ed18338b70f830f8ab2a0f92199cbc2468fd4b7cfc35,1,0.9986314,1
checkthat:1369008241460584452,checkthat,2eadb2429e789624df9e782f324ca8b4857e2c8796b921ec79049cf24cbf203f,0,0.9984043,1
checkthat:1368855283016011778,checkthat,0fe9e911929e5948b30f436aa5e75d1ad3d905bf4ace32dc18317b2c1438b057,0,0.99703825,1
checkthat:1368139388576804865,checkthat,75425460b4838437e87eda116ca5528b48b2d558ebfd1dbbefd1385e70b074b7,1,0.99859303,1
checkthat:1368093660756148225,checkthat,1a3f47dfca18a94fd330cd5a6f600a11d1ec4e216a6a46cae8e55378933a5948,0,0.9986136,1
checkthat:1367964395431727116,checkthat,0dba979e246fcda436aeac605b453d93b74df3ab29f4d238ac643851f862068c,1,0.9986696,1
checkthat:1367935174437113856,checkthat,37d5aee70a41db1805c7b2e1134855b2e70b9fe91c80c325552a70249f2e904b,1,0.99884146,1
checkthat:1357418421688950784,checkthat,f4db408a4ac38923a34975fbf45ab268efb79dfe1e95330f4631a055659a97e9,1,0.9989146,1
checkthat:1371076170188472322,checkthat,73ac86d799b2ec107e322f5561e84cc646f45ecbe0dffffec1e3f3e6657a3a4b,1,0.9987393,1
checkthat:1371034660835368960,checkthat,a23f369af8ce5b801eeb85070ea7a858cbebca711eb04643b9fe14e29f7e92c1,1,0.9981699,1
checkthat:1370765474796085250,checkthat,12066c4cfb29a68d9c08e5020e602bc7b838d9ec591747e4b7cc96eeec7d9bd3,1,0.9983229,1
checkthat:1370481085591785472,checkthat,30eb969d891434eea707f9c23a36a3415591d9a3bb8bb664986bced8899d79f0,1,0.9989473,1
checkthat:1370424104684245000,checkthat,74b66f5bdf0a14f9883040fb7656477f61e97f573ce188ed7177e0718136b9fe,1,0.9988175,1
checkthat:1370392519394136064,checkthat,737c610c0da91250aa737cb848fd0ce6fc517f0a50af7bd3f93037172e1d92b3,1,0.99896085,1
checkthat:1370338495609368581,checkthat,1a823b47ecb27372cbc697b15de75c5c924401f54c928ec8868b0a9cbba27db5,0,0.9977945,1
checkthat:1370298857616183297,checkthat,27d18b3c11a1feb6c82d8f647d98f75f068909e330a17ddefa0243612a36f4e2,0,0.28637126,0
checkthat:1370089668998488066,checkthat,183765d34a1bee7cff088f6c67cb5807bba579e62687a2e477f11d0c4891079c,1,0.9988392,1
checkthat:1370010378705514504,checkthat,28bcfcedf21edd55135aec3332f05c1e55b6290f94f853fcf9778ff110636056,0,0.99875295,1
checkthat:1369830469664178181,checkthat,46372097c7b30129d1035864bb8d1505bed9c27b40f8654923d321f780c42c62,1,0.99895346,1
checkthat:1369745343248732160,checkthat,c3ff45d59ba8372fe696844681fbdffac1e309f577eab132df3a9c3e6a212e90,0,0.99878126,1
checkthat:1369662803318038534,checkthat,169095891b59a37c39b96f9ac024f59593b2e5763b0796015b3f61a946ed0dd4,0,0.99902284,1
checkthat:1369637957909553153,checkthat,7255cf71179a923d1a176da8ef41f84c33c13dd285f37e645b9e86f87cc9633f,0,0.99900705,1
checkthat:1369484600699875331,checkthat,8aed3ad2ff07c440c35537e21dda917da3fd558c16f4075eb4bef970434884b8,1,0.9990245,1
checkthat:1369475595344748548,checkthat,1758620218cdc5b258175334e1c8a39d158a18d262a6b5fc62ae6599e8f5d941,1,0.9990275,1
checkthat:1369379986482855947,checkthat,085e6489edb9937ebc8831eb77dec730ba0fefedbffd5dcf569ec5018a4e5e1e,1,0.9989881,1
checkthat:1369363699387994112,checkthat,c2f1f2dda84301ce59f228749c1d83efa7017974d63dc638fda9870a4c687d45,0,0.9989256,1
checkthat:1369347538797625347,checkthat,9ab04e1aac378ae6c727b301df742a31f51a44c486ef0e78282cd5dfdf9329ad,0,0.99857616,1
checkthat:1369309977463160832,checkthat,17d08484f96c5c97e64e82d8c28cc1c61d8892eeb4941b40c7e5ae325124f569,1,0.9985513,1
checkthat:1369159096398659586,checkthat,11b6d81dcafef092694fd9eed3845b1937c8c8afd0462639cf5ada1e2c91f82f,0,0.9893528,1
checkthat:1369023447829975042,checkthat,833bb1a327b55f0fb71cda62d6eb74831b1bf946a954fc3131d89fb316301b3a,0,0.9981317,1
checkthat:1368986532711915522,checkthat,60f47b8cd261f385f12ffd118792fd63dd15576379b0af7e77195ebf498acf05,1,0.9988381,1
checkthat:1368949546047438849,checkthat,701d74ef4aa34c277e523252fd33ab9f7c23b74b2c8abf3c8c98ed49d195218d,1,0.99910283,1
checkthat:1370302858520825857,checkthat,6e305a14cd131fa1317e3744052931bd82b3e7667692a99b0b850c60d0403794,1,0.9989374,1
checkthat:1368866038213935107,checkthat,65f52bdc1dd8ae49446f6878c00b2c9f249e17180e74ca1ba394147c66884bff,1,0.99908614,1
checkthat:1360301605795491843,checkthat,e57746f5805950d8d4b04be9a72271ceb2b14eb3dba9288d9548f94e9f873ec1,1,0.9991418,1
checkthat:1348591411407499272,checkthat,e8b952e236f5b8584543f100bbc2383ca795fdcbba1a9ea28ec64d3023cc8722,1,0.9989586,1
checkthat:1348765791638810624,checkthat,4802aee4bee2050f25f726233c4964a3b4ff9c7e60a46e0eb4d86e4d3395952e,1,0.9972289,1
checkthat:1354514544375291904,checkthat,f8f1c74ae08c06a77d04eccf191e54f60e05e70141e8ab88717100ef492d41ff,1,0.9990734,1
checkthat:1369893558786875397,checkthat,f65370d6c9573601f9d03c15d76eae18875a89e5323d5fefe911972688485e8e,1,0.9989054,1
checkthat:1369469803795124225,checkthat,1e190572be6982ca6d60aeacd0d3ce9eeaa22f2a5a152b7b701bb6d3baed785c,1,0.9990213,1
checkthat:1370526209776496648,checkthat,8656d3fb307f33675ce816e5ee04a122dea4d50c751a56a0d42c20f63b9b4c6c,1,0.9991036,1
checkthat:1369393835210575882,checkthat,89d2fd135b5043b212141af0f4b49387fb3b32c757db1db9c02e57c8eefe5573,1,0.99903935,1
checkthat:1361494658153476096,checkthat,9bc146f7900036ab432d90d1cee9ff11a183bd9a3ac09c3122e00c4386d6c7ad,1,0.9990602,1
checkthat:1368007420929216514,checkthat,ee5ea60f3d0efb724b1e03855184f9ff302c6017b716d281a470365c00689136,1,0.9986915,1
checkthat:1368016265386762244,checkthat,62e3f03b9904e38099a7e2f0fa6bffcfa0ee9d0ce72970ea07a8c2439a2a818c,1,0.9973393,1
checkthat:1367206160198107139,checkthat,09ad7cdc0d725d496074123cdb0ccee871b2467f5e8cc2e59b5c1b1a6ac63740,1,0.9988568,1
checkthat:1366083991120527366,checkthat,e5665e927897157e038db8bf5f34894d372f7ae7acfe59ea13b4277b8ad0ab9a,1,0.9990263,1
checkthat:1366864490424369162,checkthat,7fb3c8f6e40aa1949a46a2adfa45f5e83be89d2bfc1edbda2b0a72e78fee8900,1,0.9987264,1
checkthat:1352688746978828289,checkthat,f6b9c5a61114dff71038eafc2846d6970074fc057c14a478f79d35d4581f015d,1,0.9990393,1
checkthat:1371072069258055684,checkthat,0e165fe7b5d2de77e0dacef0eecf4b8d3501b65e935177d35a4c26a6083ff79c,1,0.9989716,1
checkthat:1366077985682583562,checkthat,d91f450e6b6c5e9fa7b070f2737ba52695712bd1c98c78613447f9bea6c50f86,1,0.99862933,1
checkthat:1367300447032274947,checkthat,56fa26c1726bf737412e260356e3eee8411deff0e42409773caeefe6980b6fa3,1,0.99912125,1
checkthat:1367910780742471685,checkthat,d3d44c868267c08703dda2828f4ceece290a61d6da5dcaa661eda6b37d7d0aae,1,0.99902606,1
checkthat:1367885268741685248,checkthat,e258fd092a597d78b1085b53bf2f7e69b500c3b9a9e1debdd8d382c0a517489a,1,0.99903286,1
checkthat:1366917687822094338,checkthat,3215ce26dd9d99a53d363a76e489afa78c21c9705adf514e0264275df5891761,1,0.999044,1
checkthat:1370004867142549507,checkthat,ddc64df4e15d06677e6ac4b868f68ba2d7ab8428119795530642008d2652b0d5,1,0.9991008,1
checkthat:1366864062433423365,checkthat,2ed6810425b85f11f1c5ca3131edfb9cd9eedad304ef734543611c5a623403d5,1,0.99857724,1
checkthat:1356264295726772226,checkthat,0afd08fd673d6adcba4913e10736a65aa372f88a075947f1f5a786510bcf1006,1,0.9988312,1
checkthat:1370626654654054400,checkthat,b4034bc4ee8a439db04dbdead410782a7a5531e993819c4081bd8ef20aeb6d5c,1,0.99914706,1
checkthat:1369332679968231428,checkthat,c65d3147197bd4ddc4cfefd53e02f031041d7299d9ff1ef84605c9174b2987dc,1,0.99879694,1
checkthat:1371117924266704896,checkthat,791ae0cb7ca28ba53d91e49c0590a98413fbb69d02bfd021131fe32d83166256,1,0.9988858,1
checkthat:1368961124238983170,checkthat,a2654f82a4d52e320f4dac64baaf2a450b7720995b4ed8393d4d094428af34d9,1,0.9991142,1
checkthat:1368451515158003713,checkthat,fc416c14e1bff73139e672668927f1d05ce55132ae21375e660412b3ad7e725b,1,0.9975374,1
checkthat:1370278559135236096,checkthat,60e3eb4ff3c69c30b2bf9bfcde4354fc89b6efc9a266a16ac1b4fd51221bf08d,1,0.9987459,1
checkthat:1369996972334190592,checkthat,1d82bef664b356a7d15bddc17fbc881f480fe8f476f343bab4613e1a975fb819,1,0.9987305,1
checkthat:1369258162843488259,checkthat,109c5b2ac3dc552c445b869aa964e6e70457beb1fbd135726a7bf6a0a8bd5751,1,0.998538,1
checkthat:1370183744145985537,checkthat,273f2d12982d9cfa8ca170a5212dfb715947b601e8e3081dd3d1d6925d8fd683,1,0.9991047,1
checkthat:1369769401310908420,checkthat,4645231fee088a945c399fca8f5c99fc79d0c3fef2b82746dc5b80340d44c3c6,1,0.998692,1
checkthat:1367848041261187077,checkthat,966196a139214c2f1e5823538ddc0dc210ac921fbcd1a479e0290e97b9902eab,1,0.99756277,1
checkthat:1370417533384294411,checkthat,87ec03d2e3222edfd73b8e69dccfd36929a463be2fc65a3d3a0aafa53c7fb2eb,1,0.99896026,1
checkthat:1370322823281999873,checkthat,312b852985438df99b7d4c41cdfc10f19782a34f49f23651d43efbeacaf655e1,1,0.99910223,1
checkthat:1369770839877574668,checkthat,4b6a175820ed87638153ebbe9b6207192b39ca17c2ea6836d03a15dd05c4049c,1,0.99892324,1
checkthat:1371092000959791104,checkthat,b79277789dd2a8270277c9d611c9895e5e83f37a2f7f0568367da7ec8c368b11,1,0.99907255,1
checkthat:1367369251221291009,checkthat,fd12b27a8fe2a6427044bf07b8e179aeea4078829aa8f3f0ddd9382e715d09fb,1,0.9987388,1
checkthat:1368134445644083201,checkthat,e91d272367c82f8854116f3798e2dd1b3c74f8acf1b196fcfb151242f238f922,1,0.9991246,1
checkthat:1368839481814614016,checkthat,af39aed68d256f1662d8de2bbf6065658f484651652a4f49c0b86790751a9d4b,1,0.9983742,1
checkthat:1370409317145456645,checkthat,f9708975142d24985a6cfa8c5947ab1b84e070f5a4e401185f8d7aab258fbe6e,1,0.9976369,1
checkthat:1368969641523998722,checkthat,8fb8a7b69803f61cb1920b0fe96b955a4787ed99a007f0091dbd1e7cda9f2d1f,1,0.99886155,1
checkthat:1370457409882361857,checkthat,b661ac0cef8c8acc2b1e8497a3234ad1d89b37a4c5ef17cd5a88f17a828dbe0d,1,0.99874806,1
checkthat:1370058909642330117,checkthat,707b88f81cce7ce94a06fa679a8c96ac5f4b6a535f05a2718219d0d41a5a1568,1,0.99864525,1
checkthat:1368979786547163139,checkthat,68e6df10c6333decf123ebb88abf773203b86301e288c66fe9772e2e3842fef0,1,0.9989091,1
checkthat:1369996530527178752,checkthat,f1b7e1fdcbf72284a431ae0d4922b479548da186ee8805cec0d0305df62fc460,1,0.9977245,1
checkthat:1367591614990872579,checkthat,68728c8008ffc7e2debe44b120d418286dcb0a18c7d8b3f0c4c2659cb7f6ea30,1,0.9989531,1
checkthat:1370182127363313664,checkthat,0786f3133d27833f382886d423ab5fbca62435285d1e3e11f8f2013e4edab426,1,0.9989594,1
checkthat:1369720463170101250,checkthat,e43f14b80920c31e47084524973c112e6561548938ea24abe17701c7797e4dfd,1,0.9990514,1
checkthat:1367490033448607758,checkthat,4ffa561851fae37f2ce4161a26f6ef6bb71acb4a4036a6826d538a9fc6976ea7,1,0.9946688,1
checkthat:1367543408827510784,checkthat,f56a98d71e86a31386b47e2e061140d2b98adb8320fa4571302e1647f07a945b,1,0.9989986,1
checkthat:1370539389613350913,checkthat,697edcd03d44c89e7ace51e911b1b0180a13fbfd8a2daf7179a514d2e06afae4,1,0.9991279,1
checkthat:1370144051060686852,checkthat,6a6b4ed52d80c7c60cb4972e239f214e52c08d937861a53820cfc860ba40c48e,1,0.9991161,1
checkthat:1367946847281684484,checkthat,dbca9fadf1e9d5c352d956b9149fd7dd5cdc55d01fc9e21992390c37c9add2f4,1,0.93013394,1
checkthat:1370932727990644737,checkthat,dbaf514fedbf33277e521d57efbc25677f633e42381f03c88ff8c11493881f48,1,0.99846435,1
checkthat:1369702332485795840,checkthat,d4b409d451fb88586b42621cc470f0a9332e778f7e32e9cafcb121716ebe340b,1,0.99912626,1
checkthat:1369472224038682625,checkthat,0f23899265eddd81bdea9c59ef2371992c64446f8e4ba10070df9d5ce4a646cd,1,0.9989467,1
checkthat:1369343664523251720,checkthat,02b278ee67e8249dc80287f59472a718fd0e4bcb19499852ec4d53c7f64c2135,1,0.99788,1
checkthat:1368178197993553925,checkthat,a1f16e50e8d7e4715345e62119a626feaa10025f2cefea953b1aa9189a7cbb6c,1,0.9990847,1
checkthat:1370843248651087873,checkthat,b48f17781468c8cfceee3cebc3673d9a7b57ae71e4736dc3688f7a030c6b2fc7,1,0.9987752,1
checkthat:1369527438623920131,checkthat,38471e9b98c6f60efef20d02201e425e43c00c70ec3b2c2bda98e2e4a07a24a4,1,0.99892443,1
checkthat:1370094687403540482,checkthat,6433fbd94ea2f270f71c37f4ee1b9f69cfd90e6ddcc6a251715cce11608a510f,1,0.99905497,1
checkthat:1367376793632731142,checkthat,b512f44344399ba01ab64ae072dc4fb35b9cadc0473489f5d82099dc01a2dd27,1,0.9989126,1
checkthat:1370987656776138752,checkthat,9d65162540ddfe0d3e00ec6816f860d7a19a7d34124b380703766de50c2e785f,1,0.9986998,1
checkthat:1370041406048202753,checkthat,f4bd00fb9b0dd5e37466d00a256fdeabb71dad6cbfaeaf53a2ca5a44b13eca75,1,0.99890697,1
checkthat:1368951811319754755,checkthat,8d2e82ed898db0adf7d325d0e9ce0bd611907091afbab10bee8403e95e53aaf8,1,0.999049,1
checkthat:1368701052254646280,checkthat,a1ec5f89f3329e4137172004a4fc1044830f616e79da4a1971ed02b81349d307,1,0.99899477,1
checkthat:1369252646452948995,checkthat,532350676b8109d6a5195b3bf5302906ee1495abf377bc31ac000ff4bdfd5295,1,0.99854004,1
checkthat:1369063428770295808,checkthat,6a6fa7e82ebf9d23a5a795c676ac8db58c561f5320ee56c7547820094f350c7c,1,0.99912184,1
checkthat:1368697437267914752,checkthat,877e33ffb2f890f9f2c7156e662037a861e4f9e068627c2b804769f8fa59d071,1,0.99909616,1
checkthat:1367651377833533449,checkthat,03de5781589325b60d6322366a4aef2043415892fba011cf4443166a26f54871,1,0.99874806,1
checkthat:1367137080665636864,checkthat,921d8c26aa8bb314263fe7563acb6fabcf783f0c0b571b6d995bb4284a5dc9c7,1,0.9989059,1
checkthat:1370358915930730499,checkthat,381773d30b01bf927320802c3412c69236a5143370fa3f06fbbc4e2e3e7fc812,1,0.99838483,1
checkthat:1369721125886824452,checkthat,159fa4c008143a508b9536ea444576a8d307d5ea12ac21aac1a510dc38f89b91,1,0.9988306,1
checkthat:1369648768707137544,checkthat,f2a6c618a6c75df95c43723b490321665e9472ff241ab13ef8f01a4572427ad5,1,0.9989858,1
checkthat:1369747539109568516,checkthat,de7a63feaeff3da47a67627e023ef50790bd2710e2df5b23f4bc517f3966adc1,0,0.99875224,1
checkthat:1369684450834059269,checkthat,42f4dd42cb7407ccb80c1533121353787f446c9d128ebe5e02e111000af5f61e,1,0.99885774,1
checkthat:1369533948607479810,checkthat,77f11886a6d2d0fae6a6a3281426bc02d79689f33b9eafac6eaa339da7507790,1,0.9989002,1
checkthat:1369064411672047623,checkthat,fce766745bcc858754deacf2d25c0ff3355f3bef146218a23f7eed2a808de8da,1,0.998852,1
checkthat:1368979859406471168,checkthat,a3edc6a430d4dc4a26b5d670da06f32b246acdba693043bec5e8a8d880385fdb,1,0.99874324,1
checkthat:1368973420952686603,checkthat,666d22657056d73d88f7d8fe00bb24b607f5a5cd48222afa98725875ab83b0f7,1,0.9989268,1
checkthat:1367954152203161600,checkthat,189eb4b8ace1d78b88c1a868e63fb19aba6b0418898b3f5de629502ed5eeca6d,1,0.99901617,1
checkthat:1370792790339297280,checkthat,930f481e8d2eef547beba2bd582a397ee2aa401de5f24d561accc211106327a3,1,0.99883586,1
checkthat:1370348455764357122,checkthat,cead0375051591d45a5f1598e1b71d4da99f912c714d4bf3af7d13b244452e77,1,0.9985863,1
checkthat:1370344343643512833,checkthat,ed78b00cb4b97f0a14b8e88c6463251919141d556489d214713baa5635cdd7ca,1,0.9929196,1
checkthat:1370059447389855745,checkthat,495c8218afe37c91f023c83861695cffe0b5e2ba4ebac4e72c2574f8901cbc7e,1,0.99906546,1
checkthat:1369778581044400130,checkthat,950b38cb4e69300e8c28325376b5741040d20cae6b08d7a68c508c54f1e38a1c,1,0.9985454,1
checkthat:1369722066711281666,checkthat,e369570cac4523b816ca77f97dbe4fe811e986f0ec3d5e8637e62cc481184d94,1,0.9991061,1
checkthat:1369300750480904194,checkthat,00f3b8935433e6d9b9bba497e7fc6a52eee063104f27c4725f0471a1ae5a7386,1,0.9991345,1
checkthat:1368763761742524417,checkthat,5e8fab198221ba8f60b5da806bffbb8773e68891b74ec1a0a16f10c9fe0b7a5c,1,0.9989189,1
checkthat:1367430622025834498,checkthat,262e053392bc7f3505328d27bc093bb5f30f22f9f95540ecf2c3052edb156ecc,1,0.9986915,1
checkthat:1367152526370430979,checkthat,c62f66a1508fd7ce6304e62c36d2bd86ff38efe5d5bb1000835faa8260598052,1,0.99909556,1
checkthat:1370686071575605249,checkthat,ddd9a588e30bcfbca799a836b293f03dc0a6cdf792e5dba5063b1985a04d2ce7,1,0.9990301,1
checkthat:1369710176618614791,checkthat,e7f8c14750eabc866ed615173e09d9ae54790ae30bb06480eaa42dd5dfe32be0,1,0.9976943,1
checkthat:1369277119860183044,checkthat,26b0d8cd29f0db2ebff69a5026c9cd7fa4021e33fdad4ceab224e22e88a3f2dd,1,0.9988636,1
checkthat:1369045265353637888,checkthat,79558c5329669c9e4d9e0d5d858f71219ca9d71e04bf26db4e1595d5449f06bc,1,0.99548054,1
checkthat:1367994144325468162,checkthat,00d2e275c7becaae1f38be8f30ee03e0f83839f8cc680630ca3f645b5785f736,1,0.9978053,1
checkthat:1370447194516504581,checkthat,8a3c5dfb01ea6861d4562a490733f9dc684d64abc9f21afcb5e39ced958dc948,1,0.99873847,1
checkthat:1370295596733579268,checkthat,6bf716acda64aa048c6ef9417e1746624a8101fda41427a823aff85b1f3bf68e,1,0.9988418,1
checkthat:1369559465469472770,checkthat,c535aac0b04ad33871335908ec6d90b37064b6bbd84b5c2cad40ab67c859b885,1,0.9989427,1
checkthat:1369341265817567233,checkthat,11280050dc5528685c389f67499ab979206d218734cfdd0c29020977d2c184d1,1,0.9984611,1
checkthat:1369011695566389252,checkthat,e8a80c9ec85680b591ccec59406758f95e66269c069507c9a20f5b74966d2927,1,0.99382657,1
checkthat:1367068851129774083,checkthat,3a1f3f02e880b66ddd128340ca6ffe2745a402e29fc05e0b12ff8cd1be558537,1,0.9991716,1
checkthat:1371088142212685826,checkthat,a9a961a045b814fcc9d079686699c7c135d59ee126db753159855b0d6c1f224a,1,0.995194,1
checkthat:1370479232661385218,checkthat,61bbdc79fc8f289883759e41976f366ee431ab8334de44aa2074b04492309a14,1,0.99895835,1
checkthat:1370419549112135684,checkthat,b1fda4331a710dff4c9d22741528199e747edfb5e40dbebb703dfb46e771b412,1,0.99855965,1
checkthat:1370408774154919936,checkthat,1941495175e61a864c27e2dbc47543ee2f0df29b38cada1694a517f49e4ddfbb,1,0.9990386,1
checkthat:1370329711922974720,checkthat,f8849277dcefab33377258aa5de1529a6f43fda5e8af990c4c3a38e8db2d3514,1,0.9983413,1
checkthat:1370268895970537475,checkthat,33e51176cd06c50a437529960187385a2597149754a5ea8f1e00ff5c99dbd5e9,1,0.9990221,1
checkthat:1370214715385872385,checkthat,38624e911631ec790ab5dc2b20cb38113f5949f47fa9a6c05abad6e1294a5cfa,1,0.99864167,1
checkthat:1370161357308444678,checkthat,d7dcff42f47f4bdb9c5df0bfc4683e353b978eeee177491fb02d0ae3bdb2c833,1,0.999102,1
checkthat:1370109908599836672,checkthat,54805edd4ed95585ba7a9cdc7205c2ca93db427e7d8238958ca64f04c342b0d4,1,0.99878746,1
checkthat:1369970990751563776,checkthat,77b7c75af6dea83b14e8e83dfcd0ebe79028ebc36015d1a6dc036a40f9f8b682,1,0.998877,1
checkthat:1369713233389568000,checkthat,ee9a14b8e14873f56bb5f284d950ffd386af4b0691fe9e131852459255f76272,1,0.99914026,1
checkthat:1369669968237846533,checkthat,067635806cf5df20503170615404d7caa01fe2606c823c132895097bc903fd67,1,0.99894506,1
checkthat:1368765926737211392,checkthat,fe25e3def35fb3bd082457ef4fc104998eb8b0acb1a427d3d3a50413fed27184,1,0.9991411,1
checkthat:1368175718568431624,checkthat,f5390188bf0980e6e962a7351dd624b792c31ef4ab5b4e647c69c7a94c93a3e2,1,0.9990313,1
checkthat:1368133605436755972,checkthat,1d7262d0da2c116456cba0b3649e173ccbbd9f5c9319953dec1f26f9815023e6,1,0.9975604,1
checkthat:1356619107827929097,checkthat,d240aa1356bf42c27577a6d8da7502a41998184ea2c7212d8dae0ee3866ba0b5,1,0.99899036,1
checkthat:1370743457669509121,checkthat,ccdcd3d928b0c105ed070ca23abc4fc97202d4cce98977fcfbb528c4866dd24f,1,0.9990528,1
checkthat:1370397600529199105,checkthat,9bec9b829ea45f67a53dde86faab66a003bf24fd646ceffa14aaf4976606f9ea,1,0.9989525,1
checkthat:1370333269900820480,checkthat,308ab378fe9040a460f8ed1d13c92f7556f40b67b3e44476a5db3fe210a52f95,1,0.99908316,1
checkthat:1370173813531443200,checkthat,b6a71ad8274510e29cb32cf02fbcd2eab9124e0bb00e0d196e639b4054d0e40d,1,0.99904495,1
checkthat:1369996536462139396,checkthat,3b90e62cd172746da6afafcc4e6b78b0cb4138d9bc5053698245cc9d626a6eb4,1,0.9990446,1
checkthat:1369833954329554950,checkthat,f4d31f9f13328c9132cd884add562c2c0d6f99ba0f482fa4a0ebc390e92e0e35,1,0.99904865,1
checkthat:1369663556074041348,checkthat,98c88e0395f1a06fc858a7c4221ee5c79e1c1be40ecb0c4abe2a543ddbbb4f8a,1,0.99899906,1
checkthat:1369228506429681667,checkthat,2f01e3ebb001723c4a1c753e3366dc68b1b815faf2032ecacc7ea17061432a2c,1,0.9985489,1
checkthat:1368758374419079178,checkthat,c71f057edd52a8b3a2ed5c0906bcb19cc97fb5231cde3951781de4ea78e543b8,1,0.99902344,1
checkthat:1371099189812342793,checkthat,c60f0cfe2630ad62aeeb0d90e0c7f0933502d19bd542bf73d33b05759681cd2d,1,0.99828905,1
checkthat:1370717529031675907,checkthat,62f7dff861eb9034a619eaba8939149b24cbf343a5ea125b9c8b147bfc4cf278,1,0.99905974,1
checkthat:1370507249911787520,checkthat,5306fa766e4334d991c6719fad2aa2c666b14e8fa3a2624ee4ef9bcea8db17e6,1,0.999111,1
checkthat:1370395424209653764,checkthat,d8076eb977cc875693abf256c61ddeb22af4afc751fab240c07d9dfa0219ec5b,1,0.99854255,1
checkthat:1370208201451343872,checkthat,bf8811a2487bfccbeae745ee99f4af70dbcb302133359c4c685425263a251da6,1,0.99885416,1
checkthat:1370089641487994881,checkthat,9a7124254473d5df29de6cf8884c44b1132bcfe61665641ccd1640dc07f660cb,1,0.9991085,1
checkthat:1370068472407990283,checkthat,3510ec675b7b12b9038d31cf9792f55c33a545f06fd9444d546698e702e71534,1,0.9985524,1
checkthat:1369775824463872002,checkthat,8563a1dec97707a84046849d3a57ad3a813c4da893b4078da92ec45d548de684,1,0.99893576,1
checkthat:1369770479641387008,checkthat,f098510c3190e15ab46cc9a9865650505f6dfda700c41e274405c4f176356c06,1,0.998621,1
checkthat:1369662579023482885,checkthat,74d4e2d7608e11b0fe7409765a99984fb76d564caf1586fb9801b3248395a794,1,0.9990264,1
checkthat:1369629489806901249,checkthat,ca2900a153d4c243d2fb8546a7914855e90b57ab6048d9769779ab8c76239df4,1,0.999071,1
checkthat:1369535994026893316,checkthat,188b07b294c5e88c704bbbfb67e73bf613b7f2fa7ed5132bf9599de47def16fe,1,0.9989213,1
checkthat:1369460524954615808,checkthat,cff72c758f330dc023e8cc1acf0f55a874f69834b3df4724fd8fee135b561d84,1,0.9990797,1
checkthat:1369413852530630662,checkthat,4a8816523fa00a5928e7dd2b2e7f6e5fc091bb8a259c0c04607735c45a88db34,1,0.99883074,1
checkthat:1369283103655665667,checkthat,abeba69d79d3b86d56d18a3f4f26052eec71ca695bedd6769d2a26ca356e23b9,1,0.99178594,1
checkthat:1369269167405301766,checkthat,5bc708b44788e8e62df4eb08b2e15f63a2a732ebbace674348da2d3ec41d5622,1,0.9990416,1
checkthat:1369191593723432960,checkthat,87ab65171678c314da397751506ffc1a328ab5ea29a30e79f1a029916e2b5ed8,1,0.9928838,1
checkthat:1369143064107814914,checkthat,2633205cdd31a2a7265bac6710f782d8ceb0b4c8dc71e12662b7fdc05d8fc535,1,0.99902546,1
checkthat:1368962748965675011,checkthat,bde36cb48d66b6d8603ae828d63aad0de84c112fe573d5c0473af4e414d252a1,1,0.99883574,1
checkthat:1368557956304936960,checkthat,d5bdf753e784a06334457fea16cac010fbcaf12f09ad70efc247df68bef7b7d5,1,0.99894553,1
checkthat:1368353071902822402,checkthat,888297f1a80eec22da8d8d41f834b6ef1c24439a6e1e67afbfa3dcadf8ff074f,1,0.9988894,1
checkthat:1367951060967428097,checkthat,3198fa9ab1497818cf0e69e16cc87c3a321d782e9711a3f923f8c7a5bc854e99,1,0.99909043,1
checkthat:1366380544452403203,checkthat,74d597fb276273fbe7c7e60a84bd6162100d94ac714f086d69101ac876727b46,1,0.9989279,1
checkthat:1364986341881237509,checkthat,8f08d8d071ba8fae961c2d60b24adf842b378e71338d254a0a268ce1973ddb4c,1,0.9990507,1
checkthat:1361302852443004933,checkthat,22d10a30584967764e4fc548176e876d50abdc02f50720fca9d4fca2e4199c94,1,0.9990606,1
checkthat:1371061043242233860,checkthat,8f9cad9a1d91c8ac9b54ad0f5c9340ec62a4ec4b9d5483f695346421a7aa5ccf,1,0.9985488,1
checkthat:1371055328222187521,checkthat,4f13cd550f415d4146d415bfc9ff86792bf9415a2ab53c1b842cb8bfb1175af3,1,0.99903643,1
checkthat:1370375034880024581,checkthat,44800b4b49409557c0ffd489a18867a8a457dcea79ad02e1df38d28e19290b42,1,0.99905914,1
checkthat:1370316669206335490,checkthat,7a4c6668905212ba84ac1d381a6c5dcac594352e904d09d8dfbb39b036092c7d,1,0.9990754,1
checkthat:1370054367995437058,checkthat,e1b445fc8d77cfaba4c96486fe3b2a3ecc484ff92633a7335a69bbe20474e754,1,0.9989814,1
checkthat:1370052575274401792,checkthat,e99db41cfe1a7b5dd447916c931e508888fbdfec5907bf07fffd0cb59c2f47b9,1,0.99884015,1
checkthat:1370037296670535685,checkthat,1426017f420d57696db2fcf453daaee652cce42e717a429d4add0f73e60b9b02,1,0.9988329,1
checkthat:1369891292616953856,checkthat,d9932b3deef64d2796e0310f22d97e16c1e9ff22a897748247f11425cf62910f,1,0.9987445,1
checkthat:1369771134309261314,checkthat,0a7347758d20f6c55a094226adab9c9946478fd8c4254c6387b74a711520576d,1,0.99909127,1
checkthat:1369597629043245059,checkthat,8a32fa626255bdda1a0eb3b47e36ca18075f7d15150bf4d036503c97478a14e5,1,0.999042,1
checkthat:1369552727248867328,checkthat,18e82f62fc7260dd0af4418e9c28ed0aba9e703a462c768f2b838844b83356aa,1,0.9989666,1
checkthat:1369482324077903874,checkthat,c849424e9b9ef90dd8a143140b656b21a28e50a95099026e2b620c4048f7b94f,1,0.9989385,1
checkthat:1369480636424142850,checkthat,c4e86827c8fedbadf734ea3dc0947e09faf3e80a6f85de8338d35d58ba2c255d,1,0.99846715,1
checkthat:1369471258362933251,checkthat,2f841b85b0e69dd5b72a83c706acf3815bdd1754572af0bbb61fc900476b581b,1,0.9990971,1
checkthat:1369276565121601547,checkthat,60d61799382913b1324e50a9c186bf78e4596d737274c9c4b5e167b6af497999,1,0.99910176,1
checkthat:1369117248271613954,checkthat,3cf5b3c6802800051ed685b84f50eb375a72fb751a455278992e011f2ece006f,1,0.99886465,1
checkthat:1369010958719459332,checkthat,ac58a323493d90b824f42899574e70fb30ee0049d6594efc1db8435a45612abd,1,0.99881494,1
checkthat:1368991376583499777,checkthat,8c21a3d94feca783cc1ff8843ba3cd4697fc8bdbc2695b4b1d67470362ab887d,1,0.9990019,1
checkthat:1368969767114055683,checkthat,7de4121f64f79ffc7ebc48a87fc83f7a10a6eb0b7006b3d78b2a293478ce9874,1,0.998553,1
checkthat:1368604225559818244,checkthat,876916d0445f151fa9f4b83a544a21b1687c942ce551d3dc561ef1185a8570fe,1,0.9986677,1
checkthat:1368595447263227906,checkthat,5eda8f3b9bb25cdbc0a8fb161b473a7322ca0b89bde132737439edaf5d92b85d,1,0.9991246,1
checkthat:1368398508726816773,checkthat,403d535924d768ee41bc10ea167c4f08eaba2e1c5a51a29b475ae80558a5aa51,1,0.9989066,1
checkthat:1368254661866655745,checkthat,d9c287b721cabbed852d61c7f7e78e1c2806027e394093f309ddd6db878a5c0c,1,0.9990194,1
checkthat:1367812146801770502,checkthat,a22abeaf02d617335cf2c3a69e8f27c089496f9bebc636409a7391e4c43566a6,1,0.99872905,1
checkthat:1367069310322024450,checkthat,9fdee6aac1913b294f0dc12a0edb144ac39713ba8f4d04f18e4d307b1f637c55,1,0.9990227,1
checkthat:1365376336777289728,checkthat,a52a8814535161d394c358ae42e1cceb4d79a036f4b9c8095a673059b6d9e199,1,0.9986935,1
checkthat:1362520344603602948,checkthat,efabc582671145deae37243e97f0fe37f08900f9df05b9aa2f26590f34b6ce94,1,0.9985879,1
checkthat:1370717545645408258,checkthat,8f8c9f80940d8a7f7825fffad37a61f714390ed36bbb264ab2799e793b21d9ad,1,0.99904734,1
checkthat:1370683683871600641,checkthat,b8521674e97b82ff28a77808191fcd50888d3638e585b9b37e42665e9bcde49b,1,0.9990625,1
checkthat:1370645807792156674,checkthat,6c88caead621cfec4c5cd737fcdfcb78dd212407debf815d1639d1fdfb41ed59,1,0.99909747,1
checkthat:1370526765655814145,checkthat,1bedc044ed1bb6a3d5b6993354f9ce1cf6faa08b15fac1066f28e7ddf1871302,1,0.99906164,1
checkthat:1370463379358429190,checkthat,e55e9ff480604f3f455622a83325dc03c287357cb890c15a71c0b06df67edd62,1,0.99714667,1
checkthat:1370314454030643200,checkthat,825735b26d35459117ff7b60b15b5e8b27c49e62abe3cdcf590f55445795b6c2,1,0.99882096,1
checkthat:1370314327459254275,checkthat,d644946ef415354cae2883166350bfb44f8427976dba907a52a7e9f7ec02f318,1,0.99786466,1
checkthat:1370294702013026306,checkthat,791c7e57647f0a29db34e976a0e30501407564479f25cb39f279def0f56e5fc5,1,0.99883074,1
checkthat:1370277799047610375,checkthat,6fec64a8f764fedbfe49f3d4ebc7adedb59792669503e3e4355c9db7cc17b18a,1,0.9983486,1
checkthat:1370257625867227143,checkthat,b0fe24b3cd7d69a3de7d4bcfc0ecf64c03e9871005999d7927e2a2dfa2d1a15d,1,0.99898773,1
checkthat:1370245744515371010,checkthat,ed513828a10ee94a2760f67b23c1be034b2782f287df8a99e138503c953db07f,1,0.99889743,1
checkthat:1370154670115627009,checkthat,7b4aeb79e8a4b59345b3c58b5eb14fd4cea87579f3a19a2a4cf56a55a38914f6,1,0.997227,1
checkthat:1370144541148340225,checkthat,638c99ee1e454b42f4f056e55f44684d2041200e3ba234cd4435f28ae621cf4b,1,0.9989231,1
checkthat:1370107813591011328,checkthat,113e3a1d31d27eb53fa8dee15bc4fe4653195c575efc1f6576595675c1d6da1a,1,0.99894565,1
checkthat:1370094891703939073,checkthat,2febda887c7741f56a737208c22b4757f16b3fe325ca491f33252c3a7699501e,1,0.9991021,1
checkthat:1370070016280920065,checkthat,2c1f46974165de6918ede767dc1f7ebad0984f1e264e91fa9fafd354062ae847,1,0.99868625,1
checkthat:1369846716204163074,checkthat,efce2006dcc4877ce7ccf8098b38dbec61c7a0b513c3b7317a00b74de77b47f7,1,0.9990503,1
checkthat:1369635415607631876,checkthat,c78f9a822ca7d85375ec31c5dbbe83e92a5039027b3b12b1f114c4d3acbdc875,1,0.99877816,1
checkthat:1369502026695053313,checkthat,c720c2a61a05f5603e303ac83337aaf9351124c7ca8ea7135398563bf5b5147e,1,0.9991148,1
checkthat:1369256075350990849,checkthat,88105d8d87ebd911493aa8d47c69b373e1c020e8a84888b8ea897ff8ffcce9f8,1,0.99910396,1
checkthat:1369199459477884931,checkthat,1ab42e05a203e27a4a0f46dbc6aa13847d9cd1e5c451bd17313409da3d0eb65c,1,0.9986712,1
checkthat:1369022513699815430,checkthat,d11ce726700150ce40231bcda733e4231a37781bd64d0f98c3cee5c3fd064533,1,0.99908996,1
checkthat:1368979615620993026,checkthat,aaf39b95b3ad7a6f4f5b0f3297814d379fdf6656f3e461bb9aec84f30872c6ba,1,0.9955987,1
checkthat:1368955736806498304,checkthat,17158c4e1545eca84f9666253c993a1ad153a1127d0abc373170b51cf11e7ba8,1,0.998803,1
checkthat:1368378843724017668,checkthat,7bcfba5dfc4b0863c3e1dd999ed0a868576492d24c24bcc007fa8ab45a582925,1,0.99906546,1
checkthat:1368341886356848643,checkthat,f400e49f05a88c08cef63c9ea647b001a9ca7e9a51b5f070c09a2e3b030ca651,1,0.9989611,1
checkthat:1368158185723469825,checkthat,bd903aac5db2e3b133948dd3e9205e2ff555ea354da1a518c8ac9e684ca52efc,1,0.9990031,1
checkthat:1365790837976702976,checkthat,71497913602f3d035d2547028d7e556e666873574175a66400563c9f86633cad,1,0.99909174,1
checkthat:1362532857017757704,checkthat,a56e5ae21c31c56fff03895f751b10e2ca9052ccfdca21e7b7015e2e53e7e019,1,0.9988386,1
checkthat:1353809050740400128,checkthat,e70fc714d6f6605fdb6444576eaa12eae3324a62e73924e3336c08c66d6c38b9,1,0.82967055,1
checkthat:1371125562807312391,checkthat,fba0fc893e3ba25d70b5a6300526dc2f1875b969ddf88f8593dc34e813b1366b,1,0.99910104,1
checkthat:1370995556697341955,checkthat,d1bb4beecd388878539844610dd15ec534b4a8374c2bd9cb8214b13ddd9645df,0,0.99912006,1
checkthat:1370840594671603715,checkthat,76d207908b9e75ce03ab1f05091248529494af5468b2acd22bb4c47b133e03a8,1,0.99910307,1
checkthat:1370752919214071809,checkthat,bf91e927d1efd8295ba89a51ce6e7ba8595803b77e0a38811fa1705f9f52ffbc,1,0.9991165,1
checkthat:1370562029610790923,checkthat,fb6910e52bdf431a88f222579d10806bb4a398e8a5cb32e527684efad842a039,1,0.99906605,1
checkthat:1370525013565186054,checkthat,c92249f8c3df45a94526870d0003c81cbf21fa9fbe6ae2f1b9c21b2b0228ecf3,1,0.9990157,1
checkthat:1370456105852239875,checkthat,bdb64cef0835e0ca1ef27801c38992de38abdf233dc3491ace340ac66b5a0da7,1,0.99827933,1
checkthat:1370447519461875713,checkthat,690bce932677d8fb93499573c75ba5363163f8a7f40d2c8f3cff869fef3eff57,1,0.9988543,1
checkthat:1370444921291870213,checkthat,7c72f4e5d99292373085a7437f2320b160d7651d486d1060af12d684d13dca8f,1,0.99911183,1
checkthat:1370396665371238401,checkthat,294dc3bb251656ce77b1b6c550f79bc58ebbeac9bcb7e319f7e9a235655875f5,1,0.9989644,1
checkthat:1370390131023175688,checkthat,669f15b5f28379129e83ad9519f82acf582f5f8ee108beee2a2ece95c32b0e61,1,0.9988036,1
checkthat:1370264544191205384,checkthat,ddb3dfdf17668c0690148949b19a3d082defe9b1ec4cfe8eb075c50334d7846a,1,0.99807763,1
checkthat:1370230814118662145,checkthat,38d82cc7da5ce955379edaf6858e44181113438c371d7194cc6a184b9b5c985f,1,0.9953695,1
checkthat:1370201193012727808,checkthat,b1250508c25f5865e603371b14705db7384a0a53158b97cc44d4782156ce34a5,0,0.90440637,1
checkthat:1370162629537267714,checkthat,f554b14ebef9489c6f0586d9b774723d27e246ba259b6c7a67bce394be046a2e,1,0.9988624,1
checkthat:1369683023411740675,checkthat,8da794a5b006b8b6478c6c427e771d51631cefacc0135cbf07f950c854706d84,0,0.9989648,1
checkthat:1369505838021414914,checkthat,19a15a1f74d87a7ab3a07700e7f585871c2ea65f13e3b02890f010a5eb798eec,1,0.99889755,1
checkthat:1369183197637079045,checkthat,9c897f0f3a61c1fd239ea9c9fee66d98c2e14e67087e2dce1065e8e1aace4aed,1,0.999052,1
checkthat:1368868537465442304,checkthat,d4edd8667926f60bf3064fdde26c07d2678be28c01b0938d7304cf2fed5501a9,1,0.99880326,1
checkthat:1368838550846795776,checkthat,6087603bb46a21fa06d9572a92b82286841469a879392b8ff8bd320246909b48,1,0.99891126,1
checkthat:1368690775752589312,checkthat,7d86a85b7b71ccd9684ebbd0a562207f1d8400685513be324c4103a97a56fb41,1,0.9988908,1
checkthat:1368627758981672963,checkthat,8e6dc08fb8060eec05d889ec6cdd67fecf20fe4ff5bd19c9e292ce3aba59bc4f,1,0.99915934,1
checkthat:1368624256536416260,checkthat,b1598e33c23a01cc537cea73087a627445476d105a557ca2f2b80849bbbbb60a,1,0.9991208,1
checkthat:1368013471359459330,checkthat,7cba129a5b913ee7af7cd7efd262221a56ccee3e01d2458be4b9b0b4d6160232,1,0.9990619,1
checkthat:1367888241161043975,checkthat,6baf7a0327d17296cbfe4111f74aec1d238a29f55ae012ff1dd954e9d149b3bc,1,0.9989832,1
checkthat:1367521537717379073,checkthat,29161759e3dc0b2148552131fa53d8a509558081cf358d44f97bd2a9664890e2,0,0.9987527,1
checkthat:1366903066818142213,checkthat,91887d8d5e8ee2ec78b52a28fc573df94b95221bb58e5ac21e02dc3c09851921,1,0.9989924,1
checkthat:1364228799345422338,checkthat,dcef67c574ab42d55cd8e59d753178afd329751134a4459e00f005230771eb7f,1,0.99862313,1
checkthat:1361250251915616260,checkthat,65be44c9bd377e074274229fc054a26f3532efce3f2afd43568f9e22cb6dd9b6,1,0.9983878,1
checkthat:1371137452514086912,checkthat,802cd43f8df3e388c3792a54da9adbaead3e42bd128cf1d98d94ae8441e17ea6,1,0.9991273,1
checkthat:1371092012313755648,checkthat,31e3a3a51e249d781d8beb297f3e42042fadf180b7441bf305f80d55049e268c,1,0.99744666,1
checkthat:1371066205398794243,checkthat,0f67a64addf9ee54874a3243dc491e14b34ee62efb9e14295629fb20886e085d,1,0.9938524,1
checkthat:1370900380289277953,checkthat,fcafdcdf066b55c942dd0d83cfa8ad7d15c1e218100833487c5b6d77a7f11707,1,0.9990565,1
checkthat:1370756237369999366,checkthat,6bb5c57288acd80e7dfe27d601cb263ac4e8508308631d62d214e79f6d9c66a7,1,0.9951427,1
checkthat:1370743466116927488,checkthat,fcc933869cf93d34b2083a2d66e4ec2c307a4c1720ae9efbc67a725ccce33e23,1,0.99879104,1
checkthat:1370738525461737477,checkthat,70f6167fce9a8a232d4aa7c3809425a943b528ab507d1394f799e86fa8905a3e,1,0.99906033,1
checkthat:1370692463577464834,checkthat,e43265bdf087f9959c4c675f4034306c909d6a134c66bf02b99fcd9435cdd570,1,0.99899036,1
checkthat:1370540879971282949,checkthat,a9f2dfbd80a62bc58c4a40101651c9a051e6dc545842ff43374630e16bb86023,1,0.99915254,1
checkthat:1370531737655255044,checkthat,df5acd950a13abd2de050014bea782c2cd43648af6d78f4609fa587f36bfca8b,1,0.9986229,1
checkthat:1370512360658636803,checkthat,823600a1b1d62a43b4621daba50f3adb39bc45511a5c7323faa87722ca4b5e34,1,0.99907553,1
checkthat:1241337295606657033,checkthat,b6dae8d880db9d267879b2050c80179aeddfb926183019edb69e498349625d2e,1,0.999151,1
checkthat:1241247329572683776,checkthat,a5394ff916cc874e1cb65c243db9264bf467322baf260951afd0a099a0a8eb52,1,0.9989415,1
checkthat:1241359584784044033,checkthat,ce70ed576c2d52c947b679ba052277471f15750ccc7acbb631b17bcd8fd53028,0,0.99891126,1
checkthat:1241699484469526531,checkthat,24166d353191b91a505b55e2409616cbec4c59e317e55e0f6eae413879b96e8e,0,0.9946213,1
checkthat:1240789646893821953,checkthat,0a15fe07a0c9f944830d6ef3502f2b0598a944b0f03584ada783fad466205d0e,0,0.99595946,1
checkthat:1242131768662282243,checkthat,d9deddd9adf02296742cac9fe712a18a371b26f072a9fff8d7026e93047eb034,1,0.99899846,1
checkthat:1240714976060248064,checkthat,339684a365e5dc9f51b31a38eb334391208aa9d1ac344c380c83201b0a55fd0b,0,0.9959494,1
checkthat:1242187597952069635,checkthat,9e75cf89b5e93474320fce7738746773b0f9ab707c8add336b781add38cb605e,1,0.9988192,1
checkthat:1240859409397547010,checkthat,17726e0da0fe7e9cb5fe4e781bb62a5c5d535e2b7a352a5ccedc9196e701f4ee,0,0.9927424,1
checkthat:1240353157693177858,checkthat,8d4e18168163cf5a2b5a458ba0330204168055dc49863f481f2a59d61bade708,0,0.027087117,0
checkthat:1240709511226077186,checkthat,28308b2ce49715dcd25617d73003fe37fed7245eb12a6c63155ad0fa40022cfd,0,0.99770975,1
checkthat:1241566743815913472,checkthat,b906e3d992cceae198989292479681b488794522dfe05904fdc73af068c8079d,0,0.042195305,0
checkthat:1242414406203371520,checkthat,afe65aea21cfd2b050985c107ef996c220143b48715ca19915c81a04c03fcb51,0,0.7775903,1
checkthat:1241789646037602307,checkthat,70820963a4f0cd5c60233960b8d69ffa1329cbb5942ff1408eaf744901842a5f,1,0.99902344,1
checkthat:1240810734315024386,checkthat,7b645ef216083fb9942b9d77bed10fd9ef62c800a28e2889ea97bbc4aab969ce,1,0.9989385,1
checkthat:1242223348236550147,checkthat,d2d60e223bfc290f159e02511ab579e64b47a09fcbbf198933f33442257faab8,1,0.9989416,1
checkthat:1241898619965509637,checkthat,2408961ea89a41e5657fdda7362ab0fb49369c7bf3e4de7709aae6caf8363513,1,0.99910045,1
checkthat:1241770683090206721,checkthat,fef68a4b34318578fdd2d981e3a62ef6e233423a5b02a79e1e20342c2e6c6972,1,0.9983119,1
checkthat:1240453761434148864,checkthat,b0c20ce91b06176b541af5a183c2e746712213e3e59b1cb1627136f715cb2c4c,0,0.17604335,0
checkthat:1242115593383247873,checkthat,8fff4691903c2a0828d50727bffe2bfe8d21ef30401ca3230106ecb2adb12b6c,1,0.99902177,1
checkthat:1238869710046777344,checkthat,ddfe459c67617be9d3f982ea9c26aec522d0245a37ab6f8660cfc3c450a66de2,0,0.9694148,1
checkthat:1241117279556902914,checkthat,da633eac073e40e08a6749863b779cd0ecc50d10e55a650b2c44814bfd1d29f9,1,0.998059,1
checkthat:1241272447187419137,checkthat,2d95eb8bbc32b893511c66d026e6d65ef041b347b5f9e80735340d50b38b2ce8,1,0.99902153,1
checkthat:1242320472718692352,checkthat,5ba7d162a03be8b911769958e9f31dc9c47cb2ac2760cc7cf31739a2a76216c0,1,0.9151926,1
checkthat:1241370210575069184,checkthat,5d171d6a4f99230954a2fef70d1b0d10e457b69482069d5f4a10dc2601164e2f,1,0.99870014,1
checkthat:1240681625756880897,checkthat,9f3b6a43f5ac7ac5f725ff977e86254644985509c87e1e354d65007dc8aae4b8,1,0.99871993,1
checkthat:1241665385302306816,checkthat,ef99ddc02e6841bf742e8dc721a772d9df9d03b059e7fd535ebd5d3294628b02,0,0.9981406,1
checkthat:1241587305644724225,checkthat,6c0b84d65af739c917ad85c2095390a23f94caf6d969bc8de948f12c0c86d586,1,0.9987766,1
checkthat:1235663306246860800,checkthat,b92d851b6a2a5b3c7b49a4e409c37e0d5d7b779dab867737c07693ab227d2553,0,0.99891555,1
checkthat:1235436227140055040,checkthat,07221e58a5fdc8cf9f753156b8246062c574d9d00954f0035c9525be41f82cad,1,0.9989256,1
checkthat:1235956474955718656,checkthat,d0e55a39835563bad11d056cbab6e118fc128c3712bd830079cd83e4d89800ed,1,0.99906415,1
checkthat:1235953995161595904,checkthat,10ced8ede0f54b55a723dea415b1e8cdb33c60c918fa97aa199c96763fdd3d6c,1,0.99890924,1
checkthat:1235685422598062082,checkthat,1b77a0870ee55fb948d1bb6f2cd6b56de824d1df9b071c282b7ccbf46e14d1f3,0,0.011343502,0
checkthat:1235636443369873415,checkthat,64f40036bfde66000badb49b5f44e54b4528430be0b98a664fb324211724105d,1,0.9985447,1
checkthat:1235287380292235264,checkthat,c1c57516628544c4a33fa02f438ab768c8286f45460994e9d59379fcc3377c65,1,0.99896693,1
checkthat:1235713244649713665,checkthat,de3222210f12394b9048e45ff37bdc7b2f8873d191b31db1514a858509ca9622,1,0.9988783,1
checkthat:1235589440870981632,checkthat,fe20694a9d04ada889208eb0299cbe2f2752ff124cd0d415446bcca5c2f55040,0,0.010446555,0
checkthat:1235777621604134914,checkthat,adeb01e3bdc99e2e20b0d01063ec192c5719447b0de89494fd36c678febade45,0,0.99657357,1
checkthat:1235631509983412224,checkthat,7a26acc6218ad5eb8b558cbc2744bfd83407b8f1df7d229ffdec121f34b0bfd8,0,0.99898213,1
checkthat:1235760705741127683,checkthat,cf71eb4537c38fa3c8ecd2e28630c2117b3a80cb6807eff6d42f7ec4cc907842,1,0.08214225,0
checkthat:1235811829751799810,checkthat,2cdc9594a2c145bbfab3674d8a881a24b144b72c400a92abc9b8ecfa90b0a2ce,0,0.09557564,0
checkthat:1235617743161815041,checkthat,4f9a6b204d9d2ceae3ae0e68615cc17cbcf67a8b5199d4215beedf4ae927215f,0,0.99895823,1
checkthat:1236071277955252226,checkthat,8a914ba97c9f6b6d74c6fa05944fa5fd9c99eb7d18189fea11ea6021545e1f76,1,0.9905686,1
checkthat:1235586819795947521,checkthat,3fed0939dd966e3a06e2b6cf9d17f2c7a42bb7d5f74a7dc6a5fc3ae6365d2b1f,1,0.9989942,1
checkthat:1235521471587299329,checkthat,6a2396f3da8f08f9bcdea100b6ad9f500073698e3a43a7cbee75d9dfddee1f74,0,0.9982681,1
checkthat:1235703439688175618,checkthat,8ebbf8fb6987d0d764bfea8833b755112f0dd816edb0f0fee9596974125d6669,1,0.99877685,1
checkthat:1235676894026231812,checkthat,3a6ec09c4f906b03d772d341c248e34e63c1a23332cb67ab1bc91336e7686aac,1,0.9990243,1
checkthat:1235545254347984897,checkthat,97ff7c1d6e7cd9e9c08139e1d127919ac544ecf5b78c16ecd48f1a9677460af7,0,0.9868946,1
checkthat:1235911492932956160,checkthat,8bffca7cbfbf73800a7f1a7839ad0ca2066c55fa9687ac06f769af1189e2739d,1,0.9986186,1
checkthat:1235829825706680322,checkthat,8797f2625a0ccc6e3849514a4403be68ac66c60f29c0030879e99e165a3efba9,1,0.99888104,1
checkthat:1235964038242340866,checkthat,8fe5c76876b97126d45eee6d7a682624e05bb5daaab70fe8bb359ff53ea76448,1,0.99861205,1
checkthat:1236036720656650240,checkthat,a8e2fb0e4cd35f1b414df70090f7545054afc51c6195e8eda2eacbeca72072e2,1,0.9990797,1
checkthat:1235921373991546882,checkthat,b08402ac5fc884c482b2b50687184490672a9e30337343b7ce650035de6b82bb,1,0.99911326,1
checkthat:1235563421459976193,checkthat,eebbbd37ae0eb5a2d86d0f3024d61c81b4e3592612212b272e0530490ae29ef4,1,0.17690766,0
checkthat:1235071285027147776,checkthat,75628204d38d99d5841d5a5f19986a0a1c742ca8257719a7b94aaa243fba798f,1,0.9990619,1
checkthat:1234911110861594624,checkthat,796b0924493409ab1ad678ddfdb9853860adb269747671cbbc4b43424ebc9564,1,0.9989465,1
checkthat:1235024875279933440,checkthat,d8318b0040536479f86d744fbcdd4e566b6033143a1ac1e754a183684ae45ced,0,0.8605951,1
checkthat:1235083359501430789,checkthat,2cee1781e153a1ad9a078992fd87f760694e94535de87853d795d29aba561f20,1,0.99886787,1
checkthat:1235351764737675264,checkthat,639127bafee7d614a8b087f26e81be90cb9b165e36f9502c78df2abf00a26d83,0,0.0070943963,0
checkthat:1235149229179404289,checkthat,8a22f32e2d1b01bbeaae114ba6a5d39aa9c468ff5d21cf61f14dbcedb1f5943a,1,0.99914455,1
checkthat:1235239113298759680,checkthat,cba27557f075c7785e4e23d65b622a9425145807912f834d2281621ff5ce8732,1,0.99862635,1
checkthat:1235265562990637056,checkthat,e8d263bf3fc88f9cfe6acc8092939a3459c4a92148b35c33a2e6a8ad52a455c4,0,0.9489481,1
checkthat:1235278295211618304,checkthat,d79eb18f590e017144f70844979f73ed74a14d8d18054033b27929d178a56bd8,1,0.9985511,1
checkthat:1235029940208205825,checkthat,16cf63ac5d89ff33a32c9257ba8d09541891a3dadbd56e5bff4083d196abc52d,0,0.59324276,1
checkthat:1237362407506313216,checkthat,e6d8356472b4fa8648da8e7b9130dbbf5a1e14c2d6abf698532e97140d222811,1,0.9989802,1
checkthat:1236675730496339969,checkthat,9b7f7776868098c31defba7814a97871e00a663804e79fcb5dc79b4e668b2f8e,1,0.9989188,1
checkthat:1236967717535731712,checkthat,599763e116e7c7fbdb7c11d8d504af5a095e0d68ab6ec309d868eb016e3b9f05,1,0.9989235,1
checkthat:1237513303720521728,checkthat,f56d32c6aef8ea47cace0afd5ecb68cd1a34f00ab10d01fd09db69723ffa52d0,1,0.99167514,1
checkthat:1236473220783636481,checkthat,283680ba6905c96021079bc4bb0e2c9ecd1af4ce21cd893a5cce627717d3ae20,1,0.99206233,1
checkthat:1221825190847483907,checkthat,a38cb45116cab5186ddc6b043c8594062c6e7592639b96c04bda1ae81a6d6ee3,1,0.998558,1
checkthat:1237503494325559296,checkthat,37117b294ab2f4fc1cd689b074280c3a5930903cfdae0e0a39bfdfd7a0ba729c,1,0.9989796,1
checkthat:1237514979881844737,checkthat,990b25bf6f7436579e69a30ceef1297dad659047124cdd005c59f2ad1cad869f,0,0.9848066,1
checkthat:1237580045553524736,checkthat,072eab7c6dae563590c8d9945a44b97340a5787c4a871de84e1a84957a3b48f1,1,0.99901986,1
checkthat:1236505833673879552,checkthat,aa9bcebec63ac45139d0beefa27f85c35f5d45f6aa70f623954d3e836b2d2c5d,1,0.9865219,1
checkthat:1236766822684405766,checkthat,abceef20a746733f393fa94eb18269159dfa379e90419b13b2df9f0693417ac2,0,0.96557903,1
checkthat:1236666314212556800,checkthat,068ec5ffc52e1584f2e2671f044f68f7465fbb34286414f6fcb0054f3dc2d4ab,1,0.9988722,1
checkthat:1237440523327045632,checkthat,09f097aaa2f31105901dd610fe2bf06d1d8959a3992a4c9bfd899baac1336d5a,0,0.87434393,1
checkthat:1237068715314892802,checkthat,a4e4fb6e70303d2cf5c59bd8418097d69ee005c0e5b50237f688a374211eff71,1,0.99905473,1
checkthat:1237029903112888321,checkthat,17eef874da9bb3f65219925caeeb0d6d192a5f15359fb4aa68f6e9923ed7113c,0,0.99364686,1
checkthat:1236490588276523008,checkthat,734031aa22aed506ddf520eeca91ad135343a2eed3115330f2841314bf2723f0,0,0.9971301,1
checkthat:1237585675571974145,checkthat,0495fa372da775e2be0d00b47841c63def2731ae01de697a906ec165ff9c5638,0,0.99747866,1
checkthat:1237137755651616770,checkthat,6e214461e22d1f84df30c2d1c17759217b26d55c05dc0720ef930c1dd200221c,0,0.17404349,0
checkthat:1237608143519014913,checkthat,f7d0c0f5f70830f8a778f641275a5838ecb883ac634216216bfbe604afaf1a6b,0,0.9165021,1
checkthat:1237330231293288449,checkthat,5c10e208efbd02fc8e00121795890aa8a1458ab89264e1148898d87216f7f5d9,1,0.9988292,1
checkthat:1237460074123190273,checkthat,3dd400933e5d7f75125430ffcc20ff2177e1f0c44271cfb43efe6eeab4ab0fbc,1,0.99883217,1
checkthat:1236386465086615557,checkthat,10a4d6d60c94388e9ee459a1012ac41a040577a00703596bdb4bda8522e3f35c,0,0.99329597,1
checkthat:1237140355025383429,checkthat,dbcce246933e265439e90ebd819a676c12768615e449ab908def7cd91ee1fbc6,1,0.99906915,1
checkthat:1237116341011853312,checkthat,8cf3b24662d3d0dc36b4ce4c7666afef27e9864f54c68e1e601a1c7256b34d81,1,0.9983619,1
checkthat:1237507876345786370,checkthat,098fbe67b7cbfe614b2b322c481687a89a41747c4d6c9c959c8c97d01db9d033,1,0.99896514,1
checkthat:1236605070902300673,checkthat,470718ffd8c651e689b22b8c5f0f5cba5805aa086043e53820fdee9700d78872,0,0.6888112,1
checkthat:1236835458979483648,checkthat,e9d86f364ecff375d39a2778dee0ac976b1616984adef60dcbeeb46d463a1d19,0,0.37510377,0
checkthat:1235625977750974464,checkthat,29eb0f94cfd4eda2fd0e6a201d66da0e58cea2da391c810822e1401aab9e919a,1,0.9990396,1
checkthat:1235599671571009536,checkthat,6a10672ffcc34d68fec23358e0873884392de986d260ae43e2e70d9745c15dad,1,0.9985228,1
checkthat:1235831463121059840,checkthat,95f111578491e053620e1b6641ad70ad8c388dfff4cb492888774ad766ac6afa,0,0.9870171,1
checkthat:1274150106397388806,checkthat,06a1d079fc355e1fdc4e12d294e483614e787b46f23a0ec69020c2a2abd5b58d,1,0.9990784,1
checkthat:1274481081883021314,checkthat,95d4c5f0f4ba84e06e6f7697654298239f0224b92dc62a9c0fe27566575dfc9e,1,0.9990989,1
checkthat:1274483847443419136,checkthat,7db7365ead01687bd05961d36a1888cd38c6593aa19f4abf3d424aea4a9b7686,1,0.97789586,1
checkthat:1274454496874283015,checkthat,d1f0176fc5d844daaef59242691225fdbcd7171b29c12db4fd940e562b53d557,1,0.9989083,1
checkthat:1274386951144169472,checkthat,9577aeda763cd34d9f6079920e4be1fd9523aaab017eb3fd9652fe9fb27501f8,1,0.99843556,1
checkthat:1274442227096252416,checkthat,7c43bd166d55a8504e28652da8d793819ef44583b8ef2f162c5cd3882d1b5f73,1,0.9986505,1
checkthat:1274179113486389248,checkthat,7707bbdb8b400cc89ef391c5dec83227328ed4343104f5a7cda3d3609326a279,1,0.9989536,1
checkthat:1274301701210636290,checkthat,40e1792d46e5242bd40746bd2b746833cf0b56dd0ca41c419a3b5ab8b1f14196,1,0.9986094,1
checkthat:1234176102362419202,checkthat,d5a7354204f16968795da0a59fa7fe74ed1827498978232903cd513bd5491c7c,0,0.9973578,1
checkthat:1285209008618561536,checkthat,41d7dc45e51b15ce7d41caae091b78391301c327aca82dd9c0294ebb5e8af96f,1,0.9990557,1
checkthat:1283147688763166721,checkthat,3ace2741df22a18e5de866a624d786e9fd4db544b10035670bde2d9e893395a3,1,0.9990664,1
checkthat:1285208740384260099,checkthat,ac768c533f503f7d6ebd89cf92b151f4ed48b1a45c8c391c904a1f712fbab238,1,0.9990827,1
checkthat:1237813728558678026,checkthat,ed08a8dd7b34d450e6c69490a10d3073434cdcd98c4d5ca3683f783d1bc44a3e,1,0.9897441,1
checkthat:1283673572276305920,checkthat,2590fedc115372cfc3d95675d6dbe6d4396c231886fbd6e1e994b59e902b07c2,1,0.999067,1
checkthat:1245253968126570496,checkthat,460fbb139c3c07adc63629de352e3b22298dd2b2fd92aa8b7036b7cc93aff108,1,0.99737334,1
checkthat:1251569786435203072,checkthat,4a3a06dfe793ec9b9c070d095a41069d4f2eeab4cf64d1a8fb7ba5d834cced6f,1,0.9991037,1
checkthat:1252898640110055424,checkthat,6bed45923aaa4df6029c6ae5f27af4c50c27a31bbaf2b0bc34179bd09351e726,1,0.9990202,1
checkthat:1234987220433391622,checkthat,ff71817d5f8696f474857aece612c9040613e30178a3af8582b4c5be8dee6161,1,0.99902296,1
checkthat:1293105354469830657,checkthat,c0317e8952d1f45d09fdbbc4d525fa2f6a78d23bd56673570ca2ed32b3333214,1,0.9991037,1
checkthat:1252657995001069569,checkthat,c98b8c9b91a4c849db04e792ab2044e28f74efda3980cdf1efc7facee158c15d,1,0.9990294,1
checkthat:1240011952509685761,checkthat,e28be2ed124b5e826543a18b5eaad0b6be851e80228ca3e02c369fee5ee7293a,1,0.99910575,1
checkthat:1270051833679994880,checkthat,705ea46d08fb694d9d8aa772bdf56c693f592b53d0d9f384950960abae48bd4c,0,0.99799937,1
checkthat:1285520023713243136,checkthat,4e0b69fef6b6b9c99b862ff3f35875cb3ec86c92727f88662f0a85bd3cce1d49,0,0.9991572,1
checkthat:1287751232904482816,checkthat,62efa1e05420db85f7217f29de3ac06c5c2413407b2538afdeb9b27eb5e8f629,1,0.99899143,1
checkthat:1284449090646892544,checkthat,4bdb8976ee88dd98750d983012dd03aa115911278c1c85be429b1d9f42f2a9b7,1,0.9989717,1
checkthat:1293110938107879424,checkthat,33bd583c517430697499edc86d935c5d5bf5bae952f92adc77195086942bfe7c,1,0.9990915,1
checkthat:1283928520960258048,checkthat,33fb20ccc91c5f4620e9b4a742863671ca6fba2838099fc3fcb12dec13dcb5d3,1,0.99896395,1
checkthat:1293129531675615232,checkthat,77fccf7384da2cef5977a70af2d3af5a007e06e074c839607ee2fa5dd6b1c0cc,1,0.99906,1
checkthat:1282679669083435012,checkthat,0e1132fb472bc4a9a0019d5483c0a4a90a7a489d59b31614b706d4d4b7d797da,1,0.99903,1
checkthat:1284918427228893184,checkthat,1c529090d5c132c339c4f499ad15bc89c476e08b2718b9ed7b4614001f80ad80,1,0.99900144,1
checkthat:1286604745818349568,checkthat,4c6fd6a6500e41f7480108be103acc8cf626756de1b5010f3f7d4fbd57c755e1,0,0.9972767,1
checkthat:1297055497984421888,checkthat,28e6397b382e1018453b6a48cdd44e1e8fdcc12932c75209fcd2a9730093cb43,0,0.8214926,1
checkthat:1236601634454528000,checkthat,8f056569e4733cef0b649687766397f20c596a3bb9a8bd1ca99e7f3ce505dfc5,0,0.996191,1
checkthat:1236289649737371648,checkthat,d51037f0c5e3a05338bafc13dc421f613a56b7222e8131e7950ac0495cc8a4e3,1,0.9987122,1
