source_record_id,source,normalized_text_hash,label,claim_probability,prediction
claimbuster:14961,claimbuster,91bb85974900b31c71447ae6983eedfbfbe3ba33b0a034765ff24dd45b5384a7,1,0.99524707,1
claimbuster:8523,claimbuster,d7e34bbc29460bd9c39f1caee5830e703e555382193995cc4e051f6b36ea3088,0,0.016767848,0
claimbuster:28862,claimbuster,c20680b48e27c6e3e4417d86606e91844e224581237947b2db14e883396fd86f,0,0.9627977,1
claimbuster:28717,claimbuster,8824378db767a549e2c0b60a58e5790cf375698755417bbbf27e8e889259d1b4,0,0.019561613,0
claimbuster:3617,claimbuster,a9665e4d2b2f0c1e2a86d02faed048c22797de64654376f6f70a979dc90e0b0b,0,0.030028688,0
claimbuster:30190,claimbuster,269d525ee33aacfff3461d2a435f3eb5f6c77deb219d3660460687cb327c0586,0,0.35485652,0
claimbuster:11079,claimbuster,90f07b86579af8458b9465cdf047e86856c15e55262529ea69ccaf18db8e821f,0,0.02106511,0
claimbuster:23264,claimbuster,4cb89969a3d42196796cd0372b1b65ab7c660615d2052cbae1a32adb2476188c,0,0.9783716,1
claimbuster:22428,claimbuster,75cc8e9be9a6b3de5442262f55d40e6869189a3ea8e6050acd152cfcbe5ebcc0,0,0.8581539,1
claimbuster:11444,claimbuster,a2cb061dee9d77a6738a02c79335cc5609701ad7f23ac442f7eb4bef11680ab4,0,0.46769407,0
claimbuster:26208,claimbuster,5eb2fd00183e15883c6ea7167bd755bbd6acf8ca5f685f2229b9a3f8583012e6,1,0.94581485,1
claimbuster:24257,claimbuster,7940ab93b18e1d70805c29f0d109e2463e67ad77f02f3844c19d846f05baa0d9,0,0.7523215,1
claimbuster:28886,claimbuster,daf106f17d46a035ce48c305fe32e3fe34efd996bf4aa0294861ddbfa1255321,0,0.025385648,0
claimbuster:7488,claimbuster,d37bbc3a160a791a084867c88b88be7ed70ed3b59e527f30d936909c5a42dd1f,0,0.026371447,0
claimbuster:21983,claimbuster,72f16c10b27ba0cca162c169c2f07bee2dec40cc6a4e35ab40612921afc8ad1f,0,0.021799345,0
claimbuster:1033,claimbuster,96a8e336cc1deccd17cb2ac93967e18f7eb2c7d9e525c1d2202f591ed973eed4,0,0.08060451,0
claimbuster:25684,claimbuster,2291f68500b438375757bee8ff897f85568c0155d76ff469fd7034649cbf3c8d,0,0.49522126,0
claimbuster:15365,claimbuster,20b817837b00ebef39a9a3cde27ca588200af099a85bf7504146221feb170d15,0,0.08569519,0
claimbuster:32276,claimbuster,a3afd54382858c17c4dd1a0463bdb8f2291b40eedc3f19330581715f5597a562,0,0.030772751,0
claimbuster:2246,claimbuster,0ade17e315aa797d66d60805e94edb47c1a1ae693d9d1d4db5000077eb71a524,0,0.056668665,0
claimbuster:19443,claimbuster,c299c302124114ede68f8619dd1bb166148543e74b5920c612080344edcd081f,0,0.03593993,0
claimbuster:11713,claimbuster,93320c8790bb7216fc3ecd464785dc8b2fe8e3e9078382a873e4bb08baa74c94,0,0.939965,1
claimbuster:20351,claimbuster,d99c63bb6e7e4465d26f5c718b15568dd3f3626e5b7dd3a42085361fed35e698,0,0.16243029,0
claimbuster:21391,claimbuster,a728015dff057d5eb43f5e6ee6d79110e2f7866cf618d714377c9da846f881eb,0,0.17685187,0
claimbuster:3310,claimbuster,47e814861615b016351fd70a87272736a54358350fed70f3d40505f13620e295,0,0.68532133,1
claimbuster:26512,claimbuster,4861c2cf9f0668ec3cf814f97f5eba52f68d821f2543ae04a96603ac97716478,0,0.05992419,0
claimbuster:20257,claimbuster,517f86ab7b157a604adb7c41c05b45bdcf4a972b1146738a4c16f4d4185d5295,0,0.017608875,0
claimbuster:9031,claimbuster,cf35a685d2dc79c9c7665d8bba0dbe1a1e3d01a4d1c192f2f2c51bcaf330fa98,0,0.028380888,0
claimbuster:9355,claimbuster,9789105c26463c775b7e5610cae122f114e86a3df886dc62eea779e120a2a357,1,0.97899866,1
claimbuster:33114,claimbuster,2efd567f32893a992e39edd40673aad79fd7c26cf9ae149d0d517bf6fe1c7470,0,0.57182467,1
claimbuster:11313,claimbuster,dbb53a6225da5cbd57fcfb7d390abea590ed3f677cebaf1deac003878ab12877,1,0.99780625,1
claimbuster:18961,claimbuster,73a1d53b98975523de647d65f517f00b67756b58e895371073e55e09bc645873,0,0.37124425,0
claimbuster:28882,claimbuster,f1380dc877f71ab854390c6c04ea99b78d6f34e59c1e319c3e58e1b99e22be1f,0,0.15805757,0
claimbuster:16653,claimbuster,ad7a307162d8325661cf92a05de04c1b37465ace475475152b6a89ac918e46e7,0,0.9946526,1
claimbuster:19042,claimbuster,7d1dfabfbb1fa60a6883e687a3239956935f4c6ae4fe67b18d2b3dfae8e8fb18,0,0.3174146,0
claimbuster:10669,claimbuster,eadd6d6e6443b2225cc49dc05eabc8ec915ea6a809e1bbf94df89e5eb7f03eb6,1,0.9965095,1
claimbuster:7745,claimbuster,08df35e60f55bd619d0c8b9da94fe4baab654011190fbb47545bf12129d9022d,0,0.018847615,0
claimbuster:4130,claimbuster,12f1ea1b936f8932c0e8af56f85ed75e8c504356905ea18bb285c1e23ea647a4,1,0.9958974,1
claimbuster:27145,claimbuster,9ba182a0f9cacda562c0ea1996b11fa4d4f3146bcb80d73d3a841895f18402ce,1,0.9853491,1
claimbuster:27646,claimbuster,f51a3e07f26399bb6b45d9dfc573540f225a727b6de9254f974567496315c10f,0,0.99359137,1
claimbuster:25538,claimbuster,2b841840691ff52df0e2b57850c7f33a5525f26b70db980a37c075969e83b4c9,0,0.8640582,1
claimbuster:315,claimbuster,28b83d629813905d849229f85b68d267960bd363b2baa391f8b131844e5b330e,0,0.52815837,1
claimbuster:1189,claimbuster,97c31274dd018a440e24716e2fe3310cef411198f45d64542437f43a98d25925,0,0.89702624,1
claimbuster:11446,claimbuster,987cb772b3c115c3f701fd5396ed74444f6d025baf0def72e5a6135b3ce319aa,0,0.01678716,0
claimbuster:12515,claimbuster,20475046ec69d3c5b2224017e3e44326dd39ea09c656ce91cbc05b7c42db717f,0,0.014953223,0
claimbuster:1759,claimbuster,fed1ff27c0c3fbe21f07360b05763ce2a4187949fc3297a758ce4f497186a1a5,0,0.07066067,0
claimbuster:1124,claimbuster,72a269a8fb19485afadc0310efe115403618670188eca4f3c41e020e1ec3a457,0,0.021500748,0
claimbuster:14896,claimbuster,becbd278dfd60ae693019f657524f992dc9110af991055945fd677ae8ba1111d,1,0.9970456,1
claimbuster:11239,claimbuster,d6c2226955ebbc508f456fdaa8f657e26f5bdbbe82d78a253883b0c06079790a,0,0.9852534,1
claimbuster:13660,claimbuster,39c518e4d622bbb244aef7951cc69bfdada904ee346041733628f580ee069e3e,1,0.99349046,1
claimbuster:25148,claimbuster,30321c3bfb68be92b8ce3eda8929cabb486b54b24f98c03c194b0f6514a9c2b1,1,0.95557034,1
claimbuster:1933,claimbuster,d5c3f22dced3c7b22a9a2a8efae8dee2784c378d54c11555e97d2c3e384a518e,0,0.01988828,0
claimbuster:31997,claimbuster,2fee6024fc2f7e906395c6718b61c02d6883083cae0c1521ba21beec200bc474,0,0.98912406,1
claimbuster:33991,claimbuster,4b1e61c10553c1414af0cad59bbfef26fb0af21cb71b1eb81e7e0a27e2dae80d,1,0.9957729,1
claimbuster:14089,claimbuster,352a8fdf600bf5ba0e8e053f78fdb8b61e22301a0d73ccaffca07afc61669d12,0,0.019143011,0
claimbuster:5925,claimbuster,48845e2b3bbab21a5d6688235f152cd2ba8f9286626a5dfc0a218f876d921de7,1,0.99655765,1
claimbuster:8119,claimbuster,3407f7278eb036f08f369694f397dfb055ce7c0a3535d262eaa298c739ce6fa0,0,0.014929249,0
claimbuster:19683,claimbuster,4b1f8d30b53e5ff0a051b94502317699cd2d2c9f7548a9e552b549f94877350c,1,0.99720925,1
claimbuster:29182,claimbuster,808b8b39d66cd44f6ab5643c40e7984174caf0c0cabdff3f020705b331faf5fd,0,0.032360993,0
claimbuster:24838,claimbuster,fe5fe2fea96ea61a4da59ffaa144a31fd3fbb00757675b0e83e94ef783232096,0,0.015239488,0
claimbuster:15772,claimbuster,6a5ed5ec1cc103c6ba94a3cbc3e335b0065f6f93c56044142245d43b335c6767,1,0.96246046,1
claimbuster:31933,claimbuster,37cfcfaebbaa908fd167032d333b58ab4b6ae4f6bfd4c3f3e38a4cf922c995ed,0,0.9623659,1
claimbuster:27629,claimbuster,1f3c48724e2caa1461e4b1a56d11ca41f1a0148971a7c72e9e9325c7a5a4cbbf,0,0.06673139,0
claimbuster:24381,claimbuster,9c22f0fd9e7095ec81cd683d68986d624aabd57e9c4128a67e0b4abad14b5dcb,0,0.04862804,0
claimbuster:20550,claimbuster,1e932359998c9627afe1676060fcea63078fbb488d1661471e176206c72662ef,0,0.019969013,0
claimbuster:6072,claimbuster,2cb769e9e774d182fa282ab78eaff831f262244df0250c05add63be5e6f3f504,0,0.01796244,0
claimbuster:32403,claimbuster,76be9607d44a9487d9e9dd6c26b9ae3e7d64faccdbcc6614d13e5b23001c7288,0,0.99292845,1
claimbuster:3322,claimbuster,93f44d88eabe70b0ea90416b0d28bacf8520647b8d8ac1e2d9ce08efc65afd36,0,0.014710959,0
claimbuster:22572,claimbuster,aec6531cde86d107c5ae2d727787f9cb7d9cd1180491eeb1dfb743ea77a40643,1,0.99338573,1
claimbuster:29266,claimbuster,6bc4459165cfe16e54e05a627a4fdcced0a8dad3d1ef3f436d73300ec19fada5,1,0.99076897,1
claimbuster:12673,claimbuster,254942f570941cd813b0e8a189f1ab90115de8e6d66e50ba93ccf2a83de4d718,0,0.019008076,0
claimbuster:12722,claimbuster,05e810bcc95d7f9bc716877cb843c1381f49d342e938202d744eaa9e0ea37290,1,0.996409,1
claimbuster:25461,claimbuster,a37d9c9e5acb0d4d211c82097ab8a7496fae6a8b4d05859103766227fa37ada6,0,0.17497793,0
claimbuster:1522,claimbuster,069e74a8a9712a9f10e2620aa817f62f11aa832e53fb5560cdcc8aadac0f465c,1,0.99512106,1
claimbuster:28907,claimbuster,7fb0239feb9577173cf29850afb27a28118797892f7f55f97a48823831e3a790,0,0.0289122,0
claimbuster:16000,claimbuster,debf43c1af26e0ef06ec7d67ce22f749116a6034d9785835b6d475aca92921ab,1,0.93700683,1
claimbuster:25265,claimbuster,f5c76537e65827ca21fa304bcc99713010802c99dbf589034667778ad55bee25,0,0.98803115,1
claimbuster:17606,claimbuster,d66108c3dd4f5ccb49f24169c052406e9de39729bba85c1c9e27ba681b77ca7c,1,0.9936034,1
claimbuster:16116,claimbuster,9b926b826af06bd0c7a0dd174250df40f4ea3e9ef6c8be7e56a66f206a286c12,0,0.013321901,0
claimbuster:14951,claimbuster,536ddb35285225129c5a5266c90651bd36006657ef0fd16d8fccc762cdd6b29b,1,0.9971553,1
claimbuster:3879,claimbuster,f478353781881a7fb4ad6e2de629545ef64bcc0c321b5997f921de26e7e6d322,0,0.060080424,0
claimbuster:1112,claimbuster,800c2e9a89a20e91041a24e3b513125f30ae1204d1f0a441c76409fb14bdbf89,0,0.9034244,1
claimbuster:17867,claimbuster,3327c4758449fb6d9be16131987df966798c6ef0bc8c0813f106920fa38928f3,1,0.99557436,1
claimbuster:27722,claimbuster,bdfa44de3169efa3aa08291d5080bb9695b06c0132f4f9d80574b80c303427ed,0,0.013934716,0
claimbuster:7033,claimbuster,08326152a3b858352614bccae0c65d9fe0f7d5b0602421b83c1c3f9422cf1dd8,1,0.9972594,1
claimbuster:12878,claimbuster,8bb441db18ac4ad87d9e55325bbe980648ea1b954d414d84199e8170afd30e30,0,0.1881733,0
claimbuster:6543,claimbuster,3f6e6f26ded0c982d515c1c24f773086f727a61ede9b2e64cfb7ecafb0736557,0,0.9860115,1
claimbuster:16368,claimbuster,55112d11c25fcbaf24bf996faf72604638ddbb69a2453b0b106efa92e337e82d,0,0.9449801,1
claimbuster:33361,claimbuster,9fdd142818079a63ccabdcc0995ad1a7acaaec2fcbdb8e21f093e984ed57b0ff,1,0.9956494,1
claimbuster:13298,claimbuster,1ecfd3c89b3c8e1cf7807fc7715a9dca4b287e8d4a3d18b0836ba5af668e6923,0,0.049116753,0
claimbuster:10560,claimbuster,9ecd98ed7e26beff81c4405f21857a7a7567ed6b466ec6f2a590a21a80a8f709,0,0.025068944,0
claimbuster:13260,claimbuster,91ea1add6f54ecbb482e02dd3c032302ac0ac4469379a4e75d3f30b77271097e,1,0.99226475,1
claimbuster:17524,claimbuster,8cb3d870b93675259554a86f11f7b1d28325692ca6c942145abd967e796bf7f4,1,0.9908565,1
claimbuster:27961,claimbuster,58da88c15cf5fbef95bdd1790d4e90515172f3f3dcdd8083de77423e516b1625,0,0.5621192,1
claimbuster:2220,claimbuster,031ab9663644282c5f96f965d09a498b2054e962d272c4b9db7b8a26f089d676,0,0.074471556,0
claimbuster:25909,claimbuster,23865b8482dff2891bed00d0c5243a796da7e99a1838be5dd6f73f81d21e3800,0,0.8051911,1
claimbuster:24338,claimbuster,74b98e2f47b62f9327608306705ec08612f9eb8bdae5348e34d510bd8232f3cc,0,0.1126044,0
claimbuster:10562,claimbuster,7746a02f7a35315d40e77816f44a41f1e2e6de9e9dee6a67f32421b6d28d070c,0,0.22367601,0
claimbuster:10088,claimbuster,2926b303ce5d4ad17b737e8e5ba3cf9c977d4e8a81598b1aa8dd8df4b82044e8,0,0.03390076,0
claimbuster:15248,claimbuster,466fedda66158458e0b38e14ec15c9d546ec5d9620f3a45d92c63695a9165e34,0,0.600216,1
claimbuster:14434,claimbuster,c7a2476600d847ec58cf1887d1e58285442c493e183cb727fbf39946cc1769c9,1,0.9945761,1
claimbuster:21610,claimbuster,6e8448f91df63dd4d78bc78ef191cf6ae0c70b604bdfa33a1ab5f166666cd139,0,0.8862326,1
claimbuster:13458,claimbuster,5ff12bb27153e68b341c69285697a92eb991a6c08f301421ec1a474eea563d79,0,0.09743015,0
claimbuster:14186,claimbuster,45a0db118691b18cf2805af3e153ea3da15e9a1c183fa600b2f509b12234bf14,0,0.034571808,0
claimbuster:2416,claimbuster,76cdf4186370ca5661ec56081793e51173ad5b7b9cf36958df9c7176cd846478,1,0.46034837,0
claimbuster:12610,claimbuster,35ee9501860dac42cc319875c1d9cd279c645fc97f4de8c3150a77e02313bde1,0,0.028135736,0
claimbuster:21411,claimbuster,a24e3dad946ac569f539f7b8fbd03081db815549d0ae4e6632c3a764cdf3f917,0,0.049074825,0
claimbuster:11504,claimbuster,be740b8f67b4bd4b1b1d357f511c5b7973ea1b0830fe15a70c0f4a4ca2ae2956,0,0.84213114,1
claimbuster:10143,claimbuster,3459ad5e1558f9350024864dde0471b8370955c344b0886248a5f002c012cd5a,1,0.99646074,1
claimbuster:3958,claimbuster,1a121ffae0263e5a1a844c2c78bb5969ebe846f3ca77c5f9124d6788a92d0c6a,1,0.9870882,1
claimbuster:12906,claimbuster,96da17adda2dd8be6cc0730c81573963282f89010b4d0baca2484aed8baa2702,1,0.9910512,1
claimbuster:2657,claimbuster,e387d5cee74b957170c1146b1f41478220afb88bc313462c19fa28bd06ac85f9,0,0.09247809,0
claimbuster:22904,claimbuster,3480e5bc4d95a8a3f039e27b7410d2e1dadeae119cfd9e7b966281080975b9a6,0,0.90467197,1
claimbuster:30199,claimbuster,a39e5f970005d0a769ead40cea6ae1a13c519a64a66a84a2691e2eac9a5d0fe7,0,0.5836945,1
claimbuster:6986,claimbuster,50706a842baff7ebc53501867326fba394361aab53b7c06795694625fbd63f9e,1,0.99411535,1
claimbuster:28833,claimbuster,d339091ef6c59ccafe7b6c29180cb571c25b2c78d0cfd61750052deabc0dd496,0,0.06524153,0
claimbuster:16060,claimbuster,9717721d7daf57dba624109441facba38ec075be9c2a5e8c2eee7c526e75e8a5,0,0.06321316,0
claimbuster:11220,claimbuster,41a474e98e8b38d3c27573b064be59b886a3f9ab28a375068fa80cd7d1b90032,0,0.878885,1
claimbuster:21089,claimbuster,1c4e6719ec0a4e4898e3e1eb892fb3a574b57f705e122c07cf537ad79bf9423f,0,0.99598795,1
claimbuster:28263,claimbuster,f73d1414fe0b0799198d3d3d95420073717ebb3ad17bbc14905e16293d0970d6,0,0.4256828,0
claimbuster:2912,claimbuster,954f78af0ef32ecbe2a11b0b27e6204c2ca0630092d42bb7f91c68677d389d2c,1,0.9812075,1
claimbuster:7711,claimbuster,fd0e13405123038f9a71aea53c27ba066f1f8d610910923b486146cb3d05a302,0,0.049245987,0
claimbuster:16603,claimbuster,d28aa92e356f1c490aea9416efcdf05df343e52380e80c8d3cbcddb91cd5ffe1,0,0.99332243,1
claimbuster:17792,claimbuster,6f5cfb25cd9262e6f12def2414353479112ddf43f94614004398653f26504615,0,0.98447686,1
claimbuster:27350,claimbuster,d75fb395e9279536d03854eec35e9d0a77421b90c870594420a525c7690f454c,1,0.997549,1
claimbuster:2886,claimbuster,f97eb45cdef895c3fcd76de0e113ea38210910ecbfbe10c2ea50b95902f0effe,0,0.022226185,0
claimbuster:22573,claimbuster,e9bfb07ebbdb3f265e7c31b73075f3a081cf8d6d1818af103d6190c0c15d5e93,0,0.025594248,0
claimbuster:722,claimbuster,74f521dc6738bb1aea7c14129560ac15895020da1f73bb5be08088d40215dfeb,0,0.1831748,0
claimbuster:16007,claimbuster,7aad196ab813139c5f3a70daee5736071f0a79e8413ea43c7edd97611ea3d1cf,0,0.025345044,0
claimbuster:23023,claimbuster,e6b6c093830660f601b602c67137f6c7fa7d2d9330189ef1bfe9e2096dddba18,0,0.98238164,1
claimbuster:32017,claimbuster,d73bbe04afe41bd3a1a5a4e3d7cf3141e4de5d1f9a54d83a84742e57428acefd,0,0.2968571,0
claimbuster:15730,claimbuster,c5d0d74d5fdfb40b4476069951256bb9eea3bf733fd149711515079ce0bc3810,0,0.09283347,0
claimbuster:8917,claimbuster,910a45188c05b761e93c58e842a73f2d78b34e1f26d06656fb54618231dedc20,1,0.99590164,1
claimbuster:20117,claimbuster,ff721661003e0a46b85f6942635dd3565fc96b32444f6e75fdaf7d86a723a2ef,0,0.021769034,0
claimbuster:8204,claimbuster,e257432f57bfd6b3a5923fb959ee3510825665bb4b6a8196ea797ee0f0a68bfc,0,0.025379403,0
claimbuster:6563,claimbuster,51b9f4c225209cbc24f8226984f8bef3add55b9ac592f2f038c4305f1fed18bb,0,0.028229149,0
claimbuster:5699,claimbuster,627ba25dd14818a2b4e0d9a8d8daa63f8444a690027370654b6accd9234eb36d,1,0.9958813,1
claimbuster:8310,claimbuster,4720cd742745b1df66cc456cd564eb904a1f655ed4a4abea265b23f06c90a628,0,0.017452892,0
claimbuster:8755,claimbuster,5333b9a61eb21c0915039bde25d8ce50d7fedd179e47ab6d75a4038f34c290f3,1,0.9956648,1
claimbuster:21028,claimbuster,a1ea01144e5fdbc4fec8a740c9fa979f8f93130bfe8f4e1c9e1e443cf89a5b48,0,0.7129392,1
claimbuster:265,claimbuster,a4764b5dfc3c76c3a17f4ac16c8f9589febbd0b6bc5c5eb1ccd50875b9c7fb46,0,0.95901054,1
claimbuster:28829,claimbuster,9cf0c69c349a4083707e7bee941c312c40ad83e95bbbfd71d3e7802114bcef81,1,0.9967283,1
claimbuster:27795,claimbuster,6fa5fd23d5118d36aaf9ad2702d953a5156e0191264078e8a3233e31d94f5bbb,0,0.021969166,0
claimbuster:26628,claimbuster,b98b8394dd44b75630617961de5c4c35c6ec1b58fae995048bed2ac7d279b0ed,0,0.43748462,0
claimbuster:18626,claimbuster,8973c17a7dee89d026a46af8b502301049282a7af09e4e6376bdd340f8dd00d9,0,0.019779753,0
claimbuster:12477,claimbuster,934bc62a991d60aa4f1e29d1614f00a83dbd78d1f7a0624c30b870dfd3018482,0,0.030167976,0
claimbuster:33057,claimbuster,b287724a21f5add78e00dc39e00764a2ff4fc187045ac5524453c82aa4f8f752,1,0.63372403,1
claimbuster:8088,claimbuster,9deec4afc90b05367bb575aba7ad729f5aff0e1ea8ddf42e7926114555d17f52,0,0.02139382,0
claimbuster:20293,claimbuster,58d7f229cb5d971f288f2b338d71f357903bb4f2d23b020cfe09d538ea545bc0,0,0.97463113,1
claimbuster:6060,claimbuster,b177aa1a84f43bae36967c6171e0ab7144c7298f6f05d23cc154f37b8f255437,0,0.9861078,1
claimbuster:2967,claimbuster,42820f48f8b322b597973ca333b34444a886d7373910a911a5d618a331916ad3,0,0.7723883,1
claimbuster:32489,claimbuster,2fc53ec706e61466853674c0e3b6c4158b5721aedc7db3c7a5a586197484c9c3,0,0.8700539,1
claimbuster:2976,claimbuster,e22f10348d820d9f478b147b8fe2214e2fdd7124268bba00bed08868571a834b,0,0.9935169,1
claimbuster:18743,claimbuster,e81735e4b13dcbe66aab718e2ca1fb225eeca676ebc264cf44aaa30c3517a503,1,0.9758462,1
claimbuster:28933,claimbuster,8dd588cedb720fc732b0d5e2ef613be3a11da98fad9df02cd576e97f33c1795e,0,0.027636519,0
claimbuster:2586,claimbuster,612c8f26f19467b1b02ec7af5c2f6207bad44a6f652f566b057ae763b1266390,0,0.03474506,0
claimbuster:26348,claimbuster,1432e58a924ebfe3ef37ebed66a136aea998c840fead97fdafafab433277df6e,0,0.9932389,1
claimbuster:105,claimbuster,363c89904ca05a0c157fb0d8cee1bd489489f0aca5989cbee3c7c5e0aeb2c8c9,0,0.041283343,0
claimbuster:786,claimbuster,993e5412874fda9f95255a31e2d20f35962b3d728ad075427ba7cc692de3c6c1,0,0.02474684,0
claimbuster:11071,claimbuster,325c909042b1810fccaee4706cfa043a6e0dde74e1838d2128a9d69f697c73a9,0,0.19768977,0
claimbuster:23148,claimbuster,6984f029e282fc25ff6dbd69fcdac8b94cc353bfc5cf698d715f92812a8a97eb,0,0.98509884,1
claimbuster:28367,claimbuster,b987d6076e779519b2d5a7cb520edd1402b283bac53fa25c026ec5da05af8770,0,0.33870852,0
claimbuster:8700,claimbuster,1e7502692754dd735bb71c85f6f2ca71cff3b7b7d1e41156d19ebddd791c66b3,0,0.6260551,1
claimbuster:21651,claimbuster,ba408ca3b769065467ff095aaf77052e0e91d584036f2a3f9d717c56b74dcbe8,0,0.06388081,0
claimbuster:28915,claimbuster,d4841368ff0fbe0bf5ee14d643aedfac1191c39491e1f5183acbb4c5799f8f7a,0,0.04286136,0
claimbuster:16338,claimbuster,b9c67faa71816095b79025061abbee52a7ce20852ed904279e3b6835a1e555b3,0,0.015020482,0
claimbuster:24793,claimbuster,59c8c474a5149ea96112d186ca13127b0aa0b222d8d777f7d9c98c60fe3c6b8d,0,0.028166851,0
claimbuster:12853,claimbuster,e2cde7583b35f1fa5021479db96d72acd700dfafc6731eaff6e5f888f71e1852,0,0.016666245,0
claimbuster:13741,claimbuster,9644d1d6e935c05a5579f8b91e75c6e18f644eebd3bf26ca5b29a27d7504e05b,0,0.03223247,0
claimbuster:11439,claimbuster,c3dbc1e0028a19edc29ad07b2e6c3a1de0ff49d3c17282e475aaea84ea20ac6e,0,0.01791077,0
claimbuster:9630,claimbuster,c573522b46a44fecbb67ae1bdfbb8018c14a5694878bd8c8609181f17d6e9d31,0,0.13223486,0
claimbuster:3466,claimbuster,da78baf28b226c908f7200a65bc97dd2c08125d81ea7c4ff0241fa2203a3ffbf,0,0.03714405,0
claimbuster:9151,claimbuster,ba39f401fe30e86c488458ce9459c31d88af11d6f38444cede35ff42be3a2f16,0,0.019711832,0
claimbuster:15202,claimbuster,88ce5ef436a62addd61d34a4aad866afc6af06902a7aafbbd08613b69f12841e,0,0.0301626,0
claimbuster:21465,claimbuster,c9db7cd2943f59e248a9e81a544f231b50a10e4b83ea9818c3b8f22cbd2cefc6,0,0.26843172,0
claimbuster:8180,claimbuster,d2e91c4e3720354d09ea56edfdf86abf4a9c3636e0772bef94c96fce664563f4,0,0.79037714,1
claimbuster:15305,claimbuster,f9e3347cb34cba87e250d90c1dbbc8547c06553bfa6818515eb6cb84f6960b51,1,0.99647945,1
claimbuster:19995,claimbuster,88407393cc96deb3b577fd6c8c9ec39b2bb3ef491d0eda1b8212cde6995f6f63,0,0.023526799,0
claimbuster:26958,claimbuster,9363796bdb76cdacd0888468f04d1924364f6f99620010a797e94fe2cb53e209,1,0.9969613,1
claimbuster:18735,claimbuster,ecbe68556485e65cee5690ea4a77a02537ecc23bc8e85d3d4d4639b4fda5a004,0,0.452374,0
claimbuster:17871,claimbuster,58032eac9d6bbd9632d8c5367f400fe0b25b6a64656211e506dc39026feb6156,1,0.9962119,1
claimbuster:22112,claimbuster,32cf9dac0ca88592d82b59d23431f843e0c245572c71b5182732e4f4cc7a0c13,1,0.9835691,1
claimbuster:34102,claimbuster,407ce08e237ca7adb5112b9ae2f0a68a4c57924e7b4b65749e6cc28a303d4d7c,0,0.014145834,0
claimbuster:19300,claimbuster,3eb53965f30d17839d46fdac4c15aad88b2a8c367f2a8f5eeb83ea81046c20a9,0,0.07082919,0
claimbuster:26913,claimbuster,7df54ea4050926acbcf041fe78fb5cc8e143ca4d7ab54c37e7b0116a51ae9c22,1,0.9971205,1
claimbuster:26709,claimbuster,fb21e94b1701e7762ec03c67dcd9e2ceb3b276fa2a35ddaaa2a43de2ba510738,1,0.9907754,1
claimbuster:2176,claimbuster,a3b21de497689f5f4327d895666544d0b64fd4f305e0c0f56c7fc38af05c5352,0,0.99274313,1
claimbuster:10046,claimbuster,107e29c786f4c706635606a1e068de047a34deb2e15624e9f978ff600e92eff0,0,0.9414122,1
claimbuster:23219,claimbuster,4cc4e83da9dd3e278b8c220dc16756916ebaaf3c2be6c56b0eb1d94ddab2c162,0,0.054247584,0
claimbuster:22238,claimbuster,bece1446346add9b5ad571cb905a7431f89180e726419715f75c8a617122e098,0,0.33501443,0
claimbuster:7593,claimbuster,32a1af65071f15c49a10dffa69f098793f918444e54dd2a2012eeda20975a57c,0,0.04112705,0
claimbuster:429,claimbuster,0e1fa17612a36f3f345cc668b305fd50899fad82c78a934d4e756750672bc8a5,1,0.99590164,1
claimbuster:15454,claimbuster,82d68f38e5619d374b1e5193f04cbcc03966033624e0fc6109b8fe7782ac85a7,0,0.018862424,0
claimbuster:16546,claimbuster,49f32f8a58ded0638de2f768e95c28c3bde895e89f5b564205e65ab7101907b4,0,0.1767633,0
claimbuster:19787,claimbuster,dd4999bd8795123b0cf18a3536c4bc9441c9a002fab09c704c54bcc6324f780e,0,0.015046325,0
claimbuster:29814,claimbuster,47a174f5807aac97bd82c569776b8f43017fe4c65b7cef26f1e55370421fbc05,0,0.98223346,1
claimbuster:14809,claimbuster,180368c3475085fe7b99d6dca74b728a68bf87f0e09de10fd239ecfc1f15a906,0,0.030117564,0
claimbuster:29105,claimbuster,a2d1af8addf4318710ba51f1167c8385067a59ae61cdffe489d143ce04140455,0,0.065091446,0
claimbuster:3052,claimbuster,f9f2cb4b832c3ee332c19912663a86b055364beb97be3f3d41b00dfba91c027f,0,0.3517592,0
claimbuster:10020,claimbuster,c740ece00a2158e1d3e383e3a8c0c9f55cbb0195b65fe0548d78d7657ad65d40,0,0.075757094,0
claimbuster:13645,claimbuster,0d94fab5dbc91593b804bd389641732b39889b2abb294c0449c47eaea146fdd1,0,0.06554496,0
claimbuster:12442,claimbuster,c7ea999bff6aded427ca771878895e57fc391dd1603ea849d14459855660e1e9,0,0.26003486,0
claimbuster:20968,claimbuster,799dce05538a1981bf78d0efd5bc31878dd45a70669a4b04ee044772550a672d,1,0.99513334,1
claimbuster:15581,claimbuster,994e5f0aebb2957c1203cdd8d93742e97ab1889e66f2a4ed58fd8eb4a581b69e,0,0.050758503,0
claimbuster:13451,claimbuster,eb17c5c88f0d31264928377746f879d7f218150180fd7add7a02ddd9e1cf8427,1,0.9958406,1
claimbuster:3130,claimbuster,7e86697f62dc9128b4b9e07168a9a347f322b72f8e663cef518dddadcef35ca7,1,0.9786847,1
claimbuster:19107,claimbuster,92497a23a2c63d03cbbd94953992ed81a0a8ed7a75b3fa748a618dc1f48834f1,0,0.9947976,1
claimbuster:15533,claimbuster,ef739d50f5521301318cc0e4ca389c13fc3428c45d2c6495f9cf991e4439e0d7,0,0.04748241,0
claimbuster:12572,claimbuster,6df24176cbec5a232cbd884437c0950f0ad0f75a392970461ba77c0605a66434,0,0.95142084,1
claimbuster:19897,claimbuster,70df764f2fb27cb9baa617de77106c4f5117114fe41171af47d1b0650453f49f,1,0.9960078,1
claimbuster:11682,claimbuster,1b41bf1f4e4f841788528d0317571822538dfd8236413e4edecef312a5e331fd,0,0.9716517,1
claimbuster:17815,claimbuster,d33466739a4d460dba323068fe8a388e41da21c33253f83707c23cf385cc44cf,0,0.9918527,1
claimbuster:13722,claimbuster,8eceecc8e89caf612b7845828931d1399170e6ceec24cbd274c0efd3a49ef14f,0,0.9648639,1
claimbuster:12154,claimbuster,72bc5d63049738a533139f7711b6578dcc57e342023c8d6deba82021acbdbe7a,1,0.99634945,1
claimbuster:30369,claimbuster,dc4dc653c90215c94e3e646599d1db302c00886b93e97bd4f37b0896c40fbc6f,0,0.09608392,0
claimbuster:32877,claimbuster,4690fa2ce909f9a60fdba69874fee92e059297410eabffffe0c16e7b3ce575e7,1,0.9959428,1
claimbuster:25094,claimbuster,814836ad54e6e09ba1c9546544ad18acc4801c63bb82b031d3ac09c247989e33,0,0.016497359,0
claimbuster:3564,claimbuster,552b84372df2175859476d4b0a63cd39b1494f82f85da81d7c9eec544e447229,1,0.53046036,1
claimbuster:8468,claimbuster,812335074ec96957615eec749d98a9934de74cbdd458a147ece7b8dc0eec5548,1,0.9969091,1
claimbuster:16392,claimbuster,76c98a8ffcfbce78335d218be60598764bd98861cbcfb55888ba2ee29b377faa,0,0.038894344,0
claimbuster:7532,claimbuster,ba95d73b66ed72b024e1ac2315e34e0fa89349f6838d1a9f68c36f21763bd5d3,0,0.9876122,1
claimbuster:10024,claimbuster,198d89474fa9ceae2d4e5703b0c6de79d432463e13228c7b40f9720efb091361,0,0.39524007,0
claimbuster:24368,claimbuster,e81171afa74d817047a1a1b5e94e7b90b540d9207dd3e68ea1c6599187a58911,1,0.98974484,1
claimbuster:428,claimbuster,8df93c20b156ed936580f4211ac1cf60fc9fa89d759ad2e08d81006e1528487b,0,0.9905096,1
claimbuster:32469,claimbuster,db1fb2854b0a4a219a327bb791a061cb43625d3b19299a924177e345ec1f49ec,1,0.9892246,1
claimbuster:16769,claimbuster,eb2f3a253f92fe9bcb902b3110bb9de5efa7f8c474885ab865e96db9f0e01183,1,0.9963607,1
claimbuster:1942,claimbuster,da981ec0041ffd58ce440edfd0f786ceff76ddd2c1c1f70632038fc9b8b7839c,0,0.033748243,0
claimbuster:19414,claimbuster,99b4c8164ff5a32d678d82bc4982d9e15a4ed1a6b70d0d64fef161f9c39c0e47,0,0.025488874,0
claimbuster:24243,claimbuster,37d2be0c06035d8be9c709b33efac2b2d341effdbf84c4b98703a352e125cee8,0,0.023663834,0
claimbuster:8280,claimbuster,0b82ec2089e8c2d7c12cbfd894c67c3820c21506c8c6e4e9d4da2857dc45c058,0,0.9929483,1
claimbuster:2799,claimbuster,fd9b1f38fb574cb75f7a3e7f893fb5680cf16fa3a8b864a0b3b5f21106cb87b0,0,0.35888407,0
claimbuster:3357,claimbuster,40ed7259e12624ccde71636d549f23e046b2f17b21996b07c41cb6609908f32d,1,0.96778595,1
claimbuster:18854,claimbuster,4a9d729c2a8bc2bd9ef7d3724489da4c7845f000e36c0a86ac5517e2b26e855d,0,0.051901404,0
claimbuster:26805,claimbuster,6c653085339dac503c6ada2b9263718413e856feb14679219f5e99878212f8c4,0,0.02474723,0
claimbuster:4109,claimbuster,7aafc8be3ef781e75af5ffcd613ae8de25f682caca4aec47eedd002b43b05f0b,0,0.021152716,0
claimbuster:23424,claimbuster,b12424d34d041e0853e4ba94fae664e6212834d234df2e39422fbc5758e6142d,0,0.9060328,1
claimbuster:20012,claimbuster,4d2e8a0af99204bfd819b1277634f42094af95bd4660f26e92e277d887bc5660,1,0.9948566,1
claimbuster:15676,claimbuster,653810e92704b1b731c3f1573e70927a6a9efddc03cd31376499170578a602f1,0,0.67658967,1
claimbuster:6912,claimbuster,263ff8961cdb46b3f112aa3b4e5764a9e17c8901a0f9515a129cf344bf9ceef0,0,0.018127047,0
claimbuster:1026,claimbuster,c835ce2fa64ee3b5825df69442b36d77373e37a724603e75c49f2b4f075a3a25,0,0.021934655,0
claimbuster:17570,claimbuster,b9a13c288d4aab3c58fac01b472d0883b798c26279cd9b2dea6e366d3f923432,0,0.75740963,1
claimbuster:15488,claimbuster,3daec91a492d42960ca80c9b480b18531f3198323b581e09f90492d6b4607c28,0,0.016146744,0
claimbuster:22489,claimbuster,ba037690caeb65ff8d30b308b770dc5435070be0810c944a024457a646422964,1,0.995886,1
claimbuster:24322,claimbuster,2d0302936bf3e50b0128f095b46d47fd0841944f3a2fdebe12d0ee29379be44e,0,0.015667534,0
claimbuster:19031,claimbuster,d2cb2dc5db474934f184967042c59cb7539eb1d670eca0fbdad29726680980e2,0,0.06067903,0
claimbuster:33307,claimbuster,39da7582a20da20b12ecac28026c2c7a1075486a4c8e53f05f3f65b3c5609d6b,1,0.99056584,1
claimbuster:30210,claimbuster,ab289793ec1b94ef9802d2a60b516a9bcdb027cbcfd8b10566c7a39df39e7587,1,0.9965545,1
claimbuster:27256,claimbuster,511a504185f9761a979ca735170b6f1cb5ee2257b2243fc18a587dc9c6cd2017,1,0.99534225,1
claimbuster:7255,claimbuster,4f49763e289cb405c4b62d265d86b1ae8586672d3ad51dc62024207764420dc3,0,0.31453523,0
claimbuster:5894,claimbuster,20a22a90ec7c0e685faf68a409aa985527bb9f32852f0f40e808e18ac71b2c79,0,0.020504188,0
claimbuster:24096,claimbuster,43cb0bfc0a1b4578c6962ca78a359db3999ba90d503506d7487959f75f9e2458,0,0.023110924,0
claimbuster:11306,claimbuster,6f824cbf5001e7ae6e011df71b8f9381c65d058bc9074d4418a35253f92c3bc7,0,0.9884636,1
claimbuster:31852,claimbuster,f23c1ea11b013e69e2751252a2200317d551bdff6bfe70f443fe76080a7dff8d,0,0.06590629,0
claimbuster:23510,claimbuster,0f1814075580164931b54621ffb482504def1dde4cfb64365987c0d9136406ac,0,0.44285423,0
claimbuster:5571,claimbuster,26db495957a1e8b4729f6492404e7aa4a9edcae6c446ec3ba9e0f10be58f6de6,0,0.06595404,0
claimbuster:24955,claimbuster,9056947989e7b412dd3d7cc1f5f40d4c9f08c0ea1c172734fc922d1675b93f43,0,0.026530204,0
claimbuster:17965,claimbuster,c475396809280cebf99aa491102107d3f42065a3fba15f4e3aa13691cd0b6334,0,0.11011458,0
claimbuster:27413,claimbuster,452fa793082c3c8cd4f5a70ffe981364c3dd56ce4876824cdabebe0583c13eb2,0,0.9879991,1
claimbuster:12628,claimbuster,4c22fe18865c387bc596de066f97567da48c36e47d6e805887fbc98ac2ef556c,0,0.041790336,0
claimbuster:29200,claimbuster,bb3290000f25e84f0dd4ddf80be9f2fe61776e3e508466fd4f10c9ee359805d1,1,0.9966042,1
claimbuster:20003,claimbuster,38299be7749ff1350a6440750a0e708c9f7a841596aa0890f231dca9c0d4489b,0,0.9892559,1
claimbuster:20893,claimbuster,b8cf18fb2338b0443c6f098bc49571f2a2db70e96e7544765505b525ebed4d4d,0,0.9861471,1
claimbuster:3131,claimbuster,8b26639f76fed0777ea83f4c0b6cbc43669bdc6abe1df7d5c44b6320baeeb759,1,0.97691226,1
claimbuster:19434,claimbuster,960bc2a2f0719a9a6f40f3bc135f74019b07384da8176fec8a6c9b8e465ac75a,1,0.98246264,1
claimbuster:12729,claimbuster,f62e0c87d50ac8e06b923940cfc4a1024191a498ae742eb50b34b72e6fba5c9a,0,0.9927487,1
claimbuster:27114,claimbuster,bdd9c8361cfa8b633fbfde7b278b6974a7ec3190c7abe1f5cd9800d43671998f,0,0.023302328,0
claimbuster:14460,claimbuster,71c3d1d40511dba4886ec517361765896ebc2768bc1d2a34bba11df6e94cce0e,0,0.080969706,0
claimbuster:16652,claimbuster,6d561b23a3dae5764bfebd571699acc36c8b9e4e84f125c85a18abca7c314937,1,0.99684864,1
claimbuster:12546,claimbuster,ff5146f4ede8ae58fc7b1133ca7499ac8e6ca6f794d3c79f5ff9629ffd8068d1,0,0.5329013,1
claimbuster:34044,claimbuster,c605c095d0185d7a47d799f4d33bbc372eb80b4190ef0cce9588dccad38235c3,0,0.05991504,0
claimbuster:3204,claimbuster,4c97aa2ad8ce69e1ca6b1f9dfe3769629e71509e8f14b35485c7520fc44d498a,0,0.99046916,1
claimbuster:16894,claimbuster,63bf294001a67b624fb6aa42a3c135d6905b72a5a4d74c67cc9a73893144fafb,0,0.013336186,0
claimbuster:8355,claimbuster,88dedd47f3ccede2637ec7d617775fdda6acd9467eeab95986093f04d37b8433,0,0.11374188,0
claimbuster:32036,claimbuster,2802b17b9a28237d5390cc0a4cfd19d316bedc4e12b83b3ffda63982c53f2c53,0,0.020631513,0
claimbuster:27553,claimbuster,88dedf3071452645de0631bde2ea1ca62e2433e71b196e1eabb8ef0f836c989a,0,0.9712294,1
claimbuster:12636,claimbuster,86301c23410c0d4d4e6db35b4906e2ef1b4724b4d4f9fe3dd732d223acf2ae1d,0,0.030574154,0
claimbuster:1686,claimbuster,1ff15df3df76c43cda7e189efed950474b82d174c12714b5176457c468f26cf6,0,0.9544702,1
claimbuster:24458,claimbuster,51ad0ae527fb80b8a6e0d52e1efd518019117f2bdeae62e02401775f7f1fc8fb,0,0.5943171,1
claimbuster:23097,claimbuster,0bd99f75e727eea556428e17ae7aa22958ea6d93e25de1ce3bc1864d29f610fd,0,0.99708015,1
claimbuster:25401,claimbuster,043b077cf50baa979ce7282fe6536d24bd0d199a68d23bdbf0656df86cfab619,0,0.09383834,0
claimbuster:1004,claimbuster,1934beff7a378212cef96f04c8d9a19a5fa2a5d62fae1a72a40c805baffcaf52,0,0.17645156,0
claimbuster:19967,claimbuster,941ff239c060eefc604605620269a50bce48ac57fd5879c93201965210c13c47,0,0.36057898,0
claimbuster:24053,claimbuster,f1cd1eb762bcbda2ba5f41957ddc9f25e8c535f179f8287837e7721c5196a628,0,0.020500252,0
claimbuster:13156,claimbuster,867d821e16cb6507d239a550ca94e63753a163a32f185c1ef8ebf6ba14ebc466,0,0.4678342,0
claimbuster:24255,claimbuster,3a116e54da73e5a44c148fb0b6557232af650534c50aa9f448d32cf1e2de9c6e,0,0.96930885,1
claimbuster:25568,claimbuster,3a932dd9611a9b9424b6c7aa15283659f252351475d983030185c64a5c7f9b70,0,0.028249461,0
claimbuster:1892,claimbuster,87a918d074aeb73e4b78538b2d5b82639e028959001a689b2ed3bbfa6ded3f3b,1,0.9963378,1
claimbuster:24795,claimbuster,192f0ebbebced6855dc1bfec253fe9d57d4ed0490b7603255883d1d07e1b11ed,0,0.021801367,0
claimbuster:8202,claimbuster,1aeb6380447485a1591c2ce8a035a990a048f14b17e4a2b8e04c4a50bee73ac4,1,0.99540776,1
claimbuster:10959,claimbuster,06fc7f9dc581d0ba921e66a07e0aaa59b95779b7d9e93801b333a73fd150296b,0,0.0156052625,0
claimbuster:11365,claimbuster,58bcad1f11c4ec851277caa938270573617d0929e33d078f4feddc570c6042c3,0,0.031373613,0
claimbuster:10882,claimbuster,abdecbdde5cdce7cf6e72689e1cffa6272cd4da9365b425a036630ac02a66b6a,1,0.99659485,1
claimbuster:12301,claimbuster,05c461b8390f743e72a1e3e56315457eb55d72f2f6828a5aed74921e8f4735cb,0,0.0757522,0
claimbuster:20037,claimbuster,02bb89bb78f9e5debd2f473e52100a0fc8e277c6139814fa08c8071ef2f7a926,0,0.23727673,0
claimbuster:17124,claimbuster,d2665ac55c284e9f027986c9bd4f4dacc1ada144ed20795533c684c27e01ea18,0,0.34235066,0
claimbuster:14900,claimbuster,2e12b69a2b74f2c96ecfa122e7a2ebb03e6a5819922d5944b85c3c6f69c8067f,0,0.08631762,0
claimbuster:19565,claimbuster,f455a49a7550e1f6552165df5cb04761b2304e7ff6a87bc6f33114dfbbdf4dbe,0,0.35095635,0
claimbuster:26398,claimbuster,df121b4e21aad19a325faa3126ae82b6c5e76e7c762b78e99b148c6ba5fe1eb3,0,0.44932836,0
claimbuster:25560,claimbuster,65097fd771b53e188169439654717c8dbe1f03196cf213486b6ddfc0d19322e5,0,0.020100772,0
claimbuster:18084,claimbuster,e73914ed3d367ceabac4258c8261b47c05729b014c9b2dd7a962e3c8ececea9b,0,0.98502904,1
claimbuster:16996,claimbuster,03ccd086420d2eb4ee04e7476bc1a28c5951f0911e27177dffe244f91c3dfda3,0,0.021276312,0
claimbuster:21812,claimbuster,11eff58c168702112029829a8c03fd83bfb7c5e98d43edec33b32673b72bcd2c,0,0.12676309,0
claimbuster:14893,claimbuster,5b67db796681982d1b8467ec7ff6d62ab822f62cfa3592caad5186e42a866699,1,0.9961212,1
claimbuster:3055,claimbuster,774e6fc8e098673931398a87a81cd138d7aac141f3198d398ae8cdba95fb8654,1,0.9954646,1
claimbuster:354,claimbuster,1585143723e2d9a9a289498fe1f9afa7f5ceaccc2575b11c11f7e62637234bab,0,0.9924005,1
claimbuster:2095,claimbuster,0363bc557efdd172ec3f5504bb3b2027a55b856c17ef692a511c6ed05a0e2e60,1,0.9971194,1
claimbuster:4238,claimbuster,7125431816e750614c0095123c7b011d401e2ad585e467526ac8bf05db1ffa59,0,0.85595125,1
claimbuster:14686,claimbuster,ee1026d1cb6ee123fcaa345df86b3fea6db097c7b75d23e22f6aee4868355693,0,0.032867927,0
claimbuster:27870,claimbuster,06c15c6ef4c2f800b99d20740c080bf1796a4c954e6f055eab05a2257ae3e5cb,0,0.87379014,1
claimbuster:33749,claimbuster,1ac4e1f4c908cfdf23408f3b70f372450b77a826c3b1626ffeb3d8546ccc1640,1,0.997054,1
claimbuster:18866,claimbuster,c06acc0ba36fab4fdaafab39af877eddd767da4e52fb70dd1a4f5156c2183e86,0,0.38604078,0
claimbuster:45,claimbuster,e53fb3f161f5a4b27624d3f5411e81513611fc153a7519b94a19bfce17079a7a,0,0.9967129,1
claimbuster:23608,claimbuster,334a7126755fcb28945df14388f30c5b70c3548497395177eadf69f08c0f3049,0,0.03980503,0
claimbuster:13954,claimbuster,8b357f30cf5de661ea5a4b7c56ca642f6cda25cc9bc58116be084280273e49f7,0,0.6203547,1
claimbuster:34199,claimbuster,d2a7a4918de35d01aad8a415d19d773468c21c2c860140b73e1942f3e804283e,0,0.029035004,0
claimbuster:8419,claimbuster,ba4c0fe0f274af99260bb16e8a25d7b1f1b09433a030329d1e0eeec984ec59b0,0,0.15350786,0
claimbuster:23416,claimbuster,875613f77655c8127e395f6e813f73a3d45570ddb02473f6bfe51eb8c0d30bcb,1,0.91941154,1
claimbuster:31990,claimbuster,ec2a2640f266bae52eccc9d99473835698fa2f785c1f3b6c811acefb024eafd3,1,0.99506974,1
claimbuster:20063,claimbuster,f00a6b6bffca3e34848d0782f7987e7d2b88d6dd220cf8788664e4ee9b15f1fb,1,0.99390197,1
claimbuster:14197,claimbuster,77b0dceaa9a77c3b95bbf9acd4d14c2dc9b7f3a4307eb37f37bc0b36dc2e9507,0,0.12852675,0
claimbuster:15866,claimbuster,450dc8759594fd55ea84f39a7db5fb7963000c10f8a6688165401e1a21d093e9,0,0.9894428,1
claimbuster:26660,claimbuster,de00e4d9337212aa76bd78197d80db3dcb2f4b46deadcb0c83066e5054aac4b7,1,0.99514514,1
claimbuster:33528,claimbuster,dd637a1e9ac4bb03b3f5be88e61c363b2bb06dd673909c16584e75a18c653c8b,1,0.97419137,1
claimbuster:26819,claimbuster,413df7660c3508387b40e03020ab090837186f83e52ffed6fcb6b0c99fb36318,0,0.017707711,0
claimbuster:28260,claimbuster,95d2bf64d4df3a3d3e58f0c88b8b280bdd04ed1dd3430d01e06d47a738e011bf,0,0.99428976,1
claimbuster:15665,claimbuster,5b683ca5c45c57d738cfffe0c611507782b800c89adce107a008fb821460579d,0,0.9595996,1
claimbuster:8147,claimbuster,8674b27d01cb4f0552dfd67ddd92a0fa0e25e4c766875bb08adb16aa6350e144,0,0.01641972,0
claimbuster:13165,claimbuster,6277c0dc203bb51e94ca5c77858410dc176abf37fc188013a7d5d85de0f03e89,0,0.106473036,0
claimbuster:32045,claimbuster,409285f2e9a691f64c313667d8dcd987a741cea5a8941281ca483f73b43c9eef,0,0.95068824,1
claimbuster:29392,claimbuster,b552ca011f5a58fff3b22ae6eeb2bcb6cb6d59f4eac41fc61de0753a2366ea45,0,0.023263937,0
claimbuster:7796,claimbuster,3b610d15d3f119be22e4d29a233d036950b535dd067b2b3f2aa8c80cbe28218c,0,0.10838073,0
claimbuster:21480,claimbuster,2396fec5be5554b74fb69b213b4a0e7e2416148fc33c16ba3bb77c8df423e19a,0,0.029786723,0
claimbuster:16075,claimbuster,cbc94981a4694e32b6277f439bc4d1e17c48c11ddcdbe447300ba9ee85eecf83,1,0.99585754,1
claimbuster:6721,claimbuster,e4cbe352541ad7a399427661ebb43e368c9a18aaf9e5f3c5e783f3c5980cc935,1,0.99481106,1
claimbuster:2026,claimbuster,9e5a00d41e7688a219337c6a6e0f855670f8e69d61cb1208ba321b62f884806c,0,0.03615583,0
claimbuster:3257,claimbuster,64f6ef9bbf7e0e4c25b4566267abf4171ec4c18c59f1c7fa12ee8838a8c85c99,1,0.99294853,1
claimbuster:15811,claimbuster,dbfe581e14b293785a4768d33427a8860d38691462e73df021e89be96784f851,0,0.07566963,0
claimbuster:18058,claimbuster,6ffdb4c5e67abf2bd546590e13e963eb82a8cfde469a35bb539a6a78f6930e44,0,0.4323812,0
claimbuster:29568,claimbuster,a35312b18ae5aba7ebd4bc22cdfb7a135033b1132ee491621a2c5fbc8faf3ed7,0,0.9932001,1
claimbuster:17813,claimbuster,880f6d3d5e256d014ea4a74ad59bf4f57a8ccb8fdef42bdd4dc907661a2c753e,0,0.9923649,1
claimbuster:28868,claimbuster,eac746f0bfefe5c4faece4cae84f3986bb739d2a3fd74a6876f75d85fc70efd5,0,0.9526531,1
claimbuster:8740,claimbuster,59ab7381be979e9f2fe289bbbf9f017f4d01b4afeba6f8262b9159049686e352,0,0.019071573,0
claimbuster:26309,claimbuster,e0cc58e918a1238b8fd9fcb7831c5ba30b420cc5d8a5e90f04a6697de5622c58,0,0.029523756,0
claimbuster:1172,claimbuster,72a4831354f285422064a50c81761fc1b11c4a67f308b9b4113203d8e4e33792,0,0.98292094,1
claimbuster:3008,claimbuster,e967d19cc54bcd2e4dc605481c99295860dc45cbda93e1541bc1adbcef335b19,0,0.020180073,0
claimbuster:29677,claimbuster,353708e37682042c897fdf10b436623d4c1249970ce7a18b51746d83cbe770c4,1,0.9966132,1
claimbuster:20040,claimbuster,d1c6fe05b16459893f370e57f7e3223da2d36dd6b62ff87d74710bab1e3642c5,0,0.9883924,1
claimbuster:16783,claimbuster,6b83829a0e63a555cd44e7aa8415dfe6d25605346527614559907e3f06508370,1,0.99702233,1
claimbuster:25497,claimbuster,d1b28b52b167f8861d7b9ac087c780c7f37f29d027c0588cc6c5c93035c194d8,0,0.03248745,0
claimbuster:21401,claimbuster,117a87c57529fe03c4b9972cfd1f7801c530210cbe1acb373d8bb9001a99a173,1,0.99745816,1
claimbuster:8071,claimbuster,396b846b21c90b6fab460f55391f0f358a41673c4222d248d3e1ea773c5d6b5b,0,0.024460912,0
claimbuster:28601,claimbuster,fec13dcaa2604dd876c8b635a629cd03b6f4bbda81a978f08feefd420f28d3ff,0,0.05099835,0
claimbuster:8827,claimbuster,38657bf5f9cff541379de400dca359e8c997760ea5aebb2ed527b6bd137f611b,1,0.9969259,1
claimbuster:15832,claimbuster,33354e11964121cbe2e7b728df23243b7cd2d90ba00e53b3caf594e8f52a9586,0,0.9861312,1
claimbuster:12896,claimbuster,3f35e0ca35293d5e278b923beedb96b2de7d433e3255d91d262569210e03da4d,0,0.021015437,0
claimbuster:33884,claimbuster,ccbc5e8dc660ff6c911e127a6d38dc33562cc0f72ebf83e4673eb2f612fddd88,1,0.9955112,1
claimbuster:7540,claimbuster,8ed60d8ab62daef6345af90b7f12804f030ef50bbd47658d856cbf2fa1ac3630,0,0.06435204,0
claimbuster:5974,claimbuster,5baa34c14de8c5b3a1111fddbba482483822439912a2fd31d07958c28ce1d98c,0,0.9222196,1
claimbuster:20882,claimbuster,f4f92c733f9d75624e75248bc0082f39c2c4935d7169c63c580d6afbfa883280,1,0.9931004,1
claimbuster:17857,claimbuster,10247878895f0069ef05e1e9021b0dcf3416e71dd6528732f552ae2df166f4c6,1,0.99721354,1
claimbuster:25563,claimbuster,45080ffab7a61d34fd790d895455f01239c53b60a264d074ce4a9868f0a53bd8,0,0.015530095,0
claimbuster:25784,claimbuster,653cf885cc2a44f2a2e44e685bb819712005f105a552fb82fc2366a5a417ad46,0,0.9746001,1
claimbuster:5730,claimbuster,5ff7ee919c24ab9b66efc7ba176c2ff094148cdb16d30207b69f82a6a788b24a,1,0.988932,1
claimbuster:2855,claimbuster,fee1b35e893fc14248774bb0478399cc800870776dae4cd2d93962e8ef23d27f,0,0.102972396,0
claimbuster:19477,claimbuster,8bbb422d21c94e8c222cd69a3f193d2a627c3851ef49b27a2f3caebca13cc388,0,0.023842957,0
claimbuster:5489,claimbuster,173e3b457b79fe6cdf0eaf75b71a3bb5af0249a38194441b9115edd82fbb1fd7,0,0.9833813,1
claimbuster:13712,claimbuster,c294c21e238dc06f38591d95f6ba8288c326c91d113642a559095ee0616d6c7d,1,0.996741,1
claimbuster:14627,claimbuster,071ce2ac9a62cb6d94991c7ca9ecbb7f2a924919813d79fc5c7006193221c22b,0,0.02370698,0
claimbuster:3585,claimbuster,b67e08dd3f388ff0ef61d3ff859ad1f506fd62166e90b280712761630a771199,0,0.9838441,1
claimbuster:9147,claimbuster,f34d83ef13657f68cb5b6702eb8541ed3d6f62a83e19f517e4fd8ffa108834b5,0,0.13065939,0
claimbuster:23172,claimbuster,01025f39c7fc409d9e61f91340a764d695d1c4be094bb374cecfd7e4dc166e6e,0,0.96409124,1
claimbuster:14538,claimbuster,d5b8342d6e0595453445416bf733dae8649d6f7de51f31387cb87c0bc513d43d,0,0.04985983,0
claimbuster:1678,claimbuster,b535adee4eca7fee091ece889eb88da701107bdb8c6a60551e059f06fd353f96,0,0.9190064,1
claimbuster:12669,claimbuster,7e12138b18e7f70885bfe6c4698cf70dd85e683e15e1edbe59cc37e3c2a7ee87,0,0.081776366,0
claimbuster:20758,claimbuster,c7e82a5fd34bbf4fe2521b86bacbc57c6bde58a77c533e95fee1543041f06b7c,0,0.029325694,0
claimbuster:25622,claimbuster,d46e894fa0e42bbd9687b7adb18447fe0d6d6c5202e2b431bdf949993de59b0f,0,0.04907753,0
claimbuster:3893,claimbuster,0fd0b073fcdbdd8ff085ea42bb0bc999c0d076ece4e705d107231f0b52dd4ce6,1,0.9967933,1
claimbuster:3791,claimbuster,ab15c933d17606a7a6b3381bfe3422e2ce6cf8eef3c0a5c0687799b2a8992c4d,0,0.60292715,1
claimbuster:15389,claimbuster,10db31ab39d38c76ecb31f921ccb8f921f8fb1744ea408f4d791bd856edd0abd,1,0.9956494,1
claimbuster:965,claimbuster,e7ab8fb4ef9315b4ac049666578d225bf6d65d43be33f87edac63bf69ebe0326,0,0.22915713,0
claimbuster:7278,claimbuster,741f54fd8e10c04cc267ed5b6daa2aa3d876433950518ae95841e75daafb28b5,0,0.07225553,0
claimbuster:24467,claimbuster,0e7127028f075425774200755d420dfede34c8f64d7cdf38ef04ebbdab874e7f,0,0.014281007,0
claimbuster:33170,claimbuster,c116e02a84f65522b19c13d8bfef8413377ffca110a39a9048b9efb32d464baf,0,0.018114254,0
claimbuster:8597,claimbuster,0b8ae1c8ad3c3b64cb4ae4d45a41c5f898e6f30734c0f264e4436b591c9ec029,0,0.035171676,0
claimbuster:9284,claimbuster,91d93f689781a8fbecaa96c5842c39e7e1eb55703ab96ea966e4e726de1632de,0,0.8800538,1
claimbuster:556,claimbuster,5647e054d8291720aeea7a91922a9c28a734eadbfdb65d7249aaa110b193f9f7,0,0.96235436,1
claimbuster:23542,claimbuster,55ce9b1b97ec3e6a67d368d2048ca3d6c4302e9907e6d3cd9d3e399e5627abd3,1,0.99486154,1
claimbuster:6057,claimbuster,5ef42c6c3e6e32f0835864b682c53afbb5de5ca5d5c68d3970a6b92b44f9860e,0,0.8546651,1
claimbuster:34151,claimbuster,e756030f27fb3b0206b9d406f75f941e751148173dbfd7febf981529889efc16,1,0.9763158,1
claimbuster:8111,claimbuster,177bcb98a7d30c01828c007e8dcc7e979ffc54254d9acff144512efda773eabf,0,0.013267194,0
claimbuster:5551,claimbuster,146399acbec99df5623ead7a4e590c4e1b5fce98a3bc4debf54a15a8194a6a0d,1,0.99737155,1
claimbuster:1937,claimbuster,01bb0c3b42e9b3629f36a68d4b49e7c66a5960c88b3a10161cf274dd379ba354,0,0.9112026,1
claimbuster:8158,claimbuster,dcf93140229cd444a4f1eb1fc894c8950b9ebe3d54aa3d04a1591ec7f03093cc,0,0.04624744,0
claimbuster:32984,claimbuster,0bcfa9b1409ae348caabc8c826cdf74cbbdc0566e2533ae4ef0b5782c14c3359,0,0.93596566,1
claimbuster:10714,claimbuster,f333fc28ed74abce85a9983d2be533009820518cb1feb99ccc127757f48d7a5f,0,0.98472726,1
claimbuster:557,claimbuster,b609135c64befdc84e519e96e381ede2193f357734008b6b87bfe5382397b113,0,0.9434126,1
claimbuster:13136,claimbuster,2fb14ed764bed002e63b39f32f4aba11ba18733e3562883361504543e006540e,1,0.9950126,1
claimbuster:17968,claimbuster,bc87179461100cb9c7888fd2c3b50cf02a77dc561d9dc46d85f04e925c8b49f5,0,0.021296294,0
claimbuster:3306,claimbuster,662fcecca261756c81336fa9fd2f7d982e83bcbad24abc264f5867f55a445252,1,0.9906318,1
claimbuster:19868,claimbuster,75e8e239275ec23e9f034650f38546e3babc8386bd2991503050ca342837d06b,1,0.93285674,1
claimbuster:23613,claimbuster,773c8e2d2166264db28a3a8f2c1397d505697a8f7c1f44d5e8d0c61522aa1cbb,0,0.79793864,1
claimbuster:11622,claimbuster,6c34f86d8fa7b9a3b477dde8be0665f04661341b8f6744d47a87bfc129ff0c74,0,0.07861464,0
claimbuster:22991,claimbuster,9d6e9c7126a5d0d6a8b8574ec2b39c735665b01d6bba5ab1f4b2fb640eac3002,0,0.25112814,0
claimbuster:28552,claimbuster,4432be9604e6fed152d6d625d6e9caf925275808839d272ce59177bdf8a0bef4,0,0.017190563,0
claimbuster:8003,claimbuster,8b748ef2fce8285c0e940380e1b6d71e73ff23395f8bd12d5b1b3739cd52f4f6,0,0.043238588,0
claimbuster:26571,claimbuster,1e8efebab544064793d3b838a67817761835d4fb88523f9f1361ca2b450c8b96,0,0.7372021,1
claimbuster:25228,claimbuster,b2cf7d0156e8efee74a3665832f2c53af14dfb11e184773d297a1521a66dd041,0,0.7573664,1
claimbuster:1758,claimbuster,5b03a66df344bfe8f60250fd32f3f5e8ec91a6a5f25601ef37b372836c705078,0,0.03887429,0
claimbuster:21767,claimbuster,6208d6744d7befc634303a2a9d1d94ffcda982da7be4a786adb5b7b4b4e5df3f,0,0.077655084,0
claimbuster:7714,claimbuster,c1c3a6bc29a6f6643ffbb2bf8dc62520b190f792b72b0213876f5f5b503bb4de,0,0.02158912,0
claimbuster:21333,claimbuster,379e5a435e8dabda87027f0be95236b2dacaa932fdd318c2b479adb9fd18ce5b,0,0.9729287,1
claimbuster:7976,claimbuster,6ba7f5035657c737c2d5e2a16ca4aa95ee12887275194cf52db28af3e2ee9f12,0,0.025185335,0
claimbuster:14731,claimbuster,ceb2d160b2f6300efed6aa8c0320d91a1a6c145a51a4e1095488ac112ccea89a,0,0.98868644,1
claimbuster:14680,claimbuster,edc5690609f8c2868911d79ecfd253c3b7f958a898d6737e3cecfd04e509f4f9,0,0.059438992,0
claimbuster:12549,claimbuster,82b2cba9c1bbae551f9ddbf2c15f0f6cca3a3f59c542f376831237357976fe42,0,0.022054175,0
claimbuster:17260,claimbuster,35cbdc4000ffce2bd17eb0cc1e19312757df4ef7baee74e1bf109094ce67bd82,0,0.037687745,0
claimbuster:20598,claimbuster,f41aff65dce9248ec03e2e4c80e3433f13df6203b7a10fa54e2cfa8f2c6a30c0,0,0.11534648,0
claimbuster:18936,claimbuster,649ec710ad0621ea7ff1c788f1e617726c3962b6f7298572869c7e20ccf0a255,0,0.9695268,1
claimbuster:6368,claimbuster,0d02b731921508ba5dacd37cd12e623785ffacb8ac92466418c32f1b10950e35,0,0.03230432,0
claimbuster:17535,claimbuster,33334fa54d8953a402aac03ddda84ac356127ba098eba6eac35713ccac72d846,1,0.9918899,1
claimbuster:1318,claimbuster,9249fada690206d85a3579f3848759306844150db007c579d715b91455e0d08c,0,0.025265973,0
claimbuster:13455,claimbuster,a5603e68273186f4d69ba03315a44f4b67ddfc921a59a5280d4343c5a0953545,0,0.07210951,0
claimbuster:1467,claimbuster,d0a9974130708d04d45c5d54502e77b3fbb67a2211248a98e415c031231acf7c,0,0.9951597,1
claimbuster:7241,claimbuster,582e05bbaadd05992e7cb221e525280e713ce86139341176907ce5746b2cfef8,1,0.9476963,1
claimbuster:18815,claimbuster,31325fe8ace4e1335d715f6237f11ea466741d5d8de2bb8d7013d2437b6263ec,1,0.9856976,1
claimbuster:32584,claimbuster,aa1576df7e542c725c03d2f0699f7ba15dcacf98b0ab237818c51fb6be5c3b7f,0,0.10171843,0
claimbuster:26291,claimbuster,e76d331e1d53a83364ace7c74830385dba24cee3a9312094f4358713e2a0f4ad,0,0.9921334,1
claimbuster:17118,claimbuster,22d5f1611d9bf36d327b7d556cc29245bfb1db7983d8434dcec06e820068ec4a,0,0.030443145,0
claimbuster:10754,claimbuster,f0ed9a59c0bd634a94b355028b165aaac609cbcc0f0a805987a99ca9d2590c03,0,0.049964737,0
claimbuster:2896,claimbuster,6e82db3d8e749fd12d7ca8e1b9e46b805c55846e1e7efd1da18d5f3232ae63b8,0,0.015979346,0
claimbuster:24633,claimbuster,d00ea448a7050462d1a0ab49a4f42c40a3d2fad93bbd01c137087ab6772689db,0,0.02001013,0
claimbuster:5562,claimbuster,bf030b69e1cf440a84d8bf03c54721489ee8c3489f25588cdaca37659b31d7fb,1,0.9968817,1
claimbuster:23495,claimbuster,3231d752d9cc145fa97b20dda910a5725ac409b9907f5062554ba251ddd5c90e,0,0.9876128,1
claimbuster:19859,claimbuster,ce88d41f0ed79094396e9f08d85720a67ca815b122654cc66769965edc390f8c,0,0.97371215,1
claimbuster:33486,claimbuster,c581f4ecd1a7f363b5ad69c47f0aaafff46413bff9d207b79648e9289a3d9b46,1,0.994344,1
claimbuster:7193,claimbuster,75f97bb7a0396bd845a2b4b5de970d059c0aa5ab79155e2f811107e166a749cd,0,0.03066773,0
claimbuster:18835,claimbuster,167dc56255a73489a3ecbeb09cdeb672648d83a1012a8de25b6781405a092745,1,0.98078215,1
claimbuster:27059,claimbuster,09b7de06431bd8753a20fa0605066ee6d373b9eefff81d87853481ded2862967,0,0.95900583,1
claimbuster:8463,claimbuster,45a0b64009b815d711590ef8b4e14b4909373b63434cbdc28864aaaf9fa68af6,1,0.9962901,1
claimbuster:4168,claimbuster,a3748dc5bd918b1169202423e1e645ab4d61bc07f48bdcf88ae5325f021fa629,0,0.9855698,1
claimbuster:17012,claimbuster,b760f2a7b600a8bdfa665851bfbd0ffaf24eed0cd7232c036891f481ccd516da,0,0.07107795,0
claimbuster:16101,claimbuster,b1b018d43583d764845214cd28cbbd36080b6e8824ddf13501985457a2c364a7,0,0.17659631,0
claimbuster:19667,claimbuster,e6587cd23ea40a58baedd386e8e4640fc155c89e9e036cbfc8994233a64fbe9c,0,0.9928677,1
claimbuster:6248,claimbuster,9fe1802548fbb5929442aaa206ce992f3a9f1791979c7ec0c22f0b937f33e640,0,0.06337863,0
claimbuster:7626,claimbuster,4d23034178b6e89c1396918c22e0a0876b8b08f72c896e984b9104a916e3e2dd,0,0.017283307,0
claimbuster:16352,claimbuster,a3cee993c4b2ae2700b6fe39876825bbafee1726f5a000290e3e3fb44673a019,0,0.017415866,0
claimbuster:12059,claimbuster,ee9f22b7979a634d9e25655a1c4bcbddb7597b57fe0b7ba76356d51a6278e9d7,0,0.015828662,0
claimbuster:10692,claimbuster,25bfc05e439d89510da39da5768234848da194a76b08d7b15ad1a50ad2205c22,0,0.06320607,0
claimbuster:26098,claimbuster,ba174d8811289537eaa98fa53a672109493698cb90e48df78bcd87969f95d798,1,0.98705053,1
claimbuster:26071,claimbuster,24e04738340cbe2bee4f5b1221133fdf56905597da37e887aeca36424d56f8a9,1,0.9946292,1
claimbuster:34458,claimbuster,82a913755c0a0652c86c81a460b212f42033520fa0fd03c37e338a220868a0b2,0,0.9625642,1
claimbuster:4408,claimbuster,0c7a46a2a579ea46fdea2d16807826f141001c5876417bdcd9fa807d706e511b,0,0.020611605,0
claimbuster:6571,claimbuster,17753272cf16cba60958e5f9af8ebb8d4971cbee9556ba14fc2754e9228786e0,0,0.49329853,0
claimbuster:19769,claimbuster,ee6a3a1cf2d74716d157ded23ce0409062f50fae9b60c332e70e15688c086f57,0,0.041981235,0
claimbuster:4280,claimbuster,866601de7ff27c5049ffbace88373a30077789539e09a764cda6d0a2efc68ef6,0,0.9913243,1
claimbuster:13098,claimbuster,0f4b236ff62c9999f9f0d8b46b56e366d426af31fd163e2ef7628dd5f0c0d55d,0,0.35003445,0
claimbuster:12474,claimbuster,d8add12e67a5c8a3dbd85b7cb606250d43e29819aaf882793595aa5701af9b83,0,0.023793297,0
claimbuster:29734,claimbuster,03082843d0bf2c0e25d5f542326028e6c1fc814e1b4aed5a3690fd12d8ce5ff2,0,0.020770598,0
claimbuster:5511,claimbuster,cd1d9e3c82cad4b5cb956204d9c0afe3b3e1951fafb67839df3816da33defb9d,0,0.973835,1
claimbuster:19861,claimbuster,dd72feb35008c8d79a9efaa394e34f9d98cb4e198b99031c607f2140ef64ce3d,1,0.99247545,1
claimbuster:19845,claimbuster,f68448b586e33a46e2f70547027d0bd92a4007db003650799ab7670825c8fbf5,0,0.019535076,0
claimbuster:30186,claimbuster,145cdee2bfb659fadefbe44f152488064ede20958c7bb0b398946af26f5c5e6b,0,0.17407808,0
claimbuster:29385,claimbuster,b4db4867868d673262af190fa9fdf143004a590fc7326ad84606020d37c5bbae,0,0.027851447,0
claimbuster:21686,claimbuster,6d36eb7681d736d28f86a2a4a8cc83494b5bd42731818bcd0262f0783579d3f6,0,0.024530308,0
claimbuster:25211,claimbuster,0c9f7a01264f5d44beffedb20efe9064e85948aef3f753132ad4fd31dd9db9cb,0,0.14564314,0
claimbuster:7939,claimbuster,16893c052e7d9210ad75a4a85b51af56c60765672a2095c1debb7531a5c2ad0e,0,0.9869833,1
claimbuster:30331,claimbuster,0b1036a8d181c053f7d5773c74ba277c4f50b3d8dacd2144c40facc76a4c3893,0,0.02230588,0
claimbuster:5951,claimbuster,047d471b0619b208e4f9bd52517f83c51bb608f63043c6c2741ea61d74bb31df,1,0.99233973,1
claimbuster:22424,claimbuster,c4ba7735c3baf6a9ee65723434b1dce69db316b4b4913087de00c80f167b4817,0,0.016594283,0
claimbuster:25043,claimbuster,0a072d27044a7de0de4f3ff63f00d758db76deb0f487b0afad52a9f727d56b9e,1,0.98728603,1
claimbuster:10051,claimbuster,e402b36160e67054dd39687b3c7dd504aa31e5047a446e9d01331bc220f18492,1,0.97319466,1
claimbuster:16766,claimbuster,c8806ed59ee4659989a3898f4760a1d3c389cf354e3cd063934537c08e1130dc,0,0.68187875,1
claimbuster:13609,claimbuster,0d370c61e442036ce498fad5a8a83d9770c17604a13770861dc1965075f99ea2,0,0.046993624,0
claimbuster:16057,claimbuster,67a5a463a5c27615930e20cbd8f86a074ca7c2c390f0523676b03725ed267b8c,1,0.9945585,1
claimbuster:1820,claimbuster,57463a5f653999b74e7a466a25cbba45f845e7f22645ee00556731e1d290dfdc,0,0.97637534,1
claimbuster:14931,claimbuster,40b38a36b7306925fb5fb8004f85ba95765a5444af234c6ad1b6aeb2502acf8f,1,0.9968579,1
claimbuster:13466,claimbuster,1a2654325d7c0052d39a8b649773e32e5cdf0468cf691666c6773f7ba082e01d,1,0.9947419,1
claimbuster:4040,claimbuster,4178c138bdf99022e323cc73d47e210033ceb415e8dd113695be7ec504560f51,0,0.08507085,0
claimbuster:4326,claimbuster,64c7702f607787470a42862f16b0d5829cbbc3c450b59418c3b6b2bed94eac1b,1,0.996358,1
claimbuster:12879,claimbuster,7c10ec13c94c2d9115c55ad4de64ee409345ec4b66030c36aff1581b4a6079d2,0,0.9766674,1
claimbuster:17850,claimbuster,21ab4a577f3309ef54fffc38a80d6b8b8a7d9f4f0f4737820c0d051af93c2a36,0,0.37654012,0
claimbuster:15984,claimbuster,1433e3624e66c3e31610c687999a667903713724e23812b2d6896aed9418251b,0,0.113310486,0
claimbuster:13429,claimbuster,f66707dd13b0a42d359301c4cd051012a656db691aa5a9601a680419618fa8b8,0,0.99404436,1
claimbuster:19937,claimbuster,c76126d74c8c6ced9b7bcae45d871bc4f6d5a61cff476cdd10dbc2a163e13386,0,0.2198805,0
claimbuster:9453,claimbuster,38cdf9096137d256af2ebe3b97689d9c9852cc853b82ce122e2e572f7cbba89f,1,0.9646144,1
claimbuster:8854,claimbuster,a059c3846ff643d1b9ae1350d4813b3f82e935ac336807970f2f9fc2e9aa4292,1,0.9848214,1
claimbuster:32817,claimbuster,f45a8c8a4ff07c7d522013bbd10b8fac44c68b4f13476da69128eb6bf6ccd8d0,1,0.99642205,1
claimbuster:6506,claimbuster,f288e9e0c8b18f494d1ed6efd8363e5745f41d8261d738c1243546f56f6a4f14,0,0.088004105,0
claimbuster:9468,claimbuster,ba838c7123238f0433b599af38430d5e6171b03893c3149de0c98f699c9e2517,0,0.954637,1
claimbuster:21314,claimbuster,c1417a0d73c27a6d222e4a51d19112ab602aabc4ce45649c24792cd58fa1db27,0,0.029523596,0
claimbuster:9705,claimbuster,2bee0263ffabcd2d24e04842adbfd62065f34d86b5dd5ca0eaaad5e350acc4f8,1,0.99543506,1
claimbuster:9919,claimbuster,011919fc9115c779b1152641b3c0446db5e32128877d4fce33dbaa74229ff52a,0,0.9460009,1
claimbuster:8847,claimbuster,273aa355943037630140cb201a7be43bc326485b4ec14e34768a2726722d7d12,0,0.5131732,1
claimbuster:9172,claimbuster,58c9bb9430a643872b0b4211a9c69b0599641427508abd27a1b19c602f8d27d9,0,0.8246542,1
claimbuster:14496,claimbuster,f623aaa0c00e4280aeba22580e6c9fbfc7c47f2f39c212c0ef9b90131e5db115,0,0.0715964,0
claimbuster:24016,claimbuster,7c82954cbe5566047256a42d9120b854e648cf6c31b76fee7abc6b2be690268a,0,0.030393284,0
claimbuster:19394,claimbuster,8a4f3bcc16d2c2dd0455248b836db98ff81fa028e99bff7c54593d529c27e9d6,0,0.9851726,1
claimbuster:29121,claimbuster,30c69f0de6a781d09049fc801542f0c33f7624f5e50ddb550eddc7a8e23f1f40,0,0.019741876,0
claimbuster:3110,claimbuster,686fc028c0414f2b780c3b06607c655245bcb983d50f6d039752136261d52251,0,0.9952108,1
claimbuster:8012,claimbuster,8332e377d3b5e90c33a3f3973e74f7a22ed3ce5b1a3091e1341c287171cb58ae,0,0.020310853,0
claimbuster:16751,claimbuster,be2ea66ab1602fa442811f4300d9275f07716278a76cf0670eb59bceaa3153f3,1,0.997086,1
claimbuster:15464,claimbuster,6046062b2f692d5583e235f145f0cced05024da24c55369f600e1bf6b121a2e5,1,0.9962541,1
claimbuster:2794,claimbuster,ace36c98c8e60b22f7909aa5ed0d969d5b860e87f1651a62091c6796f39b8a4a,0,0.98114556,1
claimbuster:14185,claimbuster,3dd20105dd23072e3fa22669fb4c5b19ea0863c295aeb3187cc4e8d1493eed1d,0,0.04836843,0
claimbuster:25089,claimbuster,73d2ee2d4a9b561c6c5ef5eaeb738af7015624520f3c52bd5b44fe410943e005,0,0.03537827,0
claimbuster:24647,claimbuster,47033e79219b37b9ee2c06a3bcbb474be0aec75157720d44290278a3f9d9f44e,1,0.99700326,1
claimbuster:16750,claimbuster,9afddc390df633959fb84fd8314aa9705fcc54156b7efb97f93796521a8db7fd,0,0.92731786,1
claimbuster:23350,claimbuster,01b918fed8f55b292d07653187f3fa1e960a6ba7063b00c7d9f3172949ca8c77,0,0.014048784,0
claimbuster:2905,claimbuster,3f7f206f4701c00f3d86f1d9cb6bc0a62444a4fd2ca3c361076f7890b60b3feb,0,0.13185504,0
claimbuster:13450,claimbuster,ce2eb1a26f4f31a2ccd3b8ece453b75a21386d0bdd390eeb0fc94d88943ad4ba,0,0.1095446,0
claimbuster:24002,claimbuster,b9a4fbeabbdbc029e0663b3c95c9ef59b4779c9c641ca3d4a04913eb37596c41,0,0.0143506285,0
claimbuster:1706,claimbuster,e4d5d213fcd5bd4c2a4a503f74c9e67b5044f41f005d7341d11d84f4e60130d4,0,0.033087246,0
claimbuster:26311,claimbuster,f91eef7c020baf5aa3695248c5b8c2fd896561550035d07f602eb374b123ba31,0,0.02600221,0
claimbuster:24821,claimbuster,22fb0d2504bc57fa93cb7d7e7bd7ed94c835da47bf0298b7229f099042241f6f,1,0.9924683,1
claimbuster:24768,claimbuster,42afe224dbcc470ce4f5db3885a389abc5987ee5c49f547a5629638f852d7332,0,0.021794569,0
claimbuster:31872,claimbuster,1b6e9f69b69acd97afca41476bb0ffb58f8a9895c9b3f03c06c82271058cd388,0,0.7252688,1
claimbuster:15871,claimbuster,1ca75db04d1ab135ec7854f34a408812fb95c64f913521909148973d17dbb76d,0,0.04297581,0
claimbuster:23975,claimbuster,21151686709ee8c19169c4753ff78ef98d8451c6ddbc067898339037710c7088,1,0.99272424,1
claimbuster:6243,claimbuster,9598489f6f8dade882baf3d11fc62943727a6ca40c336daa3f6a65423f8627e4,0,0.014896145,0
claimbuster:17904,claimbuster,5cdd7dc462ddb570f07367f87965406576f91aac08b9e3783e7cdb4eedb623e4,1,0.9940017,1
claimbuster:26504,claimbuster,1d4d9776f4a73da245b9b9e0ef9d53d22e86941bc0fcfd0199a95573474c05da,0,0.84365004,1
claimbuster:10730,claimbuster,c2c7aa8468f76545b73dcfc62662019bc132c91809b4bfd6fed323d466833ad5,0,0.033294134,0
claimbuster:9569,claimbuster,80d36c5679a49943d53f3d900976581a09c6af973a1473e862ac825e532490bb,1,0.9969758,1
claimbuster:18404,claimbuster,fb7960365993ea1b12aaef308171b2edad1a2948401f961ad4e5e11c1d78e7f8,0,0.7244736,1
claimbuster:11753,claimbuster,b6f6d82caf372da628360cacc8b82a0ac3c8f6c4c6a686fe8034dfa4862093cd,0,0.029457193,0
claimbuster:2811,claimbuster,8827e0adc46775727a7d5be1a51e54c80936917d646765537b6b49eaff640cdd,0,0.35924193,0
claimbuster:3225,claimbuster,8deb3adeddc66513716d8150115d3ff73aadcede76b43701a81ccdcdb1e8e709,0,0.96806943,1
claimbuster:13503,claimbuster,1ec17b31593f3774f2b898cf3c22be94c8405bc9511f418758520d4082099083,0,0.012105706,0
claimbuster:11851,claimbuster,ef4381a9d5763c3adc87f00002bc4fdf0bb0aca20c2964909af8230c414808f7,0,0.0511493,0
claimbuster:28662,claimbuster,e040fc69d38c0c4a75bae828c1cae9ab36d9dad3247d4a96322cdd9e7a463495,0,0.25890025,0
claimbuster:3085,claimbuster,fc4561b628123faf9a9a91406783c4e32a837cd0632d68d8e40e7ed0cc178cdc,0,0.045098875,0
claimbuster:7990,claimbuster,1c9a5ffe6131b73003a9c35acc78a06233926bfe1908be9e43b572f3fecae51d,1,0.9946622,1
claimbuster:14570,claimbuster,53194ded49c0d852f7d6efa8366ff7ce9a20b1cfd220c3edae9bb641322573bf,0,0.034305677,0
claimbuster:12964,claimbuster,d41b7d23b0100fcafe45c3551e3ec134f8c0e97aab0205d474838e711b8e19f8,0,0.02953199,0
claimbuster:17263,claimbuster,1fc7e6be8b9e1f6f770d864bc5a7b2fcb94cb1aa1aa96fe011e0dfbd5f8c8507,0,0.05303976,0
claimbuster:34165,claimbuster,5656eb6f820e923304cb16b474e12403a00939da492bc133b6d1c8f43bb7f292,1,0.992837,1
claimbuster:16720,claimbuster,702108545936e192bee414955fbd9f8d064dc7a5ab814be7e978f944ee90446d,0,0.9943889,1
claimbuster:27210,claimbuster,ab3fbd9cd7be7ebf714ad67609353bd0409f4613308feb013c486652bf838027,0,0.031555977,0
claimbuster:11970,claimbuster,fe6fa807141306bb0c4b62fc501709839ae3dc654e190256ff81d0ecd78f5c59,0,0.041032698,0
claimbuster:24847,claimbuster,d18a82334319df3138a8880904f05614a68b275f3455fc5d567e3e1600f38630,1,0.87853175,1
claimbuster:51,claimbuster,036c626e52585a784de260f5bee7a4e94524ef2a20373d4d4d6e506ac39e2c6b,0,0.36881816,0
claimbuster:26160,claimbuster,e09a917f3875c4e194a14516bdef98494b31eb0084cc63303ba88e3bdca5f842,0,0.023823649,0
claimbuster:11532,claimbuster,108df092424825731c5fb9929a1400a41e6f07a204cb06de72ca730d4c28095b,1,0.9932662,1
claimbuster:33347,claimbuster,58130f53c441be7c367c270fcea80eeb05764dbae7bd37a8f5533026e0975239,1,0.9968411,1
claimbuster:9809,claimbuster,dee436a257ed29bd92548f14f6a30c6a33744cf37c74b3111121ef222d67e5e1,0,0.9229288,1
claimbuster:1829,claimbuster,bfe424bc2e8b82ce57d7251cd9bde83c79ff032ee63972cc39c7a7c0d14fda22,0,0.028903399,0
claimbuster:33343,claimbuster,4d8564e5fac4adfe3b92c7d00dfacf1d0b8dd7938969819fc3408d8c1d1dfef2,0,0.040792465,0
claimbuster:10817,claimbuster,722a3bffef216394e4653193527d1069210ddb24c1d62560c8b88afa87a02bc5,0,0.014655109,0
claimbuster:1455,claimbuster,3b9cdca346a29076208b44388806a609765cf49bf06f70bd7083a79d45d1d784,1,0.9916437,1
claimbuster:30081,claimbuster,c841cdcb4b26d60a52c531ee587bbf6f92c171e9d97d39b9388509b7c9067633,1,0.9955877,1
claimbuster:15748,claimbuster,872357cc0589b2a7a48ac9b12f866b0405a8b579a9d8601c007e8e319934dcfa,0,0.02396483,0
claimbuster:1523,claimbuster,edff02f834671fe7f6b11831c715c1f7bd8f7608aca976e4638505ed6edb0507,0,0.9846645,1
claimbuster:28848,claimbuster,2fc87a054e497220d842f9aa87341118ac1236db606804da8fa248472d8ad183,0,0.3579063,0
claimbuster:24931,claimbuster,60fd8f8d8e9b13957cfa5dd26be37d524f96750249729530daa390587e5afdf1,0,0.9847655,1
claimbuster:15400,claimbuster,59d755b0f95fe103fe78883868c32ad6fecd3ef5eda772ba0eca9c038f1e7de9,0,0.2367367,0
claimbuster:16659,claimbuster,3a4de1cba4029293e932ea69c086e0e0fbce1e9064a99574226a64c42653f04a,0,0.2923382,0
claimbuster:17428,claimbuster,6705c50299563ca7dc1bff4cfc3720babbf6f4011ba1d1c2c36b4c8a35832fc3,0,0.34091386,0
claimbuster:27044,claimbuster,cefd81d19846e8e184c37712e1c98496b3ca69cdef194b2805d8637b1fb9a0de,0,0.016256645,0
claimbuster:21312,claimbuster,46b1b10284f38b7835c4953cd4ca7da65c4338665ce069229f701e1ebb44b7a5,0,0.9725291,1
claimbuster:28627,claimbuster,0d2981de70e6259d53f48ee357a5e7ed925878dd51b62276f51e6ba832f8a6f9,0,0.96570975,1
claimbuster:7471,claimbuster,a6f7e5822ead33eaf2b0cc074ca8747f1e82a903a4675a682a68cdc54c1a6ea0,0,0.07190264,0
claimbuster:24698,claimbuster,920989b15a1f07bf448192dbf11ba8e900e357830431d9bf9c67364e0f3793d7,0,0.99177516,1
claimbuster:14914,claimbuster,46572692d0597ec32590c56d8b36a900ab9c8ba126b6f2a78d834c761e16f158,0,0.9960013,1
claimbuster:2894,claimbuster,d7cc2aea80dbefe13d9a4924d7a669dd42f88cb396194aa50d73b098b3b0b13d,0,0.64386314,1
claimbuster:22733,claimbuster,8e2079ff158d4fb4fbacbd450833399eba19ccf9b30066d5064792466c0c75f7,0,0.042837836,0
claimbuster:16773,claimbuster,388f8afc2d6b3dd74fa229a448ca413e693ab229489fe06adfd7504a10bc6ca6,0,0.99176264,1
claimbuster:23596,claimbuster,b37be109cc592e99b294328ae83ded6a1592478a864b6062e68440cbe4931263,0,0.67475814,1
claimbuster:4385,claimbuster,44da9f6b2dd8f63b4bcbc81f82d91ee2bf469bca748539d582d154501e924bda,0,0.5739696,1
claimbuster:13398,claimbuster,bf18b55b2ca29235b0fef28cc244b0cf7c4d69452f378a2575f0c8c01dd9494a,0,0.015669798,0
claimbuster:17712,claimbuster,dd745cff0b7898e82ab7ab329f8054a3be78a833925b9e44796ee359953ab7aa,0,0.9909378,1
claimbuster:16627,claimbuster,f87bb963f6ca1f3db6f10ce3166287b73f7eb3499dc69b3403b44f5af72ddfca,0,0.018558469,0
claimbuster:29595,claimbuster,f6b286153b283505aeea0247fe84b7eb45f1fe77ea0ff946acb8c263a6f979ac,0,0.35699385,0
claimbuster:24478,claimbuster,51aaae384b36ed05295066f318deee03f632ad2f72a5f2ae82083c77c8cd25ab,0,0.021758268,0
claimbuster:18099,claimbuster,2baaf4357f95aeb90cbfe3c9bc1fd5eded94029d1bc99ccb2f481cd8ee4f9935,0,0.5411913,1
claimbuster:1459,claimbuster,baa9ff1ce136f4546e49c3d6b2e8337b388048147ea5e688bddbd33a9d806f0e,1,0.9965404,1
claimbuster:16715,claimbuster,321aa23367a2e2bb6aead26f8cd985d2d5cacdc49b4bbd967017961c43ca5154,0,0.23686291,0
claimbuster:1243,claimbuster,a97d9a78b02fb975ec9eb0caf688211140d13bec0ac2fd00f5d37deebb733287,0,0.4335492,0
claimbuster:25561,claimbuster,5f7bc195d3d5faf5bce17dd1ed2ffc081876b2d9f7bf1d638b165da230508232,0,0.030840259,0
claimbuster:5538,claimbuster,e43e1ebfb91e497644d70b79f1baa93b0c26e97810e7361529f57efd2eef3531,0,0.9533288,1
claimbuster:19178,claimbuster,ca8e7d94a4095d1947b4106e22378f838fd183eaf16e589305b0c2ee91a61622,1,0.99736744,1
claimbuster:20083,claimbuster,2a0dd5eef486aceaeefa30c98e67ccd7dd8bab71d093c14beb442fb70c6e0bc9,0,0.0335909,0
claimbuster:22868,claimbuster,40383609bb697891c9d1a92c2d4a6023f42ab8f1e5fa87a5f00510228809f1e4,1,0.99533445,1
claimbuster:8497,claimbuster,cdcb49bdc943b41c1c858e7128c60134a6275d6ab625846cdbebf9ce535ce9d8,0,0.40245622,0
claimbuster:25472,claimbuster,27ec855cf51b91e744c476ba12701e5657488a551f6ceeed8b8613c0c5cef151,0,0.9585734,1
claimbuster:28842,claimbuster,21440d804417c17a39e632d9e34d094b929d048e2c2e546c273181e00eabd6df,0,0.99004024,1
claimbuster:10961,claimbuster,ad9d2210955f2695857c3b35216cc3760fbca09f7925e253d596916ce130d8aa,0,0.72435117,1
claimbuster:32879,claimbuster,db4dd023cc2b4561d8d2aa4400d55f7cc8485b32021fd81bdba8bcbec63dd04c,0,0.20352109,0
claimbuster:1114,claimbuster,4791db38f282b6f0408948517e812b500771f7deb2bef05fe4293ace2096dd5f,0,0.1411183,0
claimbuster:826,claimbuster,1c9bcd80a6d758603258e78abee6aa2ca0059ab447aa629f416c94865b6aab93,0,0.02735636,0
claimbuster:9988,claimbuster,9fd3f4960f4bbe85b614e5f62c27cd13f0741d10617de9e3e15b2f0d4db0972b,0,0.021491606,0
claimbuster:4361,claimbuster,340e6adb345dd621357a8572f538c2ce0485ce7bd78179f80f6a3b3d2555ee75,0,0.013128047,0
claimbuster:28935,claimbuster,3cc702c9b133adb93988a7442350fafc6136dbecaba0ae8fbc9400b3cdb10bed,0,0.025932496,0
claimbuster:29867,claimbuster,fc49781cb4866f8459b4962fc9b07b8675a2bc282e1fcaed2da372f384d9c871,0,0.030653251,0
claimbuster:18120,claimbuster,a6dace5159f77bac275ead3eebf4b2b09d619535b3ad03e64b9a14f7094879e9,0,0.015109249,0
claimbuster:12308,claimbuster,7acd5471cbcc90d9c741b5922549e4d0f4368b3e74b67d3811098e5ed1938737,0,0.01929065,0
claimbuster:15565,claimbuster,fe95a81d5be52bd2441356a27df80125bb9a15ccd9ec485f198fc8e73be743b2,0,0.07229617,0
claimbuster:28520,claimbuster,61b0ae858fc916c7703afd3579638ec8df48006cdac71193825409e25e3fb586,0,0.9955491,1
claimbuster:12697,claimbuster,f4c5ba4c12266264f82a12d38ea0999c8d9ad8ff7290347e09ce844e18d691b9,0,0.95281816,1
claimbuster:17626,claimbuster,bc02e3a9cfd68cfb96ecddfe5710e168ddcdfb5545bc5738aea2991265afd87b,1,0.9965024,1
claimbuster:36,claimbuster,5bbae63cffdfb880f8e450df07be12833705905b5ada2a868d812818193e5bd3,0,0.23667364,0
claimbuster:31978,claimbuster,9dbdbb9740e3519d0f4f90280335184a1d06651002c2f46702614e94f56d75b0,0,0.046289753,0
claimbuster:23977,claimbuster,35af2c317d906b20357249b7f8c3d15bb9d245adbbc04238b8b680a8af474450,0,0.023232585,0
claimbuster:32186,claimbuster,2b221634dca074eaace0de10758b99da14c41322ed242477331c3a607f2a2af0,0,0.53063685,1
claimbuster:7591,claimbuster,bdfac124c660c4998be50806f300a72cd1354d62313394faf0d04881fdcc0a05,0,0.9557603,1
claimbuster:13794,claimbuster,1ff3b476141a1759265db33500ba23dcd06eeb412206f73a14cbbacf9c0bfc3f,0,0.0146391755,0
claimbuster:21535,claimbuster,a7664a78cccd738b665bed685e2cb75a34a85b17dad328c18616c0ab7cd656a0,0,0.021849597,0
claimbuster:24555,claimbuster,d28ee732dd12f0d1ffed48129f62a16f9e4222d87e4925c7069873dd6b1b48f8,0,0.012867957,0
claimbuster:24863,claimbuster,0e36d67efac33214c9785c8e5a684da867898e444888f68935e3ea5f010744c2,0,0.95538217,1
claimbuster:3873,claimbuster,4dc369f49c1f1efc9afb0fc29b499cde38dfed7f9e6607cb66e413fa0f854597,0,0.09485855,0
claimbuster:15330,claimbuster,35fc4b20309b6dc7e940f03b7c221ccbed777b68409d2e58a1cb1685f9e34c32,0,0.9911806,1
claimbuster:33821,claimbuster,4af2c45d2c44eb9aeb0f728b161842730aa70a9b9a8cd3445f8d5b90adb44a12,0,0.053998157,0
claimbuster:28843,claimbuster,e9e39176951aa7d242ca947065c1efc27e66d94c5268dac69730b0b546f30b31,0,0.06157084,0
claimbuster:15671,claimbuster,395fe0fe9cf738055cc330dde5927db99ce15c71e6c6c165c8b509b0df59e7c7,0,0.6421185,1
claimbuster:18479,claimbuster,ff554b687394b94cd936b20d49d7adff28ffcb3392fa93928dea1546abcfd2c3,0,0.9373361,1
claimbuster:16850,claimbuster,af0eda1cd86f55a2caad6152b02921949166b7a9784fe82f095eb6bab4d7addd,0,0.024036404,0
claimbuster:7346,claimbuster,766d1d1b41ad8c621ad17d463b347adf81793b35ee0572b01e5017d1b454c097,0,0.02335051,0
claimbuster:6044,claimbuster,b0af5365333e4b1c89d5128306655aee08bc6b0443f6c99586b45a2f9f38e4f8,0,0.030436512,0
claimbuster:18111,claimbuster,83ec101bb0be5458de15d9fee1b19e6fcc299580f7f3adfc40dc0c7dace5bf23,0,0.86672926,1
claimbuster:18905,claimbuster,4840d598b0ef1ef4a3969a802c1e097f9126a4209940cdde57990ccfe4339706,1,0.9970943,1
claimbuster:7727,claimbuster,6517a515e1352e834b1772d51e1e2226dab399729ca839aebf65b80bb16ab1a1,0,0.018090187,0
claimbuster:33333,claimbuster,9ff93e68f46601d15175f697387b28d4993576ab5e4dd4d792d44e96eaade3d2,0,0.687413,1
claimbuster:107,claimbuster,2fc950781e6eaa7b1965585e596b508f61aa2788ad0bd28665e64ab1b08d9fde,0,0.2933435,0
claimbuster:22493,claimbuster,257fba786fd90d71e62b96a2384028864886998af0786434687da1c904cfb499,0,0.032932177,0
claimbuster:20955,claimbuster,6058a1ad594115cb4f61c1a2a957ccc7592f6b3406a8139f910f051b556bb7ec,0,0.15061627,0
claimbuster:13400,claimbuster,38099e1873d5d50362f9003be19e66bcc129b2cef7b8de8d6f41b280e3eadd22,0,0.9547815,1
claimbuster:30009,claimbuster,88fd28883ed7ba274f92a03f94674d7ea8911e024896dc54bf8b0a440be7fe3c,0,0.048654832,0
claimbuster:26500,claimbuster,fa7f4cef413ac3fb4fcb269a6bbb3bf8fcd4821e80d539f11e649c67fdcb9797,1,0.9942835,1
claimbuster:4275,claimbuster,368fc1716a510e1d04dc3f1824365f1966436008873d57a84e51774d23cacf8f,0,0.03749907,0
claimbuster:21398,claimbuster,43cc482c5f6c00716bbc4ce64efe3a18cd7e8353203c9877258636cc2cf3e925,0,0.024080224,0
claimbuster:15178,claimbuster,2162e95c2081a8d9e6c2f97e6c3da214b2200b85224ab82f19a7d3674df5f775,1,0.9941245,1
claimbuster:8953,claimbuster,f8f6a4a690a29fdaeb024d7f438072e0dc564069c3f38d8baea63301b6d14dba,1,0.99433535,1
claimbuster:19552,claimbuster,81911e0472b79c28aaf25128f180275bc4536bb3cd612bf4aeac5ca34cd6fde5,0,0.017138354,0
claimbuster:28405,claimbuster,0d8c6cb01ba01a14e795e23c221e7deb05145ccc5ec9e83e9848aac61008791c,0,0.03895338,0
claimbuster:21636,claimbuster,bbc3753f228258d78b553d3d6c5d87b23639ab8fc69fc2dba50c4954de9c31bf,0,0.060994606,0
claimbuster:9808,claimbuster,4d2c4c7ecaced53eac18a952ce4ad424fca0e2e5a30af879f93d8517d12de0ee,0,0.99663746,1
claimbuster:868,claimbuster,8d5e651c4cbbfbbe63bba2bd4d690f217b5baa37c1a21be50b32f38e4a1a1da5,0,0.86646724,1
claimbuster:26161,claimbuster,d68ca8192f32658abd4fcec0e0b8434eeee7f57015ec1422bb373635138d2451,0,0.018252712,0
claimbuster:14182,claimbuster,1dd7016c2ac18b7e9063efbee5489ecaebcf2a93bffe24e290767a39c77701fa,0,0.033944562,0
claimbuster:15410,claimbuster,c52daac14125d7db29525be7b69abc5b3f4870ccd3505e7c1987a28af09c674b,1,0.94306344,1
claimbuster:2529,claimbuster,a8b56d973739f022f9a319046d409bcf21a18aec49de42176a46ba72e40175f9,0,0.75933444,1
claimbuster:411,claimbuster,6d0d3c6ca31932ffa1c12fe837a8b57ba363d3152e4820ad389850a8dc5ef8e7,0,0.035199676,0
claimbuster:19942,claimbuster,c0a832df70928b10d6f026c74bcc00506bfccfc3da608132bfaf3fd7abf98f45,0,0.043305606,0
claimbuster:19474,claimbuster,b447ae973762b1f486aea54e3e475fd4093633eb4434555cf4f07291495e247b,0,0.8323305,1
claimbuster:16398,claimbuster,18408831deda2de8cb992ee61f46fb0be7f1ff39c059e24642fe426a18d8206e,0,0.024488367,0
claimbuster:9653,claimbuster,01dad2b1ad135484cf45f09c912f40b6fbc89fced087af86550a9e76b3cb3d0d,0,0.10359812,0
claimbuster:18728,claimbuster,d329eda97b2411b7c89d2f2c86c8e6c908e68ab9d0f876b456f27b34ecaff432,1,0.9844131,1
claimbuster:12138,claimbuster,47fd2732ae4f1a713a11332b15c31a7f98f49952d0045467f3e27d8c1723989e,1,0.989678,1
claimbuster:21955,claimbuster,a2bb0d03ba6a0ed39a90d2dc49f520a3bac669ec2df54422c1589ae70d30edf0,0,0.01997817,0
claimbuster:24336,claimbuster,e979fc87f69e97f8e9cb2e9d68b9901cca1875061aaa282c1e47cc95586acac0,0,0.7766612,1
claimbuster:25212,claimbuster,00d28238490f3c4188c29f2e82e91f4064039e6d5088774d9ec9a468399c8130,1,0.9961403,1
claimbuster:3698,claimbuster,ebaf466326e5f413fbdd61dad7d6ece18e4c23fa7527fbe2d75b1eba0ae6450d,0,0.06936629,0
claimbuster:18163,claimbuster,3b091e968a789d550628617f2c6ca3a855abad7c0bf9a1155ce8e8c94111dd4e,0,0.059516627,0
claimbuster:17194,claimbuster,527ff0eb9f30400187f103996d1b0f47c32f5ec5d13d15a596a57c99bd4fb212,0,0.09634854,0
claimbuster:14107,claimbuster,404f05878845f9e359f519625eff1087bd8d13c39da9767598baac520f1aeae7,0,0.16495113,0
claimbuster:14231,claimbuster,7658105d14eac4d47ed686b62934779f902844ccc2ada3ecceea692a640b5df7,0,0.020072484,0
claimbuster:21872,claimbuster,aae9b00922f48217080196963fe0bc2e15099e75acd3020da0c11244e617598a,0,0.06098661,0
claimbuster:21473,claimbuster,ab167a3ff34271438899182562703ad2f1072385c7825a2addeaaf918239ab74,0,0.050746694,0
claimbuster:6856,claimbuster,7416b7e217ea033cc5cb501062a41ff8339e58249948b9196ef2c3fed5c7d7f1,1,0.9971096,1
claimbuster:3180,claimbuster,eabc49e859e5c58800fcd40aac45fe01992c9fa6df4c50605a63e36a9985a3a5,0,0.9966202,1
claimbuster:10977,claimbuster,524075130465552908de912c74a0e90d2271ee7b19053426327d834be09b8ca0,0,0.035420105,0
claimbuster:16794,claimbuster,57c0c20bd6bca6a3b8c71c424d19204b21ef56a44cab96bb067261e74af88317,1,0.99695134,1
claimbuster:19439,claimbuster,ac4200c1975731b443ebdca2f7fc2b9da8ecca263f5f74aec3261fc85ac9e84d,1,0.97966796,1
claimbuster:17916,claimbuster,09da46c6f7a6e5db9b4b2037113f621a9259e55c9081d29b5028404ef445e49a,0,0.013541483,0
claimbuster:21657,claimbuster,00103a6be19a2048b87f659c8bab3af0bf7ee30aeed93a1bc01b738a56bf01c0,0,0.9730349,1
claimbuster:18998,claimbuster,1b2ae0e99e00a32f7658a090334dcb204a7ec7a758d13832b8e9b19706af8caf,0,0.075014286,0
claimbuster:19199,claimbuster,4eedbce76bdef465b74593cb9be47e5ab0af73515c2f10a4150236f8a3a506ce,0,0.022761771,0
claimbuster:17812,claimbuster,9163726495451038fd96aa80717e1d21571fc67bb5516bd16c6160aafc54a57f,1,0.99698955,1
claimbuster:3429,claimbuster,e685a8abe9f7e90cf77307cb62c151cdec24975c80f4dafed37454d1e63ed07e,0,0.031956363,0
claimbuster:2167,claimbuster,f907c1360f10f5ab3e19ea53747f09120ac534827c818a8354a11072f5ac3def,1,0.99756,1
claimbuster:6917,claimbuster,c90df829ecf9a9ece009fb61b38cdb6fd8ec2fbedd60a4e326157e1441c34905,1,0.9968508,1
claimbuster:25512,claimbuster,35332c62a5c791b5655fe924fcb690a680f7fae4d1706ca6b7e8cf6f2ab30e40,0,0.049298104,0
claimbuster:28462,claimbuster,c7832bb3d12a13b6515ed2ee336e29d8ea37d0f8a5655f622ba544b3320dd6a7,1,0.99135077,1
claimbuster:17117,claimbuster,38378136f90229c5715e6fbaa2c2b080fb61eb3b5888365c67facdc7854b1c32,0,0.04176911,0
claimbuster:13703,claimbuster,3c8d6c5f38858503b3cbe37d9c38d6fd3c0009f1f88461cc8f40e5f66d1a2ea5,0,0.014515955,0
claimbuster:23753,claimbuster,b6629c25d11042898788f2dd09ca17e4f91e33567a3b459cc1983ed561eed3df,0,0.09398683,0
claimbuster:26338,claimbuster,cf15461dd75aa45b5d1bc415f26a83ba5bc0f4ab9674fc4aaf015c955c79578f,0,0.92531604,1
claimbuster:7162,claimbuster,c01c14ba3a55ee735b321c1403c960e992cb738c678b16d03b13beb0a7fcd22f,0,0.048582114,0
claimbuster:32286,claimbuster,63c907db3a909390f593d0dd2085768bb7011da53f9b853169bf770056e304b8,0,0.996191,1
claimbuster:8684,claimbuster,9f44c6cc2434bdf27fb8d7963b86d3794a3f6f7b6cfa0917c45b5ded969782bb,0,0.39857692,0
claimbuster:9018,claimbuster,e580691c338238e4f5b0a81485b750aec8d66095826a4e43e859e6deefe3ce6a,1,0.066714376,0
claimbuster:16623,claimbuster,8210725f725ffd3716fd177fa8937092aa487049bfa9834f625cf85d97879b90,1,0.9974716,1
claimbuster:33417,claimbuster,657d3f43e788cdb7bd72a65227f7d988ec60767cce0f3cdc3d78bf4ba8fc5979,0,0.02245208,0
claimbuster:24168,claimbuster,93edbae68f40f88958aa61a2ad6e4aa97f2f3feb88d18458922540bdc00f9a03,0,0.026096642,0
claimbuster:15784,claimbuster,20dc435924e70e8bf17ab189a62e7404927f2e42ae221512d3e0d793ab8f67fc,0,0.019832749,0
claimbuster:10810,claimbuster,7e91b8a30c7434cec8251c7f94fbd891018678a4397266f209c9ca9a238ee0c1,0,0.021655554,0
claimbuster:13082,claimbuster,e34dfd8e7f4d2f71d8c29164d1dc65aa609201d0618eef2a936a8d1dcdb12bd7,0,0.9814153,1
claimbuster:8477,claimbuster,f6b42ae62bd86d97901a43569230fa17196a72c955c836194c119487c789ca22,0,0.023959812,0
claimbuster:32475,claimbuster,747e1c3e31d7523464ef52ae90e8595d687539bd586bb38d9ca1c941545af0a7,0,0.037474364,0
claimbuster:20462,claimbuster,9391501439426cf40e567abbe5e6f319a2199c10c2b15496b620642ce8608f48,0,0.33654764,0
claimbuster:17480,claimbuster,28f16ee5bcdd7394105be7f27c3067cffdc79030bc39a4a556c259aeaf14f4e5,0,0.018691787,0
claimbuster:22080,claimbuster,43beb5d7b2a5a59d7cdeb3c22c0290863b6326bfb4baebcc7ba79e847345bad1,0,0.9673632,1
claimbuster:24359,claimbuster,24b0fdd137308868be884019773e015f07e37cea5a8ae305dd09ec94972e1a71,1,0.9963314,1
claimbuster:5656,claimbuster,bc8a229051a703eda4ded63150eca369411fffb5d2f91bf47d9feb680a921dd8,0,0.11285087,0
claimbuster:1257,claimbuster,360dc20638451e75bb505b14bc4590bab6a28792d026d9bde8c5c498be25c511,0,0.91589206,1
claimbuster:6119,claimbuster,45f70ff6b8a2fd27401a409796e17bbdeccffeeb594ae6003be573c2b338c22b,0,0.025954513,0
claimbuster:22995,claimbuster,faa930281d5ebe3a2011b66861720a97bad4fae5421b2bfdf694c3ddcd429b51,0,0.019092966,0
claimbuster:15668,claimbuster,79f0ff86c9642c960a14fb9168c3b3de49c804cc0a58fd6f360c7f5859659d99,0,0.9403055,1
claimbuster:17279,claimbuster,4209014e889f126b76d971c6aba989b52a09f6a554984b073fe038e2c62457bf,0,0.058965325,0
claimbuster:2971,claimbuster,06176cd7c4c7947cb900b6f83f6f711279c5c3d933566f4fc51f4e8cfd00730c,1,0.9953673,1
claimbuster:34321,claimbuster,6ea5ffe737b9d22024f7e4e9094183e5d1ab1cec68e88d541c5ecfd3d1cac717,0,0.018531553,0
claimbuster:21408,claimbuster,e2bd55a859739e40d312c33bfa1d3fbf9d83344d3a3c091dc57940778c9f623a,0,0.048847087,0
claimbuster:30230,claimbuster,121fc5a92fd79c5b3051f12ff92463642c16838e1dc9d1d391d08d367af5d402,0,0.99138945,1
claimbuster:9668,claimbuster,c28c2d8831596903adf254d9aba7b26c825a7180c46596ee7da30065af945151,0,0.10404241,0
claimbuster:25263,claimbuster,01829ba9ae784406b643bec84de8fe6339ef26cc772d1af33b350f3dc2e36dee,1,0.9797963,1
claimbuster:34184,claimbuster,3af4fed471c8023d2260ceb11697338241db2f5412abf17a5fd3c38378dd2b45,0,0.050299726,0
claimbuster:15100,claimbuster,1d28291a7ce71627844b5c93afb002e4c6e8806c946361a0e083bc4b509591de,0,0.029422568,0
claimbuster:8130,claimbuster,c5ba779f1338b8dcbaa66fc7f365f454901346994b4e1ef48a039f9e9072a400,0,0.9011767,1
claimbuster:20580,claimbuster,c52b8a317d844a0ed2244e1cc655b4a5f960c8b34aaca8b8917ecb0ce4176512,1,0.99647117,1
claimbuster:34127,claimbuster,1ff9cdc64ed7c947bba13590776d89bc2b158fd4402397a19ed694af80553ea7,0,0.450502,0
claimbuster:25769,claimbuster,3a5ff3b007a7cce2763e7537d19cdc4328f0c315659c620ba0d6444f49c6fcf9,0,0.2149335,0
claimbuster:29771,claimbuster,a35efbc64090821cb1f866a993e426f5a2630577813d59a410d2f7c30b495626,0,0.014649876,0
claimbuster:17133,claimbuster,015da71d92baf668789111e256a7b63bb100463fdb64f117c01c0c38d5c6439f,0,0.273826,0
claimbuster:19499,claimbuster,638af51e76cf15e2d1feb806bc87cd3ce146e8dec3c7c96bf2a909ce710b29ec,0,0.023415942,0
claimbuster:15754,claimbuster,056d946f3658137dbff1af6b051264df921a4c45f44c25e641190d45c1739d18,0,0.75950104,1
claimbuster:9088,claimbuster,56765caaf94d57edbc52713dcef937060da7f7b4097df531883ebe5c7b7bad75,0,0.74026084,1
claimbuster:13145,claimbuster,93d96fb0b4f7633732443a67188c8be252aa7b1384a4f64d9eb3c0a34628413b,0,0.018662805,0
claimbuster:12647,claimbuster,1c8342248aeb71a30309aba319de5243556febaff915636086c2f3a34a74315b,0,0.2313878,0
claimbuster:15166,claimbuster,8c3c29f07e5cd24ee5115db99729c88da5e81426c6db863c6f463a77eb55c298,1,0.996268,1
claimbuster:84,claimbuster,0bcd2016880458ca8b77b74ae5feaafcad225c597e38239f2467dbcf21c21ae0,0,0.07403801,0
claimbuster:8067,claimbuster,369d49ff774d4bfdb039ac58b54e8fbdce38930510af93a5de57d3dfd83f6c49,0,0.020268004,0
claimbuster:26751,claimbuster,5a0d1c752afb486a66bc77c852ffda46d6baffb86a0d344e5e0af2693db2d028,0,0.029482137,0
claimbuster:3808,claimbuster,e22793e883bb3b639431f9472069943c2adee0d7f05971c7d0571863068913e0,0,0.12992144,0
claimbuster:12298,claimbuster,f2ab59a7d5d57ec17533d7fbbea84db8d6bc8b04313cf21551d4f2b1195977e4,0,0.017179606,0
claimbuster:7863,claimbuster,142e3d9899a382ac2e38de9f2b55382833052df2613cc71804ab7c698b655c4d,0,0.5059148,1
claimbuster:4227,claimbuster,a80d19165f1a6ff766c12937103a6c284a84edf30b30f9f2999d2ca820f41f59,0,0.99290013,1
claimbuster:17377,claimbuster,9344e003c77ff828f2da1b2ffd3c565abc0b11a211847dc52bc0f6a66198d95a,0,0.046232637,0
claimbuster:13509,claimbuster,32e0dfea1eba62f66b4775e7eeebbbb9f7483e8a759b843252a29952a3b6f49a,0,0.018883063,0
claimbuster:29687,claimbuster,7ba29e128e19d4cf1a1e135fb08581eaefcdc586c148f0231696d05cd03e61db,0,0.5526733,1
claimbuster:3369,claimbuster,885896c3ef0d4c1866bc41fb22dbc39335611bc1bd0f394589fabaa2f2e363c5,0,0.11042182,0
claimbuster:33002,claimbuster,cca959e0525ab5d806ac8eeac1a82cb416596a2e9cb0d996121527e19da3e8d1,0,0.21135391,0
claimbuster:21195,claimbuster,e8ca3ee6eec1b42517b3b85cff97a15c4506e0df6e87713b8828834862475cc4,0,0.9942478,1
claimbuster:17651,claimbuster,b28b6edbe4c483f772e82ec46995c85ef1c32d6182e0961ab77de6023f7242fb,1,0.99711573,1
claimbuster:26172,claimbuster,a91bd989d1bf9d41606e296cbde50534182e710e4a2abae92a112377fd728c4b,1,0.94310176,1
claimbuster:9970,claimbuster,d5c573d5f15d24acb3122e19afb3dda72c850916ebf99cf394333601e976d1b9,0,0.14633165,0
claimbuster:33667,claimbuster,53dd940a08378c4549f661df9a8b865886c02cdd4dfa70c6d07dde25c8f02dfe,0,0.042152137,0
claimbuster:6536,claimbuster,011250361050845d77764d410d5a48d526375f3887ae706f00df3210b9401da6,0,0.9944178,1
claimbuster:32165,claimbuster,42fe39de71a0c55d32443ce2bb779d86281d053d65e6071c1a64a35952cd67b8,0,0.05354479,0
claimbuster:23144,claimbuster,6956cc234994c0838351d4e344c091e0c7259d950ef137b23c055e295be31566,0,0.0434328,0
claimbuster:17395,claimbuster,be7a840358fb04382bd4507f859e4b386aee20b4faad3d512bc24ed92ccce7a0,1,0.99629164,1
claimbuster:16836,claimbuster,5fbc21a4b4c83b6a4685601a33ce40d97888e0d3b0015a6ecec7888e75402933,1,0.9965827,1
claimbuster:17032,claimbuster,3179ed01df209fd5d6434297d584460a73a06ea7f790686d5c94bd11e51d3a0f,0,0.98493236,1
claimbuster:33705,claimbuster,b770a9bd50e343c4ce40530a1186f5d95112914a8675ea0cd3ee200046c942cb,1,0.99645305,1
claimbuster:14126,claimbuster,68ea64fcdb9c11e1d084c6683df007a0804e9cd7d639079149f157ecd77a94ea,0,0.57584363,1
claimbuster:27338,claimbuster,f322df5a522055cd312156418a8b04ca4efd7b3c12781a7a296431ae9779780c,0,0.013960751,0
claimbuster:28346,claimbuster,4df0bfd4d6703343f49ad05538ec7c82de77eff6f8ffc956e7009d394f01c3f5,1,0.9821116,1
claimbuster:30263,claimbuster,034d925431bfe2915c8854a97844324f06688c0df1061f6967b852443a632adf,0,0.014989355,0
claimbuster:21920,claimbuster,71516a32f9f25385a814952b89568f631e7bbbe0bb637f48e17fcd9b07df35a7,0,0.019525742,0
claimbuster:17719,claimbuster,c03f5ea92bcf1ca54a38be088bbf399e9ee759fcbe91a017c28974959dc55e0c,0,0.98131174,1
claimbuster:27106,claimbuster,dd16124e7ec2e231ead292d0f10ab860bc8881d6e523eae3d32e780a788e9c74,0,0.27199748,0
claimbuster:1579,claimbuster,c613634857a6f6de33f80016e924136183f06cf08579e78f3fe149d45af37378,1,0.9952508,1
claimbuster:8354,claimbuster,382bfbc79eb5e0549b488e4387643b2a9054736183da60943adb138b599c4817,0,0.993185,1
claimbuster:13304,claimbuster,a5f6f7f0802a599cfc0997aee4194c46e3d6ac2dd86f13b5b388d3a7a77880c3,0,0.016864132,0
claimbuster:19044,claimbuster,36a2bcc96d87138eda9399f159cb9c564cda4765b5423016558712da972bb31e,0,0.60055006,1
claimbuster:16781,claimbuster,83711edc6f578370ad95b5d0773bb381eecba865c265db34c6245731773bb8ab,1,0.9894392,1
claimbuster:915,claimbuster,1c09151fe541abc24ac057ef984d6ca020be8582c63ed52f9af6695df5fd04d2,0,0.21949586,0
claimbuster:17401,claimbuster,9af3d17766a422a16996d285740eecef53a88b4edeed4b43cff523c6d57014e9,0,0.93857986,1
claimbuster:11473,claimbuster,abbdd77ab2be182d79d80f10e5f3c814f822d361f42f00e60d4e1c933a4c027b,0,0.5277266,1
claimbuster:7896,claimbuster,7f3f32492e9a4876be30a549dc746091fc0d8f631387b628b587c47885f6f578,0,0.03603267,0
claimbuster:24735,claimbuster,3c1ad16b23e6c43e89c8870717378c78d2027f3322122a4c3532ecb8ee7809a7,1,0.997134,1
claimbuster:2633,claimbuster,f9c5f1aebfa82372a492ff9944f0f66b955748ec7738c7efc4da90ce465c88e3,0,0.028460488,0
claimbuster:24219,claimbuster,4c8a1eec6133ddc79f66a6c45d1ed9be4f597175026feb32823f3526e38bbf67,0,0.17801146,0
claimbuster:11523,claimbuster,870b6826b2be3b09a4c5683865fa1df19efa7019506a528f3f52cad5dc8e594e,1,0.9918612,1
claimbuster:6590,claimbuster,912a81c27f9890662f61e24c184cb6c7a239241ab91ef3e64788110952303894,0,0.47991174,0
claimbuster:17097,claimbuster,7b54f6f1351ea43a78ddc638c9b0a0bcf37d96f427d28cccfd5c30d416c242ac,1,0.9968054,1
claimbuster:21313,claimbuster,ca1b420f846993522b6b9e20a5cce11b5d001b47776432bc51e069fe5830f650,0,0.031928655,0
claimbuster:1505,claimbuster,87d665153ccb372135f5ae6986aea95e38d2bc77fc12b6937981323f8938dbe7,0,0.023669012,0
claimbuster:7512,claimbuster,1a3e5913726ca4d922f6beb9bf38ec3c531192927558de2a39b487bfd6f9ceda,0,0.01910273,0
claimbuster:17858,claimbuster,36406887cc6474e7f46992c62d7f6e880919a614227ef9d41e2682ee863a8676,1,0.9970439,1
claimbuster:7620,claimbuster,2596216ed2847af5812b3100b053511ee38a4dadc2163b0a786a6a9ca3becf85,1,0.9969881,1
claimbuster:27679,claimbuster,c33f05e219e85c43afb1d1612ba172f3759c81a3eb4ebe2f0f626d3273099578,0,0.022740666,0
claimbuster:12163,claimbuster,d83d58761dabe189346bb8a5b04ddab1c49fbd7fcbe4b77a1c31d0812dc45985,1,0.99751437,1
claimbuster:9421,claimbuster,71b4d1bc7b76b3f18227d1f03aa713272898fd5eca37d3f62fa427cba85b274b,0,0.01721085,0
claimbuster:14051,claimbuster,3c9a67723f75c3c25f141542615396ea939a5aef5d4def8d905ccf81fcd91e58,0,0.7569885,1
claimbuster:16642,claimbuster,69c8cdecb27bfadcffe8e86c5a657a65bc31ce62de22d064e9164fe0a452613b,0,0.99163157,1
claimbuster:28167,claimbuster,3b1d2a38b01a65cafa06b9b3d1c0d59a9514944085065fa14d2564b4f843bd7f,0,0.9885583,1
claimbuster:1319,claimbuster,9bd3c8f5d36a88774a4e18b190a2fc86e1f35d739c36e7135c3b5afd36c79cc1,0,0.5795804,1
claimbuster:15423,claimbuster,795a3cdf725076d028f45335da3cdca07afcf4315c2904207d116264d9c9a46f,0,0.9360728,1
claimbuster:17323,claimbuster,26a6f62f336cc24f732db004dbf54ec502c7b4cc964654663f89b0dacf57e85d,0,0.07921878,0
claimbuster:27874,claimbuster,f8df1a04f616a322cb138770a2db35c15825dc0dff395de2e8f2afb2ae9a03e9,0,0.8339582,1
claimbuster:25179,claimbuster,54e9835fbb6ea08a82c9db02cce49421800ecd71cdf3ee6d7f37491dda689c7e,0,0.15093245,0
claimbuster:24131,claimbuster,0de24b525984ab564eecf0fccc230bbb149449f24aff6967a65e9d399f32b4b1,0,0.12042604,0
claimbuster:10632,claimbuster,401a6f1efa8f1b028ecc5df1e0a2e2b96782888a774085d1589c0bcc0e8db2cf,0,0.061800547,0
claimbuster:22369,claimbuster,5bceac9dccb3425f1baf56dadc9e2f5c5652ea6fc44212c8bde344fcbe69df09,0,0.027305529,0
claimbuster:767,claimbuster,7f0e49e2341b4804d13ce647b6d25f42ab101314aed2095528c6d11090c54810,0,0.33904913,0
claimbuster:10885,claimbuster,3bbf842882f10f2bdd146952dddef4c5524335c6b5f36d4d40b4eb5cbb6430ba,1,0.9970498,1
claimbuster:10467,claimbuster,795a67ff27b2f705cbac10508156b37536c339971e08bdec2a709b858bcd6cc2,0,0.059950605,0
claimbuster:15578,claimbuster,2f5c4a0c86ac0bbdaf898a6e0d6b1dd1f043221b512091d042a21ee6c892bf0e,1,0.9964489,1
claimbuster:13732,claimbuster,ff8d64a4904462c04269bd276301f70ff49b99cde354a29ac069ced9a9df2223,0,0.19548848,0
claimbuster:19852,claimbuster,c91e563a30377ce8b37db3addd46d26e6420187e860b6b9f115439ec73fb0c9d,0,0.14339368,0
claimbuster:13005,claimbuster,f295e40c8da5e40a329c3cf7c77f3cbde86eefc84dc357f07a22cfdc69b66bc4,0,0.9297202,1
claimbuster:25093,claimbuster,090118653f2bd2d4edf69393a09b6429f402466d1e957ed016ef5723609323f9,0,0.0147315,0
claimbuster:15646,claimbuster,255fd16fc63b3b43e2088fedc9f203b1ac725d385908897725e34a6826e7951f,0,0.17120272,0
claimbuster:15554,claimbuster,7a5c746d7e39133715ef7fb2d488517a6416edd25478effb8b2aef2552b99cfc,1,0.99700135,1
claimbuster:17646,claimbuster,5117b615f03cc627491343b15c1e023c111ad058a4be51353654ffa288e42e2e,1,0.99533373,1
claimbuster:9640,claimbuster,2b463cfb9706a8387e68c01577a403746fd0f1b852fd7d2ef9e55df7e4fb6b45,1,0.9973961,1
claimbuster:949,claimbuster,d83be3e8756ca7775d7455364cb1cdc57e66677d8bda2b336977ac2fa5bdf6e7,0,0.01956202,0
claimbuster:8326,claimbuster,d3cfc8f0ae9bb4a32dea550dfc01c81dc9074952ffc1328fb19da15d040be053,1,0.9936806,1
claimbuster:33950,claimbuster,9e39d594ea5ba0d5948a54bd1b04fd167b9822c9a233897947208d6b95ae74d7,1,0.99654704,1
claimbuster:5795,claimbuster,69aca70f51b3d0f5a25cc008fd0f2758949f05d5eb61acc1434e303b43aca26d,0,0.7038488,1
claimbuster:21886,claimbuster,faa82fce3a0e1eb8e7319782eb4c79436c5e67f535cc51a45c6801f0d19c9a35,0,0.7301658,1
claimbuster:13628,claimbuster,e089e02b2036f5d77e4efbd3e374577b61e97230fabe2a79152b0245358f8b45,0,0.027526315,0
claimbuster:21797,claimbuster,a5e44cf33c70c990505ed9ad40c247fb8a7a76d22011631f1311340dabeac695,0,0.9850832,1
claimbuster:22696,claimbuster,e3131f7022c238eef372af112754a16b1e73ee13c9c0342bc5015eabe86e3846,0,0.047710676,0
claimbuster:18074,claimbuster,a007a6c85687ee874d8ded7231290c9eb9c6379f06727d60494aaf51cf3ab836,0,0.16124946,0
claimbuster:9862,claimbuster,50d5d52ae871a03b36531a866a2fc05be4d60535b5b659411abaea69595eef28,0,0.4314522,0
claimbuster:9688,claimbuster,5c44faffede0f73627d6deb1f35db6bb819598acae44a62599c1e1c43bd7618f,0,0.0543309,0
claimbuster:13232,claimbuster,15c69f2763fa108c17fd14ee88f3256f8de0b57fd7abd5a56e78648320a6fb08,0,0.77497137,1
claimbuster:17558,claimbuster,5b33b77699ad2d5944009f10b7c0ea9c202ed1d83283efe4e60a017cc8c476c9,1,0.9952265,1
claimbuster:30243,claimbuster,11e65164d3f8cec0835ae6de2b7aa2d59ea91abb77bd00754bc8fbc129cdf9de,0,0.027732812,0
claimbuster:15659,claimbuster,cb40bf593028b7bc710525a0357a88eccaff50f66fb4b5581addac93af9b6fcc,0,0.59080887,1
claimbuster:15973,claimbuster,70ca0375e61d34af94bc0263d44734a9042ef293b47aa0467d21f2d6bdbfd3c3,0,0.9901484,1
claimbuster:7751,claimbuster,ade06c7d52b6d61aeefa2160a2ce76d0c9b18a11c1434f9be47b0699d7044074,0,0.023392836,0
claimbuster:32191,claimbuster,8c036d5c0d9b906bc61f7de4d5f975b069c79fd5b7fcd53739dd4a417a96ea84,1,0.98484254,1
claimbuster:28297,claimbuster,a030268f5fab003542632f5c7808ead1cfcee79e89c10ecba5c2b2f9ec84d06c,1,0.9969024,1
claimbuster:17126,claimbuster,e5c86ecca4433f9fb86531c1078752d26d511974e94232729482e545a77e9fd4,0,0.6156029,1
claimbuster:28553,claimbuster,e684e5e0d264619bbd7d671d3145b10c513f306b3348259edf8d38c220f38c28,0,0.039142713,0
claimbuster:26620,claimbuster,d76d8ca8064aa4c0b3c7657c1cdb171329c1dbb35fb562a400983ffcbcd29b5d,0,0.01648925,0
claimbuster:33218,claimbuster,8870be5633a1aac081565867d7d4025b0694329c8a3a89a4d6e786b628362845,0,0.024002166,0
claimbuster:8589,claimbuster,0adbb6a2f24063a2d58a25523743c8b065b39f1018aba3714a742d93cd2f98bb,0,0.53666437,1
claimbuster:18509,claimbuster,e84e454b4a9479cb11cf68a5428c70232a21c9859fc3c3e3d03205bab3604f92,0,0.03990287,0
claimbuster:25251,claimbuster,b51ab15c710c0e11c1bfca5b31feae422cb7dbcabce72a94902ce0a4187be43d,0,0.0208371,0
claimbuster:17005,claimbuster,e103026ac12ae2abf09a6c0a5b4d98fa398fdb3a9c3653e45949a4689f42593c,0,0.046919383,0
claimbuster:3899,claimbuster,d320fda7ac37b5e9b684246cd343076d69f3aedbc8752957cc4bed1f5480185d,1,0.30689555,0
claimbuster:16516,claimbuster,08b5c11d53a3b1587d306532a8e1cbd88a444ea38d840c033efccebb68877057,1,0.98543674,1
claimbuster:17684,claimbuster,7f791074a99e8a3f2d96c45951e8a15352c27c0c87125402ffe37e9fa8dac5ed,0,0.47785184,0
claimbuster:2889,claimbuster,f85281f21ad7920870a65679c9662cc44dc7ad4ad64a9b2a7a201758a83ef2fa,0,0.99597293,1
claimbuster:33106,claimbuster,f33f54bf1752a55fe5b68f77ad6e8c4ec38893f4a37e61ef3fd59929747e2836,0,0.030268341,0
claimbuster:33064,claimbuster,5b1249c9eddc768419f23fe4575b85ebd14e9bfaeff7809f57626d6a73d41a7b,0,0.0144652845,0
claimbuster:1208,claimbuster,a4a3e80950e15ac4c09ab2c759822b65eb7ab8fc1bdbcbc162d8d20f5cb82425,1,0.99317497,1
claimbuster:21317,claimbuster,8c3488aaf716e5badf5d798490b952df8ed97132c12b5ecc2583d7f7668d57c8,0,0.3237672,0
claimbuster:9002,claimbuster,17d85f8f7950310f37123b42fc99ef7587bcdec65342bc23558af0e49ad6d0c9,0,0.05049883,0
claimbuster:21842,claimbuster,895045f218307d3ee13e50ad9ce49ffdaf49f3296e100d42d73c01c18e09d036,0,0.48263577,0
claimbuster:6754,claimbuster,a40036ba686c24b3bbfe19a5ec2fc63cc77da0f2980d3dd09ba9b5f0d763113c,0,0.9073181,1
claimbuster:5823,claimbuster,a9c4c040053aa965a575c8f7e2689f50cf421f214601ef8b21f16d56f40b5be4,0,0.048811864,0
claimbuster:23340,claimbuster,63ac9660b944a3bd0b2df2012b30ab2520931ccfe8203924648a7d700ff52c7d,0,0.99631643,1
claimbuster:9053,claimbuster,d012dc6c9825475e2f6cd93637890415fc8849daee41827e557e03ccd9270256,0,0.021146383,0
claimbuster:8619,claimbuster,2475c4b96eb5c283a89f4927ba48cfff75285d0d97d4a1f5595ecd894468cfef,0,0.012559944,0
claimbuster:740,claimbuster,530d0c6a6496cba61ea2e9528081985910834152a3e7e55a1a1096fdaea5a131,0,0.015128384,0
claimbuster:22567,claimbuster,acaa43f950367ef521feae565d0c5f18e22a28c36d46a8c2f1257d0ea1f403e3,0,0.98729646,1
claimbuster:16997,claimbuster,8e331e9302743b4748f0a03d8b26b30382fc164c7f260dba5377e2e04b673966,0,0.016432578,0
claimbuster:6976,claimbuster,68ce65ec555f05bf04229df5e6c7ba07348b9c09a12502892471515abd60c4a3,0,0.014667431,0
claimbuster:14827,claimbuster,666679e1e790bc18d5016b06fefd556996ebd6cc83aa1b82ed8b8b1185647f46,1,0.9972976,1
claimbuster:11931,claimbuster,80a48964d5e8c354387e1f3988df096955709c4872be4221d9abb7ff5709f54c,0,0.071740806,0
claimbuster:14519,claimbuster,d95335935403e4ca38f2f154f46f543a403ac8e4e684667ade7be38098eb74d8,0,0.026095783,0
claimbuster:25146,claimbuster,6ed7a22a97104f62d6f37a60772fb4e70e8eee7113a5adff1b9922e0740be059,0,0.14159052,0
claimbuster:6064,claimbuster,2239f6c18d7cd7f6489351391ed177ea30f85722e19b402082b20c859fa8ff43,0,0.095453165,0
claimbuster:8576,claimbuster,9412b882fe762eaf97b5c3763c305dcf92b0d178174d6505f345ac861771b8c7,1,0.96909785,1
claimbuster:17523,claimbuster,090b27a679351389106af4722050b2c78f06f5013faef5154a1bdbbacaf122a8,0,0.053564858,0
claimbuster:8230,claimbuster,a993a1534149d0d9c9ba2007ab1a2668711b4c4e56b83c5bd86a93b1aeb29d3e,0,0.8818174,1
claimbuster:25503,claimbuster,f44ca6df5b58f611efb4999ddf5d4bf3979efeaa9afaf31040939121ef720cd6,1,0.8265552,1
claimbuster:31847,claimbuster,e836126029e64a7714045593ae144f5a232c401de1a07e875b9ef86124c58069,0,0.39763388,0
claimbuster:21378,claimbuster,8bc23d6fe56b14093071f56f2c4d794e342d27c3c63136d41bf43dac5bedc892,0,0.028189057,0
claimbuster:9694,claimbuster,4726a412ec1878b98b2e78e6d35df415ae5ae4b39a94e0efe4869456a7b37bec,0,0.46752262,0
claimbuster:9733,claimbuster,0a66b7ff324798e3e68f58e7674a7a6e8107e65a75902fa270c5e746c82c9016,1,0.9967253,1
claimbuster:13117,claimbuster,75d0a10c461b8fba7f1b9cbcae3f2b996c8028fa3fbfbbdd145481ec46fded35,0,0.018346498,0
claimbuster:15328,claimbuster,68727a870500eea6d460f30622ae69b1e6e541e22051d009e02bc6b79fc4451c,0,0.98116344,1
claimbuster:7693,claimbuster,738225167bfa58c66485ec7bc1887183ec536a752e5e3761a40560b01428ef9e,1,0.98801196,1
claimbuster:13405,claimbuster,54b5d1d522ca5106e0bbd65f260c28092ddc8ed93be6e342c4890a36cad93906,0,0.41820768,0
claimbuster:22092,claimbuster,e654e76e110491e94f7cbad6cc49ee5564fd873853c559628e5d4dcadf7c159f,0,0.029005714,0
claimbuster:20108,claimbuster,94c762959496553c9195afb4bb8f7a99ea3bf581c3619c2a275171b1499de3d4,0,0.8477571,1
claimbuster:24846,claimbuster,6895fcc447c6714a1e7d40b2811271d9216dc8f4c0e0449accb4070e195d9a74,1,0.9956727,1
claimbuster:10794,claimbuster,5aa55a1c5ed0f6892d45c4e573889c8b419a79366da4c01d691488079d556f01,0,0.97766465,1
claimbuster:8120,claimbuster,35baf0f7921a7b1fe7e1b382ebf95b9a672967a818935b71cb40a4c3614d0acc,0,0.024555035,0
claimbuster:33893,claimbuster,8a1b22926bc888dda5b07d391e148c4c68d720dbb071bf74dfaacd058b0777e5,0,0.021582734,0
claimbuster:10978,claimbuster,77fe5df44083a1163895090dd6ec7422da7149e49381a0d962cf1489433580d1,0,0.013598707,0
claimbuster:6187,claimbuster,8b91f7b56bf7ff34362a9a73d20a7b36335c3427ff9e7c7945173085ce6bd3a0,0,0.027804501,0
claimbuster:13122,claimbuster,f63f42bffb82e24f2f744cfe4cc4c235a8df4d394bc85a6a562d2b8a2a1b955f,1,0.98609203,1
claimbuster:5794,claimbuster,76c8c05f82e5fe7a6ffb293007d59ce537581b5feb4096724ea82bd475458a38,1,0.9956969,1
claimbuster:8129,claimbuster,459fecdcc3edfea4c0f2130f856ac436b15d8685fa5fe4c1028adf8d1ddbe725,1,0.9872602,1
claimbuster:32241,claimbuster,2817787b8b5ab4fd6f7c1090b1b7fd6f26cc37929279c351958c9762a5c733fd,0,0.958127,1
claimbuster:26963,claimbuster,2a30b56c347cef66363f8864ef07d181b5b396d6d42a2b21911a575fa3c8fddb,1,0.9926716,1
claimbuster:9875,claimbuster,cb537ddbba31cefa58086bdc94f6cb549d3ba95bbccc0b9db624403aa47c875a,0,0.9374446,1
claimbuster:3358,claimbuster,9197542a3047fe8e278f5ffb7734a7193e14b96d9c343c8ce696e48a7d0956ef,0,0.027734611,0
claimbuster:2591,claimbuster,7f51933f089abd3ecc682e877dc453adeeb60795b598d3769edae6988b93a684,1,0.9970694,1
claimbuster:7498,claimbuster,6a753b1ffa74610117b25909da6ea185a4403e86c850209367611b1626c70668,0,0.014762593,0
claimbuster:2743,claimbuster,71d8b69dcb0cb0fbee63e1e8829967eee428e45f389e95a2840c21fdd0f05f3f,0,0.1956225,0
claimbuster:25783,claimbuster,04e98d942fb2e2934c19d36dee10df06a3d7e43a25708d6fb3ac4901f1eba4c3,0,0.15748465,0
claimbuster:7891,claimbuster,00a4ecaaa1cadb120d2692a63b68153413e177acb00272763945dee1e6ba033b,0,0.020669816,0
claimbuster:28605,claimbuster,f18721748f44734901767c5b89ac599ad26368cbf61b125362b81aa58513d00f,0,0.9544068,1
claimbuster:7607,claimbuster,e1e3648776280c54cd5baa6e954ca38e3632cd16e5c5257f004d0480cba433c9,1,0.98737586,1
claimbuster:17434,claimbuster,06c4246146dd7f6393e28f05cfeaf4cfbaf2251ab1f48b17e267f34995417435,1,0.99737537,1
claimbuster:25878,claimbuster,dcd4392763276d522d98d0b9b5bb434a3f9a16b06a03accba7b5802029d34c2d,1,0.99309546,1
claimbuster:4320,claimbuster,47077bcacb52807f113dc8d0f3760dd6e4ebc493dc17ce11003c5e3ad815ee93,0,0.01644615,0
claimbuster:26748,claimbuster,fe8840d05162e0b02a0d4dd8fdc7f53161a12447d7a6d78de37917d291c4f7d7,1,0.991037,1
claimbuster:14938,claimbuster,80bfca2b4667a1b03481bfab4a74dacbe9cc732a90e4c96c7a5aefe4789b21a9,0,0.93850327,1
claimbuster:3275,claimbuster,17bacfbe356653a52b3ab0786af9a6632e617407fdcadaa1e1c96d55d27868f3,0,0.9930346,1
claimbuster:18455,claimbuster,eb4c1721b7eeb3c19098a5ce4c54247ccdc3d4d84a4d4da2f11b3cc2fc58440c,0,0.9550971,1
claimbuster:442,claimbuster,6953f77624dcfb94fc810dd960f754fd87f7e391a0a82cf07b4c0fa984b9ff1c,0,0.030655,0
claimbuster:12585,claimbuster,65193e87edb668c498a06fa5a30528b80c8b92e486a2e6694eeecf853766b05c,0,0.027602173,0
claimbuster:18798,claimbuster,7acdd9b4afdea476106ffa60f8e6cc217ebf615bc9b1cdc35693712d36403f11,0,0.02401026,0
claimbuster:194,claimbuster,1c2023a9e7493c3ad7c2027cb4ec06bdb49694c20fa033fe07c4f5f7bc882550,0,0.01769303,0
claimbuster:18661,claimbuster,8536c897ef9b167e3351953b089f6539cb0492ab7552e3bcaaf1d70d5b0464a8,0,0.96037227,1
claimbuster:16053,claimbuster,c36cf8fb06fe94ceadedc73270dbabfdc377068ce073d0c38b548a91698425a6,0,0.99569905,1
claimbuster:11289,claimbuster,bb22d1fb9b7e7eb6ca53e663c7733a71764b03b47d65b949911adc573b6db639,0,0.39875785,0
claimbuster:20111,claimbuster,b4bf9f0ed43146c697446c8791d292e9fed640f8ddb99fb887590143bca9dc41,1,0.994422,1
claimbuster:9069,claimbuster,4cddef3717ba9948f69ded9fa04995854dd0905b958a538005e747ce87fe9991,0,0.31390724,0
claimbuster:22748,claimbuster,483566fc91d025ea6f7e7cb82e980c9659dddc0f702df4cc4c8d5db17dae6266,0,0.98628867,1
claimbuster:26835,claimbuster,0ac8014ca4ef5ae1b0803d942abe6c795b6bb62fb3a5391e860f05748c2b5bfd,0,0.8090446,1
claimbuster:6748,claimbuster,c5b373e8721f533a036f5e91586887ae76594ccdbef25b94c6014f319106b479,1,0.27226508,0
claimbuster:19659,claimbuster,29dd8643b7f7e6cd04028a4679c93c6026c81a0a83c8668049146bbfd3da5a4f,1,0.17853701,0
claimbuster:6487,claimbuster,d12495112dde477051339d9e7f15d5faa2ef1470769a992ba2760e188a2be83f,0,0.025688723,0
claimbuster:15341,claimbuster,4e34bde8f6eac20e0c5ab882e7c75630633af31b40d87d76f9677ff4314ce3bf,0,0.8273743,1
claimbuster:6906,claimbuster,138f5e7eb0dff5cd084edfc1cbe13f0b496cf190bbc024b9b95eb142e93f1f89,1,0.99594337,1
claimbuster:16227,claimbuster,f643d265007cc52fd497f23fa1c5af991f42d6f09f84bf367b8f8c6cb9c72674,0,0.024150522,0
claimbuster:10818,claimbuster,ad0902ef6666d3e3aafd016e362fba7327870fdd140a2b98eb16390ba9d3697d,0,0.020781964,0
claimbuster:14963,claimbuster,0073407b1929cc2182e886aa4ea3caa1870f633d20805becdc59432f8d94dfce,1,0.99684346,1
claimbuster:3081,claimbuster,34e6bac8d55fb2fd40993d5737f816fc431e58dcb249aaf8cbf7eed622a6256a,0,0.08002896,0
claimbuster:349,claimbuster,e990d1be86e7dd9db58416d531d67a52b195a21998349282f5e8062f3b16be94,0,0.038972255,0
claimbuster:7389,claimbuster,837550bbd3f19738cc66340dd33ee246a7d2a5f0f2a8f8c38c411a48d968c253,0,0.28700453,0
claimbuster:24576,claimbuster,64e081e863cccacf5045e1e5c1b6e7307f9607b447a5b1f8fe602ec27bd56f91,0,0.022690557,0
claimbuster:10158,claimbuster,5f90cd664481a8dac688e32057721ecef3f2adead1035e52f5634ab3c1829155,0,0.051101588,0
claimbuster:661,claimbuster,7448fae15030bcb23401e0f5d8717e7b86619db933162d13256841a676f17821,0,0.053387508,0
claimbuster:13321,claimbuster,a8906baae6a4c382aa5fbfe85a0296c835e76acf600dddd029b10b443ca17b3e,0,0.8519849,1
claimbuster:12768,claimbuster,964ca156472b48bdf4ab64c08c733dd670e08ad64500698c27b2288d07485c3a,0,0.033639614,0
claimbuster:17983,claimbuster,ef8ba524827f634f3a8e7b65c6370abf91539c870cccaaf3949236a4ec888a27,0,0.9938361,1
claimbuster:514,claimbuster,76ff06010dd5dddfd437f54401cf69bddf5cd3782b5cd31f5938be263fc4e778,0,0.035426844,0
claimbuster:15742,claimbuster,e20eae99e89c7358a9c436fe14a7cfbd6314d81cef2149dc8e9b07e09c301c2b,1,0.9962535,1
claimbuster:614,claimbuster,bea2091e9c0948e43e3fc7808806dac58f4255455ad4184b545ba6bdccd12886,0,0.0141099375,0
claimbuster:23679,claimbuster,952ee6a4cd5ccff5847e324a47a51d18a8f2fc661add64ae2651a5e2c9fb307e,0,0.11422707,0
claimbuster:12634,claimbuster,8fa71f51e1dec8e36f452cc603035c80b3127046c8f108e876abd25a59058e5c,1,0.995676,1
claimbuster:26629,claimbuster,586224c48f55843ea229a424052e2a0790cff42a80ad15d7e2aa3c0c4d75dd6e,0,0.9933469,1
claimbuster:297,claimbuster,cd3269236af484414fc3421fc904b25d12cd2ec043880dddd82ac5f7482878c1,0,0.032586347,0
claimbuster:14988,claimbuster,3a05f04552bcc20457a7c7901759d64736c2b228012743cc1c9bfee3d24fa8bd,0,0.967841,1
claimbuster:9704,claimbuster,73d297d3e648861444e819ffeb1e6a5d2e9e94c917e8e9ca05758c67e97f1009,1,0.99562436,1
claimbuster:6498,claimbuster,fdaee958a93661af4c327aeec3d5029123f7e4f030fff67c554a603a6f160923,0,0.9957766,1
claimbuster:9310,claimbuster,b67a4c0094a07733b062a77f4d8e9111fd9a67b82d49bb28230089b75fc23b86,1,0.99499255,1
claimbuster:764,claimbuster,04a648269d9fe535a45c7cb14d83c2a96111c6de9096fe9b9340ee52153d1094,0,0.040885538,0
claimbuster:9226,claimbuster,f272c61b5ec8723b4c46e77fbe9017098cb75df1cd4f9ece74d324d7e181d7af,1,0.98807657,1
claimbuster:27113,claimbuster,c919b04354c6c46de8a5b8175e9f4f42ac29a4448ece767d49939ba7aefae376,0,0.08947326,0
claimbuster:9741,claimbuster,8485a7544af43b4d5ae61bb40a60fb95da94c2153cd127078ecd2e63d7aa868f,0,0.77338773,1
claimbuster:13544,claimbuster,4204150d309d9e5689f8842314486db89eaa4b2d4fdfd93dbd77979f8f1da028,0,0.015194542,0
claimbuster:29616,claimbuster,2112733bd6811d06b11e97561d0e40d2899c8b31a3aeb6d8bd30a137607ba2c6,1,0.9966754,1
claimbuster:33048,claimbuster,50953f2d7f457c986b12d2e25689231d19e372a4a9c7e7be2f07c83085435733,0,0.9114199,1
claimbuster:28250,claimbuster,37eacb841813797b20ecc426441ade62d7d24c4b373ae77c6180407fe126073f,0,0.4121141,0
claimbuster:14898,claimbuster,0144dfa2f73f70b178fb5a1618734c7002d2b8b83089fbc279d4c5650a898cc2,1,0.9959632,1
claimbuster:21791,claimbuster,95fcae9bb9d2809327a81225dbaca3ec62be4b31cb6166b7f4819a8fc3b7fb34,0,0.6494318,1
claimbuster:11484,claimbuster,67a17a220ac635afab129a5c484e665a8ed250253fff84404442645a6c37b9a1,0,0.054141503,0
claimbuster:3128,claimbuster,9b292aef53c7c21513019834f50e774a9941d2038fdad084f80d49392d673ea9,1,0.9968918,1
claimbuster:886,claimbuster,b0a21f918f050a7f0e1de7e35dea0fdc42cb98a6b07f26050d73a789199d7492,0,0.78401446,1
claimbuster:11257,claimbuster,33e2618f5cb23efcbeccccaa28092516f285282aae33d5b928e3a2c316ee74e3,0,0.028182536,0
claimbuster:875,claimbuster,929b255a7983ce4c588418aa021f0bfe1d9385bed524b923d14f5a1cc63d1313,0,0.43238017,0
claimbuster:25066,claimbuster,f62e0c1951d1740b397d14da3272b846746ea3e5fe23eeea94d1399d1903e039,1,0.993743,1
claimbuster:15986,claimbuster,00877270e39339dbd8afe8c32b61176c1fc1a42ffc72fbf7254bd91f030e4bce,0,0.024740076,0
claimbuster:8154,claimbuster,32ccdb6390f9b467bc31953e4b802aabbb913e09fe6c78e49b2452766172dcc1,0,0.032378364,0
claimbuster:30441,claimbuster,77e3d2e609a98264e503b9e5ab9874952eda5991b2e934b8518d62e150f71aa6,0,0.027350834,0
claimbuster:28865,claimbuster,60a3f967d376e62b351702e483c9bc55196c0f523d32f4bd1a36d11879d81314,0,0.40366822,0
claimbuster:26825,claimbuster,6d7bc4d317aa5b60160a3063df9931427a91f6aa2e0eee1f111abafd68bbd88b,0,0.018644905,0
claimbuster:8616,claimbuster,ff89acc826942775a95b8952ff5f1411e7413d8a6992a351db9ef5a1cd13e048,0,0.032157943,0
claimbuster:24905,claimbuster,ac069734336fcf4dbe7f393a63a01e313ba45fa0487e1372e8b26fdd5e64be6b,1,0.9760715,1
claimbuster:14173,claimbuster,c42152ed3bd2dcb93dd4b1a1499a5db9cc64e29896f4301e5e68236764e7b9e0,0,0.046041533,0
claimbuster:16731,claimbuster,c6b28d9363fd38142b569ccd167ca68e74518cbb27a8ac1438b2b6d932098497,0,0.70805043,1
claimbuster:6206,claimbuster,1b5bb08badae4873bb3064da2c429173ef1afef88dc3f6510b77ecca5f8df541,1,0.9942021,1
claimbuster:13011,claimbuster,f3f49da719e20a66d6d022b21b2c4cef219be4825955fec0f49d2e0db273b641,1,0.99592674,1
claimbuster:32153,claimbuster,c0e932169e1221340ac448d49a2cbdd27c446514cebd613bd5c33b4e54dbf58c,0,0.9900619,1
claimbuster:8512,claimbuster,1980de108cf4701fbe37562bf51a2d44eb4094d2b2cbe2c21cd5d5cf62eb17cc,0,0.99506336,1
claimbuster:2346,claimbuster,de528e0c9b4de992f64f1324f32a56ff88c83480fa0d5644e0dcc2b5ada37fba,0,0.9589385,1
claimbuster:10864,claimbuster,5fa70c5c6785c9866d662d4251b4219b0ff7ccbf20ff0d31559c68a97d2d9692,0,0.93285364,1
claimbuster:12772,claimbuster,9f3714d2ee075fe4c60df112b58b6d04b1ab0d177d81861859c3d090541fc0d2,0,0.9855827,1
claimbuster:18625,claimbuster,ec879042c086bbb9ef7af3843557f7921b45be088e051f6b2ff6b33165b3cff6,0,0.0139263775,0
claimbuster:28518,claimbuster,4bba3e38bac9e66707ad3e724efa59922c7acebe6559f92304edf3dda0da69a1,0,0.0491349,0
claimbuster:7402,claimbuster,ff9cb46f68d8f6ab0a58a51a54b5cf993ca059b6a9f22008c33805784a099233,0,0.014431078,0
claimbuster:19889,claimbuster,bac45d6a03698465ab03cf282a2b5358d92d37c25e74876873de0e7274845bf5,0,0.019181062,0
claimbuster:21633,claimbuster,d9c0858f9f25fb1237b4919f4c54ce284eb9b05cc90265b4fd5e7b0ffa5047b0,1,0.99613464,1
claimbuster:16974,claimbuster,ce0d3c655f4beab91d1f93c8b45831716f45e2a1920c419c260cc3e023355a86,0,0.98180777,1
claimbuster:18757,claimbuster,5ce4997cdcb8ed97def9bc91b84789d7fe8730455cbb68fd325b60b2d18c2a44,1,0.9973744,1
claimbuster:17810,claimbuster,f47ece3238b2673b803a863c44483728e6d873339e487255b20daf330d858721,1,0.9949043,1
claimbuster:22948,claimbuster,0869acaaa1cceccd13a1ab12a9fe25747157c77c333fc7660233182b5b68fca4,0,0.024983648,0
claimbuster:14174,claimbuster,a081d34ab21d418ce0ac69cd826e3d7c3050261b900fec661cc7008c379d2dcd,0,0.020651689,0
claimbuster:17708,claimbuster,909e698100c85ca5aaecee0a7b2b1891c16db5807965ee81e7c685073c1fac34,1,0.9956558,1
claimbuster:33757,claimbuster,b1703d162fe9d83ae5ff87940b55c147c07480ce98cfb084ad2d9cb3bf66f49d,0,0.8918388,1
claimbuster:22495,claimbuster,8e817bad3af8ab19649eca5a036f84cafe12506e0d51edd803997ae3c6ca9ce1,0,0.019047096,0
claimbuster:27915,claimbuster,6ad323d763b48c7f71951c307a4bc74f13365f4c708d1e1a26e0419aec254496,0,0.04586663,0
claimbuster:12801,claimbuster,b888d9135bbd0e14ebb575354a025080ef1455df9801dcacc2984ce49479392d,0,0.09077161,0
claimbuster:25344,claimbuster,3a9eefb72d3ebf8ce0baf98ecd8cbe9525277d0e5e0501a0c8baeacb14ec8c59,0,0.09978893,0
claimbuster:23839,claimbuster,293c7f2e4a388cd8e8262190b6daad5ef34698d0fbfdca31ddade37a882a04a8,0,0.031249426,0
claimbuster:27386,claimbuster,53318263fd04fc5f745f2953c865d67a55c6b283c84e85dae81d5872b5fe270d,1,0.99657404,1
claimbuster:10586,claimbuster,7c0f04a6b9ed98e6a92f911b30ab652cbd0c5f3a7d66423c07394d22c2f28ab4,0,0.012845922,0
claimbuster:8920,claimbuster,88aa810c46692e6471046f18712a15f0349f53b5a6aa0923895aad920c58ca0a,1,0.9966723,1
claimbuster:8936,claimbuster,2d63c6f0766cbc76499c1aa44aa48ebd1b4cb2e5b2e49753300e72fa089fcff0,0,0.99406296,1
claimbuster:12111,claimbuster,334e3f591ab234516f99ca56b25bb3320fe13b9294d61d76ea26f1b236ea86cc,1,0.99609417,1
claimbuster:18236,claimbuster,e7c5f4cade88ac713c1eec0ea8d71191766643eb2701f901cf5f455ab82cbcbf,0,0.023012104,0
claimbuster:17362,claimbuster,ab79d4e24000ba53b439daf60ae348831214f119fd066837dd373e11e24bb053,0,0.16455682,0
claimbuster:98,claimbuster,9cace69de079208296a74054e027a484a05b71a30979f34320a427b020fcbb1a,0,0.031572167,0
claimbuster:12616,claimbuster,00f33dfd08911de169569ed8b97e49df7634784847ebc11c60cbdf6d02f2f16f,1,0.9017849,1
claimbuster:970,claimbuster,cd4e768a0d3fd4d430c3641ca6ea45a1a980e74412335dd2ccb185a057235c3b,0,0.04468254,0
claimbuster:25232,claimbuster,78e76cada98b9b09a2bfdc060cbf8f8cdd7cef7221e2b263c25ad6cf95ae9996,0,0.9785847,1
claimbuster:8124,claimbuster,ef3e986b074d276e1bf3250cfff5adc23561a15b487d2e4775a3425970a37dc1,1,0.99627495,1
claimbuster:33198,claimbuster,7f84b314b43059a28279ff6e1929c27d9626e749f154863d0037c9414ba89462,0,0.967805,1
claimbuster:23592,claimbuster,c6d4605945c231b5975b21cfa339f8bbf9bfe8663662457d4166d3e3f9885aad,0,0.018586317,0
claimbuster:26015,claimbuster,392a3923219cf93494e96dab2bce5763736f02541530254b623d47af779c3ff1,0,0.82591933,1
claimbuster:8891,claimbuster,4403e4526f3f5d6d12956abaf72769509582ec1491deb57cc94648baf2ce24b6,0,0.018927032,0
claimbuster:33867,claimbuster,ab09d997f61c4a6868be99904250c396a2d5ce6fc22ac5a6667848d5f0864a3d,1,0.9721921,1
claimbuster:8951,claimbuster,29aa9e4cb634808e3fb91964d940942afff70f9f12c80ec0bf6c878c78cdfb94,1,0.996314,1
claimbuster:32599,claimbuster,34b84d357d486f00a73247f46407db778d06a1ea163dcec94470c56f34f94bc5,1,0.98686475,1
claimbuster:17581,claimbuster,8a752bb21a02785b2353d95dbc8acb8b47a0a266d3347c372022c5d2d6749ba8,1,0.9968323,1
claimbuster:15150,claimbuster,58fcc9a3716351c0921c180e6c0df7ee0f25c236f6c8413d64951a2efb607d5c,1,0.9964748,1
claimbuster:29287,claimbuster,20ede3c2a144b3aa23a1520ea63bc321fde1f4cc583df96248f70a477fdbc765,0,0.07836317,0
claimbuster:33638,claimbuster,39a65a5e29b4fb0f688f67b754f97d034c039d3a7cf38384f424c4cfb9fb5694,0,0.06952598,0
claimbuster:26257,claimbuster,a0d0890ba38d727f5441f8fecf99a38064fba2d021ab756ab69afb69996cf84e,0,0.016099814,0
claimbuster:13345,claimbuster,7adfc0ed3a1a537b2b9e210d6c2158b7b3dbabe7d4688f24ab0d7eb4494a218a,0,0.38988683,0
claimbuster:30363,claimbuster,3e591937c02053dee5b56e05c13cf9897222ee776979b6847cae40891175a545,1,0.5905318,1
claimbuster:12751,claimbuster,21c48549c1904df65fc841e0733111162db3646a3e463a09fb5f44ab746f4213,0,0.97628796,1
claimbuster:28136,claimbuster,eaa2bce428e0c5b904d809a9937b4194c3daac494ae26b4f519146d1957363f7,1,0.9914055,1
claimbuster:26251,claimbuster,9c3bc4e90e959b33c4ecad0f4d8f136075db83bb18832e9eb5ff971d2ab2d5c8,0,0.98939973,1
claimbuster:13936,claimbuster,0506607b49d88b0850a08be1f662f668fe36f9e027d1e67db22893eddb2183bc,0,0.024044747,0
claimbuster:1081,claimbuster,e0367d01387a36861faddf2c091956132cbf06b4ba3077760a032d1d4b0ab202,1,0.9939786,1
claimbuster:1510,claimbuster,41fc260718a82c45c65ecfdf2202574fa1db6ca06c6fab47959faa48bafebbd7,0,0.06761216,0
claimbuster:1669,claimbuster,5d1dde35537a9a7b2c107fa775ca71b50370550f8bc8de29c00f71e071cbf85f,0,0.019602388,0
claimbuster:19356,claimbuster,8901dc66ba930bbbdb79d0a1737391c778f994e2ad409a8f55ce18dcb943b40a,1,0.99577254,1
claimbuster:30327,claimbuster,41c896698531cd86edd7bafa78fc231ae8c43fd2e427d42761a61c569e35eb26,0,0.024720017,0
claimbuster:2495,claimbuster,30ebc7e982c40eec61eba036556c6f061c000042d6eeccd09f85ecfb613fc3dc,0,0.994114,1
claimbuster:2728,claimbuster,5e0578e0eeb1ad6288807343e52bc1f4e431106ed99ea7dd5b6d916815ca9b2f,0,0.5524475,1
claimbuster:1250,claimbuster,cc6b4f103655d64139ec1b57c135644c0455b60dce83589c48ea555bfd0a279c,0,0.9878721,1
claimbuster:16482,claimbuster,c9c9c10ffff5c571963c67d9f126285f919e1ecec04da462d2b2af8be234b98c,1,0.99704415,1
claimbuster:8858,claimbuster,782b7452ccaacbd38354962945b445bb847cfde799f68969becf861e375b61ba,1,0.99289715,1
claimbuster:7676,claimbuster,c624c6029f36e6a2f75fe35506cac356c5b3ea2c69e6827f7befb96001b73810,1,0.9970131,1
claimbuster:17601,claimbuster,1fe14fab490bf381278ba0101ebab1d358c17efdfceb32e1dbd5c23d2440f3ff,0,0.9313708,1
claimbuster:24352,claimbuster,7c3e33f39527da34743dd3a271f1154ad0369618bc9de468108e8ac88fce1361,1,0.9951904,1
claimbuster:1317,claimbuster,06c7c5ed9877195b7086870fb51fb23bd74345245aceb99bc20e8236a197d4c3,0,0.017329045,0
claimbuster:16952,claimbuster,b027316b0d246725f6e231dc5c818eb79c7445348883996a65ceb7eb38a032d7,0,0.9893817,1
claimbuster:25446,claimbuster,6467cba50fdff6c531478a8295ff9c1f331a6de272a6a6a310067f7aeb8d2e2a,0,0.017462062,0
claimbuster:20517,claimbuster,51264c0f518a476eb9f599bd417a72af1beb27ea6bc6821df8b9a07430272eef,0,0.028562088,0
claimbuster:9796,claimbuster,a0ef7f9811946804cf5b8f40692490814646df7d36ffa66797fab5e9d078ae70,1,0.99733764,1
claimbuster:22038,claimbuster,0c65988345d15c53c03144b7e569fbd4592febe023a248dd3db47582ee4e62d4,0,0.40420434,0
claimbuster:6625,claimbuster,f4b88e598066ca9679f2b8891ba0340277adcc07ba4a0deb49b806c1f824aa61,0,0.086513184,0
claimbuster:5583,claimbuster,856a2f80b565219c856a008f194576c5a950bc31db7e41bab254de455a503aab,0,0.06273292,0
claimbuster:57,claimbuster,48af8bca6910888a453236fff995d20019a1a5d8d00594eb92338cbbdba208d8,0,0.5554252,1
claimbuster:24763,claimbuster,bb1de37a41f7e8b8f64b7a7c30c778dfef7888a379adb0e6bfd04bce36b8280d,0,0.9245201,1
claimbuster:7584,claimbuster,37043418622922cac0b12b16e5c7ffa6043c677927f9d35d71dcb1e6484407b0,0,0.9910657,1
claimbuster:6321,claimbuster,1211edc105f607e880532970b658916a97e783bf3cb01f86a6dc0974337aefd6,0,0.38996202,0
claimbuster:14396,claimbuster,7875bf850595e2d2ed3376fd8e7aa5cb31e47ce48000d5c43129c97857eea70a,1,0.9937994,1
claimbuster:32721,claimbuster,52f7ea57a1fb095e7250895b17fb1586cf736277b53b2615a69e3a6931762f68,0,0.028772414,0
claimbuster:25350,claimbuster,6cb3514c7d504325197484b6e601aec407cccb5767dcae986425471dbc5a2531,1,0.9936407,1
claimbuster:18104,claimbuster,c5aed6cb0809c95320e9e358d0b93ea95c9aeac36407aa585b8f52ef7d5f8fd1,1,0.99653804,1
claimbuster:34079,claimbuster,8472ace086e852cfe8cf42c540709a359049783cdec6a9631901de1803ed6857,0,0.018077794,0
claimbuster:20112,claimbuster,955bd2bfa17651a7fa25f5a15f4c4361f36dad512592e8e050d5903887b8df06,0,0.9775173,1
claimbuster:15463,claimbuster,0136eb61acbd5dfa9dd6746bf9e9f9f51b26bb3fcc323fb2c6a525a636701a51,1,0.99736136,1
claimbuster:15588,claimbuster,77d56092e2b1f90942b57302e0573414ad6710b84f9d31e6bbce781628b2af4c,0,0.031384315,0
claimbuster:15237,claimbuster,b433577139b14cdfcd76fc38fb7732cdab18695d862040d551c229d8385acc7d,1,0.9972825,1
claimbuster:1457,claimbuster,d6ec9165ee4ce97d86757ededc45f460cdea2c40133523d78f465b903f01d6d4,1,0.99612963,1
claimbuster:27236,claimbuster,0877e7d5c0435698786c96918fef09b948150308eea6737cb63bdb2a185e6799,0,0.0321041,0
claimbuster:18437,claimbuster,3b7336a509cf79e163a6cc3824312492b0b6bde826372540b74826627964acd5,0,0.835883,1
claimbuster:16038,claimbuster,91b611f3a60c6923c3a0c264309d4a3fafc6fe75e4d6663ba67696a792c8c193,0,0.08975066,0
claimbuster:17199,claimbuster,fc2786c46bf67dec3bfb69058750abf1e432e2a427576dbab75cc64cb700af8b,1,0.99396,1
claimbuster:12599,claimbuster,60acddc30997971eaaac9f25122878eebb9c16003356aa232132fce68a4fa0f9,1,0.99511117,1
claimbuster:9214,claimbuster,671aa3783f2be9fb9d5137d3381091c55cb89071f4bb721062722041be7ab530,1,0.9959876,1
claimbuster:7082,claimbuster,77614f2a015e53c2412f50ca263e7a790605d7855730de479bc4fec93e2beb43,0,0.017933985,0
claimbuster:17776,claimbuster,1d74cd6f611cc52adaaea21d827d4040da843c3490ba782bbef9a72f47e15f02,0,0.9838488,1
claimbuster:10743,claimbuster,7a743395345dbc5e456cc0c4e22809c4dcb04deabaac1d335354a64a6c475569,0,0.09342738,0
claimbuster:16631,claimbuster,8a0d6f8ee70e19ea1225f5166280391dc9e7d2f55c0b9d10974c40f20ac1b530,1,0.99652976,1
claimbuster:26116,claimbuster,ee1c80462b7ee04ce9c7c51dd32206fe9ab524688eaeaa59f9108a3c2ce6880c,0,0.2276422,0
claimbuster:15165,claimbuster,343cb8bd289be971c40057d6001166ea488e85fef7f848a845780a4c59847ecb,0,0.79978824,1
claimbuster:23838,claimbuster,0cfa9184d4e48a570d2e32efacae9c72d1e25b328ab8420f99533bb074d5d21a,0,0.02298955,0
claimbuster:17895,claimbuster,30060b98fa41ffa6f2e7346ccb3629f62dfcd80d7f4e033582c5b337c6b75c96,0,0.019419158,0
claimbuster:25219,claimbuster,a3a297f7efdd85fa6b0e8b0b0a3f3d7e8bae8d2312680fd977254dfc5f143f79,1,0.9944999,1
claimbuster:18262,claimbuster,4eb5ad1f8cdb7b476bab765cb2b5cbda7ef8161dd902868a3b347bc2c91f51d1,0,0.34267485,0
claimbuster:16671,claimbuster,9864e94aa5199f091af3ba2c6b78b33ec30048219c4b2d7d51aaa3666e8cd257,1,0.9971476,1
claimbuster:2727,claimbuster,aafeb8c4c032ddbb95f2dc69ef8c5d5504dc44ef336b5864724792d223a3eddd,0,0.6678323,1
claimbuster:20109,claimbuster,c4cbe39e1eb67f454f1f1dd15b18f8db00c33d2c5ddf9da935fc64e6d38844d4,1,0.54718363,1
claimbuster:18614,claimbuster,95b7b7a94261d36a0c760088e51eb949ec94a75174ec82f9dcc2f3041a299b89,0,0.015883122,0
claimbuster:25530,claimbuster,1c2b0fcf8e2c503fe214a0631e7b30b20a417a98b971e83b709564ea13733c15,0,0.031149305,0
claimbuster:26025,claimbuster,423d1ecf00ffaa2f7a69cd198ee1d23037bc733d51e7b548daa59211a08574e5,1,0.9965244,1
claimbuster:33162,claimbuster,0eba328e171b2934333437f58c56c570748db81950392871b6fb965fee29f34c,0,0.34704843,0
claimbuster:3148,claimbuster,db9e8f3fc0337b6eb9aa0e6726b7e21bcfab23dcba3d27ebe984ba86791b3818,0,0.031648695,0
claimbuster:13513,claimbuster,e7baa8f968f6137caf876785247ed268ae18e8be1ce8f5780cb268adbdb23d4c,1,0.9958897,1
claimbuster:16481,claimbuster,85a8bea2af2c997556a494d00e5c6f992d4cb317640b38532674c2554b1131db,0,0.64315766,1
claimbuster:13419,claimbuster,2759ebea39642d81a42f638563340ac2d20e99b30fa9e804a0321a74104705ff,1,0.99448365,1
claimbuster:3286,claimbuster,00775df5d9ca4b2a84af28c479b637117eac43dc2f751e6be298c3d8473e3af4,0,0.9845711,1
claimbuster:28356,claimbuster,a6172b9e3fdf4f6fe713f14513ee1b2692f145316a5b8c2401f0ac1702d4e5e1,0,0.9924257,1
claimbuster:7340,claimbuster,7c163f141a734a6391ec973cbdf4340650176877270ca2e2748dbc5a15286739,0,0.03465071,0
claimbuster:13927,claimbuster,65ba17c2ad28d3148cd923d3d6c61bd758c7be0fae3702a1f10be78bc94b2c51,0,0.01939464,0
claimbuster:16005,claimbuster,56f8648a6b256ee28c8931ad966e1da5e398051bd8dadc64dd65b62d251edb6f,0,0.033024818,0
claimbuster:29969,claimbuster,309aa425de8123119ef7da4d82170d51ceda99224d103fcfff156cc2a8f76e14,0,0.7624664,1
claimbuster:3307,claimbuster,eacc4333c7d5d9a5a19cda5f83417e076a3fc0a7a0f4b9daa1c506b7347d2299,0,0.044647515,0
claimbuster:15989,claimbuster,e5c0559167280c281df78ba8b99f3c1725b24ffd44629472ff21d5bdf0b46aa4,0,0.9634746,1
claimbuster:23829,claimbuster,331e75932908a54a91ee014bc73b3d32b960ae9a544936c5b9ded2d461cc445d,0,0.43077826,0
claimbuster:24730,claimbuster,77ecb6bd2e778d29927d569b80047beeee6625d524e1a8e6904aa9c05cfb5129,0,0.027179455,0
claimbuster:27217,claimbuster,6736c12302babe82e1afb5d38e3b3e45fb664e341606164e9b860edf5294e6e5,0,0.048709754,0
claimbuster:10159,claimbuster,b33bf526f8f7d028eb6072486bbf9c62576a043bef68bcd06a6ea16b61654083,0,0.98028576,1
claimbuster:22188,claimbuster,e4e6091991543351e4102032a1c435c2583e8272a751731161cf70fa35c03af8,1,0.76642,1
claimbuster:17111,claimbuster,bdec847bb8e26818e7d07fce4ff5acd54ac9a655ea1978882fd7ecba446c4d1d,0,0.012334114,0
claimbuster:20084,claimbuster,bcfde6d26c72b50392567b1b66bd2a02ff256049a804208dfcd05886345cf2bd,0,0.019189397,0
claimbuster:23295,claimbuster,1f33815019c801e44c154a9e379607025371a24ea08ed301d2dd0fb1788d6628,1,0.99728537,1
claimbuster:28252,claimbuster,e29462924e0fa09014b637143ad6f364493107b07480ef820e63a467b6826cff,1,0.9961261,1
claimbuster:1547,claimbuster,62821139810d79e56d7c8581ac7dbd86293db9e95fc3f07e968641e0c26e380b,0,0.9933202,1
claimbuster:22107,claimbuster,839fc766c459b55eaf3b26ed3840aa6114c0aa02084058e9f3fcf184bd09bf48,0,0.04157024,0
claimbuster:13090,claimbuster,74d7a832df09183e248e59c336802e1254d773a4d811222c8741d8ddab005095,0,0.073405266,0
claimbuster:17490,claimbuster,1bddce15711c976e8df5cd2cef0a0470a480917d48bf89978c7c30a0f741f7f5,0,0.017050238,0
claimbuster:24813,claimbuster,7f503f737315b4f71df4c43a3ceb0dfa47b0d1636f5e5c087a9a6e899fb2674c,0,0.04537547,0
claimbuster:20957,claimbuster,1f712ddc91e415598e2c99ce69702ec2ff578cee71811f21cef7fa8a2f4c3b52,1,0.99368614,1
claimbuster:1962,claimbuster,3886e54b3ff86d89eeeb8f2c8c4e588312cc61d3eb2406e03e97cd5d3355d769,0,0.08912989,0
claimbuster:2876,claimbuster,926a76040ea31b2fc55d2cf0c202b9b6ea74bebf69a6e3e31bd4889f74ac6f0a,0,0.93485236,1
claimbuster:5838,claimbuster,298206965a534705ea9d63369d429969acb55a232f8e61f26c44d42f774b5a3e,0,0.9767942,1
claimbuster:17803,claimbuster,ee260ade064ce980bbcd360e646e9d54894574e211d7949476af8d82147c0def,0,0.02558909,0
claimbuster:16992,claimbuster,93143143d4c90f57c4c4d1f51494caeceb2d79e0e4f5b273355e47d4154a9f7a,0,0.119076096,0
claimbuster:30126,claimbuster,2ad32ca7d976805e04cd200e5e39e3035a267e533b0459f16b647f2985999c2f,0,0.032317363,0
claimbuster:24085,claimbuster,dddf6264a8d9fc3c277d551419b5e2a6de13d77010254587dd3019fa08441803,0,0.0185525,0
claimbuster:8705,claimbuster,8954b616b3533e1ec5e32f87b4926442d13815b95571a424390876fbb85895b1,0,0.98668355,1
claimbuster:17802,claimbuster,6cbe09eb73ee19109632fb23b0ab39a1cc499f227247caa8d91e3512d26ebcb3,1,0.99474937,1
claimbuster:10975,claimbuster,ad83a5301fbf0f6a2d977db5eb07bd428537d2365ee946bb51839ebd94241d34,0,0.9537148,1
claimbuster:22143,claimbuster,2e98a6a065e901315a8e002a6bb0f43044d298937867c7d3f90bf9961984d848,0,0.37484488,0
claimbuster:24258,claimbuster,8a4e18291467f69fed67a4f91926aaafbf53c9906e574a0ccab1109792f9bc40,0,0.059686042,0
claimbuster:8026,claimbuster,b4614a231826e0844fd087f9bdd10b6a2ddd98a9f685df55eb2d450616a3fdf8,0,0.01880201,0
claimbuster:7619,claimbuster,ac32d29844f0e2b604215263e80baca8ed82edef674c13bac437b2f31d86d7da,1,0.9962763,1
claimbuster:4399,claimbuster,492302f7ea094cbb080af1adfd904d34f8d25724895300b1299b8925dae256e4,0,0.01768702,0
claimbuster:8534,claimbuster,23a53f0c59fae54b1e78d99faef5371f6be05792165327c1c68921ec3b308dfd,0,0.023932112,0
claimbuster:16927,claimbuster,daf701555bbd59bc0094390528fc24a6d2b3a90e1587504992c03026b70019bc,0,0.026421817,0
claimbuster:24250,claimbuster,7fe1e2feed2b52dfe7a680e9dac9e8ad2c8e889abc4031ee03189e729c1f115f,0,0.9894565,1
claimbuster:2701,claimbuster,dd6d1e687a37fb344b5e05185ab5c59dff19009b6e3f8e030e27cd518c9018fb,0,0.9903015,1
claimbuster:2847,claimbuster,19c3065cb3d165fd9bab7a553fc1829151aaf11faeef4e3a8c2f1654dd4789be,1,0.9959073,1
claimbuster:13350,claimbuster,00e09ef419e966a6f64fca8195f717e708830146e9f114fe9abfbfdbed24fc63,0,0.017915374,0
claimbuster:28452,claimbuster,809c7c9d490f86a823c8d76cc135d691841598275f919e4373ce9e244b91516f,0,0.020226568,0
claimbuster:18740,claimbuster,2d9d1532624883c32283b1df2bdd5d30c6a326975c58c7e94729e702ec1da304,0,0.0185756,0
claimbuster:18498,claimbuster,330a1d6cd65a524145ad3da0e45d09908eca5321d8d7deaf2a53d31e21cb4338,0,0.9417392,1
claimbuster:7031,claimbuster,88a64cb33829d61ab25cdb97b5557bccf8ef311a91488fe30f822bdf86392127,1,0.99622005,1
claimbuster:14084,claimbuster,03e32796fcd4e44e1648bcde9307d0e75a0159fa66d5e17dd5b5a5fd2975b761,1,0.98870707,1
claimbuster:5815,claimbuster,708f27f8747335523e1b4882e099f493c17878c29def08518ed49782767ea25c,0,0.039498925,0
claimbuster:22147,claimbuster,e4209811be2ddef4d4b9770c94a028297cbb9c0849212d93fa17494f6e00d4ad,0,0.03228587,0
claimbuster:2172,claimbuster,f47c76a6e341ff7c1f61bee38f9dfb34ad15db769926f59b4c6cdad35699046b,1,0.9952825,1
claimbuster:840,claimbuster,e1f9eb68087a950f2c67809563ced423dc9537e23d9ab0dca980960bb0b3b577,0,0.4711933,0
claimbuster:12139,claimbuster,71512a6d618ea9083005100e0d70eee64c41ab39460ffb4c00bad83e9790b304,0,0.9350427,1
claimbuster:15636,claimbuster,cd53ea24b28659ea0d25b74adcb1c9ad7c29ec85198e2835f24ba9f421e40c7e,1,0.94965476,1
claimbuster:8163,claimbuster,eeaf41a9a208d20fa0cf84606ea6a18304dd3b5db5b3b3a44b1a47b7aa30b251,0,0.029362269,0
claimbuster:22191,claimbuster,6ffbb4d821e89318728f1e4f4415a6dbc55a35c3edb703931f1dd77237dc02e6,0,0.96656847,1
claimbuster:5527,claimbuster,ed590cc1bdbdf00469d8a1ed1a7948da9651e327e5e08ed7da5ce756c4cd6c2c,0,0.12603743,0
claimbuster:16570,claimbuster,0d97ca19fd7831428fda6c17386a4d5fadba985668e1b0480b4b67a6e4ccd526,0,0.01839518,0
claimbuster:17859,claimbuster,38567e4c97a0399a8fe48fb8a95c9842b13517999679d10d59310ed17ff17211,1,0.99757487,1
claimbuster:29275,claimbuster,20cc259182ef8c79144884ea875dfd30b62bf88a401c2ceaf22013a69a80c09a,0,0.019639846,0
claimbuster:17619,claimbuster,efee99e01aa5126fa7115d7002c92dabca62aeaee20c684f4bf4af5c1781e051,0,0.02246079,0
claimbuster:17309,claimbuster,bb44a2dbd37289a862a533b94bdef57aeb61813338e0fbe99053719ecdf01410,0,0.044848826,0
claimbuster:15120,claimbuster,f6405cb646c2e6509e003d2ecdf7020194dc05e224a9d2b7934aaffa84bcf4f9,0,0.9597928,1
claimbuster:23850,claimbuster,d727c1e1daa9f6bef1c4accdd5fa56f9053e798d2aa1e0c7dd7c5e4facd8ba9a,0,0.02647612,0
claimbuster:22721,claimbuster,f705b082d241381f5dab8a510087f0baff4f060857cdbcfa9e7eb6a375f53436,0,0.29437208,0
claimbuster:21588,claimbuster,6692bf1608797d3ba633d0b1f5a03840bb67c61c8f40e8422e7510f36bffb305,0,0.020395214,0
claimbuster:30073,claimbuster,d88c861a88e09e96dba520005a09dfc8cd68e6c94dae49db65e61ee20dbe822c,0,0.9946367,1
claimbuster:10665,claimbuster,3e7e363baf675da433b1f0e10e25d9c8dc6334d8ca614d4cd392ab4ad03ab9b1,0,0.5361049,1
claimbuster:14429,claimbuster,149ced881fc04b574b6620fb07a4b210befa21f69bd946e9a4fbdc64f4113e38,1,0.9945468,1
claimbuster:25526,claimbuster,72bf1cbcba8e6e85ae8a94f4c3e542287975b4c28b5e9630a8596e4294ba1621,1,0.9964109,1
claimbuster:6327,claimbuster,099f95e719805a80482959078d504ffc9693b1804031d3f836553d913391ca97,0,0.80649203,1
claimbuster:26731,claimbuster,d8a2bf0f10f7813853071cd7e2fc0cf856fdbd6464ebd0ce20ac513ec35abb91,0,0.6421691,1
claimbuster:19950,claimbuster,506e253f2ee53465dbff705ebadd1e0f01205757e5623fd23e5225b15f4b9588,1,0.99591655,1
claimbuster:450,claimbuster,6968f3b9bdbfc49c909bc3aabe027a3067e42ab37d90ed16b204f9ef92a68e8b,0,0.1300161,0
claimbuster:6251,claimbuster,c6d08e8cc30096cade0b761f09d2851c3a4b2d05dbd548f8cacdb5df7d6aafee,0,0.83459777,1
claimbuster:21774,claimbuster,fe5dc938a5b6baac521b62fc9b1fc9484b58c84b72df545e45ca56996e09c9f0,0,0.13050535,0
claimbuster:19098,claimbuster,3f3d67cdd6f0b59e1f5ba9fdf21bbff73cd7d3aced6d7d5a94ebf22adc40d545,1,0.9966307,1
claimbuster:23202,claimbuster,db39e251c26dcaf1ad7123353e06108f1b14b6690445dae2fdf76c9783b05304,0,0.6962632,1
claimbuster:29646,claimbuster,de8303b77fbe0c4c16e80e9d04bde203208e76edd1b592d9a95927a768f2e51a,1,0.99420136,1
claimbuster:6586,claimbuster,4b97498f19cf2624ad8b2b75fd475fd3a111ebc9bad0204ffae17bfaadd8beaa,0,0.16098006,0
claimbuster:362,claimbuster,6f47bf116e7628be6f88af0907d60d21be977490e7acfa833e2a5f23a88e3a2f,0,0.7774092,1
claimbuster:8436,claimbuster,68419466a6780ada5ca042b122c9e48a5e217a1094c2d241baf575f218f0972f,0,0.45240575,0
claimbuster:2174,claimbuster,c21f0a135c5bf16e7c6567d16cfe7d299e419e43c80a83ae757bc2d522ba142d,1,0.9965563,1
claimbuster:1931,claimbuster,40bf8911cf90263f632f3f391045d4e64d492686a6ec239d128d674c75eba944,0,0.41857925,0
claimbuster:19976,claimbuster,264fea90b6be07fa2607e5d24395e9c0bc72e919dcded0c4376ece2ee72269bc,0,0.05335383,0
claimbuster:1302,claimbuster,34bfc54fa74d65154be254720a28280486cfaa7145d4a74748ab3c6c8e64ba13,0,0.054073352,0
claimbuster:9130,claimbuster,68746d5e47d9b5d6a7d972f6b91bb062ca1a318b60fbd3abd1cd7cdfcfe0191f,0,0.9170069,1
claimbuster:16918,claimbuster,1d58105713546d2468a5fe82dfe80748c45e2d44c3acda8bb83ca83d60dad60f,1,0.99595803,1
claimbuster:3229,claimbuster,fa3d853814bbaecb1b4cda5fca6f25186e3920837af948b067cf666ea0fffc94,0,0.99016285,1
claimbuster:1539,claimbuster,f6b9541873e7df54787c8bf3dca64ac255508124ac75eef48f9164d4230cdf1b,0,0.8079452,1
claimbuster:2695,claimbuster,7f0f85a643bbd3e368a13344af5a996e99bf0450f75b8654ef04bb7046c979c9,0,0.24734133,0
claimbuster:1602,claimbuster,b3010cd34b9f84226a8ad23ee695e73809d2e342f0cd28928087e9cbea40fda7,0,0.0119490335,0
claimbuster:24649,claimbuster,f86ee1592fabcc8e0390b6fe290dfa7970b6340f7ef0acb118087ec4e91a105e,0,0.90630114,1
claimbuster:3231,claimbuster,a818d5301b323732efe8ce65e7fd7f70d9ec6542c4b44000bffd92f0b97ca070,0,0.045204315,0
claimbuster:12808,claimbuster,438f0648f60f9f1d1785f0a857e37b94bc2c8ad9190e7e5981eb2685e1d3de63,0,0.018403564,0
claimbuster:17451,claimbuster,15664bbd6ecb43dc6d653ffc3c78a3d449223e7cd299908c9f6141ccbd350f2c,1,0.99026185,1
claimbuster:10875,claimbuster,62a69565156a9f5945a75597a7c5336fe7464e661d56e7cffa389f94da4a9b3f,1,0.60147315,1
claimbuster:11677,claimbuster,b67a585efec19d6a29798e079ff38443fb13beab33d1ed95e1e866bd0e4b8fd6,0,0.03676619,0
claimbuster:6298,claimbuster,74989a36ebaf8723536324f23f46e2c408f112ccdc5e1cbcb1313f6d0a37f2b6,0,0.97324103,1
claimbuster:3363,claimbuster,518acdb1bc9af0905b66e8929da7e80a97aa9a8e3fbe42f039ad69a8e2eb4119,0,0.016144063,0
claimbuster:17284,claimbuster,9717b62f2aa575532066422bcde72c95557320a4c5d1a5e6dacda3fb08b921be,0,0.035002254,0
claimbuster:6587,claimbuster,c62e5e8d9e4563ad932b48528227f5d90d24569f5254bef5a6e1731a179c5c9d,0,0.9310545,1
claimbuster:24859,claimbuster,c18015e7cafd19a16dbc305b3e9708eb0193e81c71ccf7b09f268a4feeefceae,0,0.018745685,0
claimbuster:7704,claimbuster,72180c1eceb8eab780ba673b39c702c0b80d21c4b1b89507e0b9f755a857b5ab,0,0.03367427,0
claimbuster:19623,claimbuster,efb8097eb15e3805b2e56d0283de971dedecd5ade5e58a692d85ff31c3485c56,0,0.01461797,0
claimbuster:22272,claimbuster,bf6b3841dc46a0f65188fbc07a6042a7f1151f7c91636adc3af0a2a2eca259d6,0,0.1467237,0
claimbuster:7307,claimbuster,787f53bfb6d28b271907b1eb02513cbc32e19c3ff0f565ac0e64c80fac8f80ec,0,0.018443033,0
claimbuster:17907,claimbuster,b87715352fbbed8b1dbe2bb5fb6ce986f923535e1b025004ce2e45fbe09c8348,0,0.014859299,0
claimbuster:798,claimbuster,2bb35f0fe00342576067cd9537677c57164194bb9919a7298509bcae396cf921,0,0.016810298,0
claimbuster:29440,claimbuster,7b8ec01b10d442fe8aaf2216e40be67c25adc41a6970c1ecb85edc4af49711b6,1,0.9406921,1
claimbuster:24987,claimbuster,5f8041b59cdec0f2477d7cc9d0ce666dad3fd434f3f850ddca3256e42c469230,0,0.017679907,0
claimbuster:28557,claimbuster,d1499b9c20cd8a329a03da8fe658514a83407d7f045fe13976822dcbff6d5dd3,1,0.9948891,1
claimbuster:14949,claimbuster,688d992af84b4ac895a851685bd5e173fa3fa075de5c14bdf329247cb1a1b8d8,0,0.5969592,1
claimbuster:4042,claimbuster,06601bf669270caa899cc7504fee9dc9899cf2f65d05bdfed9f4713c18ad4182,0,0.035837617,0
claimbuster:24405,claimbuster,f939527ee3c437a235048505f3b15197b87e678e8b1af8658e6634dffe7f8271,0,0.034153346,0
claimbuster:23314,claimbuster,635addd210e476064ac29a02f24fcc954ee9bb57b40c3315f02a77bd0116e4ec,1,0.9952427,1
claimbuster:25147,claimbuster,ddb78d07412d57743a6b2ee4581cf5ca21321a2d393006b3c5d8ac32063618d0,1,0.99515545,1
claimbuster:2862,claimbuster,5c14d08c03d72c5a89342326d6c525fa3d00859e56728264fba408031be82044,0,0.027907183,0
claimbuster:34335,claimbuster,e1d80238a7eb096f954f66bce9ec86e829aa5f86ffa03445ec066491e15e6e97,0,0.21594998,0
claimbuster:18717,claimbuster,b107aa208999077f82a60ca04a5f295ba3a649a1bc95d8f43c046134b774c8ab,0,0.020749085,0
claimbuster:29846,claimbuster,aa73fff4f8d9128fb2aadd482f34acf25767e4f78f53b6af0bedcf94db90cc64,0,0.022633376,0
claimbuster:12167,claimbuster,eda4d033a9711637ec685dec56fba854b2a41e010f31d79995e818b5705684d6,1,0.99246854,1
claimbuster:596,claimbuster,51a42593cea11ee7aea1fc23173b48591f3e25cb68be5bdfa99ddce039496c39,1,0.99239266,1
claimbuster:19882,claimbuster,d5aa6eecdcb039680d593fbfc3d75480d9778cf8dc16c7d91169974436621edb,0,0.81888515,1
claimbuster:18410,claimbuster,4f58d3324c7ab6dbea32a1c343190206287aba5f95b9c05b3475551fd36f5e77,0,0.035274435,0
claimbuster:8823,claimbuster,bd08c474c8a83da254461117637d5533bb05ffba93ea92a5f09b1ce6e4f5c440,1,0.99659723,1
claimbuster:16059,claimbuster,88fd28883ed7ba274f92a03f94674d7ea8911e024896dc54bf8b0a440be7fe3c,0,0.048654832,0
claimbuster:11746,claimbuster,27e3aeb81ea2dd9979641585f2f3b1f21b834c8053f7c554f3d0af9a4fc7a51c,0,0.01487036,0
claimbuster:6055,claimbuster,f950058dfa51cde4e107fcc98fbe13428a1bace8cb2087175d0e84382bd3cbbb,0,0.23539452,0
claimbuster:10609,claimbuster,0801372ee570c0ab28f27268952817ef63b50c547286c115f91351d7ba75f53b,1,0.99700314,1
claimbuster:25399,claimbuster,3e5b50557d51f5c72082b2857c3e3b73453c5a4e455f987a70fe97962fd7f2ef,0,0.27047017,0
claimbuster:7773,claimbuster,e5ec3bdf8d69a9bc4f9ae17163bfcc4a5a1b1b5f84328810e08f08e7b8ae6bd6,1,0.99295336,1
claimbuster:15773,claimbuster,c3496fc9b5e490f65b691fd4f26289f4f9943a52a621a7c836d2aff12a916de4,1,0.9962453,1
claimbuster:12894,claimbuster,e2f0c2773e9eebebd1228982c8616220822a766acc7a72d598ee4cc571dde58f,0,0.031357545,0
claimbuster:17772,claimbuster,2b81596a4aa09d3135441033bf4f7e3a9c42ecfff0fc999173158c8ff1bba51f,0,0.08826466,0
claimbuster:16195,claimbuster,91c1548e74788389e82975021206ed5cc8ce83561f068f91b358f16be6d67f01,0,0.017158093,0
claimbuster:18848,claimbuster,35156d8ccbd91c96f0a72e21da5fe9bee4e0589d6d2d8c803fc8570113d5598b,0,0.03468785,0
claimbuster:2077,claimbuster,169b180a092b298b3270ebe19c45a48e3c47d4f15ca66cb4351f74782b9ada17,1,0.9950917,1
claimbuster:15870,claimbuster,f6401cec63cf446834738ebcddd9a5cc6bc6184c53f4531073460c2fd65eb366,0,0.023524597,0
claimbuster:28507,claimbuster,721fe07fa8da0dfd81e24b630c32e7189aa103870cd3ec4a8203d84543e94774,0,0.057395786,0
claimbuster:21962,claimbuster,811dac3f3c32070f966cc135daa34dcedd7d785b749bcc22138c69ee43fbf903,0,0.18781857,0
claimbuster:22307,claimbuster,1aff36626e0ad6ead0bf55be24e8f55ec6c2b6ef38fb5733a81fa9743492e6a4,0,0.023908943,0
claimbuster:23970,claimbuster,dcb4798b046e7d0ed38beb3afa857971ec5e267194575e5d5f15176309ea7637,0,0.99160856,1
claimbuster:2990,claimbuster,a63c0527e7122deb7b42468795be7fca6fc781396760612ca730ce9bb60648ab,0,0.37908652,0
claimbuster:10713,claimbuster,fcc02037db1c81184d16e35ff391f7b3fa72aa740486ba6eb39e92eb3acd0211,0,0.013845094,0
claimbuster:19791,claimbuster,a7cc4eda5333bc163d9abd7f51ac4c1a02381a66573584177a73a7fe5b8d97ad,0,0.48448324,0
claimbuster:7083,claimbuster,b38aadb59fbaa369398b88e6ac8e444414e4d91557e62eb7616583a2274e012e,0,0.110819854,0
claimbuster:14707,claimbuster,a30af01b0761a893cfb5a602a4009598f80fa617251fee66dab645c23c5989fd,0,0.014976517,0
claimbuster:17403,claimbuster,2029ce2fda4feada5085871fccb3e83e5d832382ff74a6d63e96ee363101e706,0,0.5174656,1
claimbuster:28186,claimbuster,ce272588046f6b64f8ecf1397a96c68c7fcabf6319cb4470cba5a397130a3159,0,0.025464272,0
claimbuster:2841,claimbuster,00689c1572fc7a7bb257e6bd48fc31e9bcec7ce2e872baa71794e43596156503,0,0.031004686,0
claimbuster:15446,claimbuster,fb4e98494f531554a2d387882cdf281192c530781511f1249748492e985a1740,0,0.85759497,1
claimbuster:13935,claimbuster,7e5fabbc47a59ea064c3ac88f7c06d43a01352ec3b4444871d0e8a397702e7e2,0,0.031825956,0
claimbuster:3146,claimbuster,aa6f7430ade38481e366959316bb057e89c8362c9b0d9a23e9a747970344e30c,1,0.9938719,1
claimbuster:19508,claimbuster,8f090e09c998672f56a5f9998e5c1b4e85689d9ae2fc1e96e0c69f5154711cec,0,0.9853536,1
claimbuster:24320,claimbuster,35a1cdd3a4ac26e81f0825671485f9e62fcddb6edcad501baf23924d4da87d71,1,0.9963972,1
claimbuster:25417,claimbuster,7594842b43cf82279ff2678b9e1e2b0229282df2facddc8dc79fff97815604d9,0,0.022694586,0
claimbuster:18071,claimbuster,0d6f40edbde4c8a35b7283a4f8554c9c548feec38a4471b578114c8422ba7a90,0,0.21609555,0
claimbuster:17379,claimbuster,084fda0956ac85159e6563ac4ac84c29a73768f806cc0b81865eb7eed89fe74a,0,0.027172092,0
claimbuster:23087,claimbuster,d2d234335d99a174586c92cba81265eaec880dcbb6730accb3dd8d1e74cba38c,1,0.9923586,1
claimbuster:31983,claimbuster,2d355b206daba617936d45a1576af1d5d090e72fa4ae8499f81e43c4114eceb2,0,0.038710088,0
claimbuster:9464,claimbuster,ce05adc0f5fd854da116568e3ca51946e16b9808cd603ba877ee7842401ba0f8,1,0.99738497,1
claimbuster:13427,claimbuster,205321792fa69450cf72a9851a4490bc98a4fab76bd8b3008dee8390eb928c4d,1,0.9973139,1
claimbuster:19353,claimbuster,26f4097b22ed873d880e4af1fc6401afbc6337fc5dcb9ca60ffb321be69d9047,1,0.9878884,1
claimbuster:1751,claimbuster,d9236806c85202791faa5b266563aaf9c1b7950202e24ccaa1975dbb782aa3a5,0,0.12239342,0
claimbuster:8161,claimbuster,5b6c53657ab355c1103242633a846cea35d3bf5292ae0738015aefda4caa493b,0,0.08546603,0
claimbuster:6931,claimbuster,746333d7274a975550e2f0db36c4930d42ed7651738735f02c26806aa5181a44,0,0.014181804,0
claimbuster:27127,claimbuster,b4585cdd51a6cfbd87db59427b6633c45db2a73a6af84facab82c560f1a5a598,0,0.96984136,1
claimbuster:719,claimbuster,34af0f76c0c908ad7bc22a3ddcacd7a1a5886d849d867e72debb054bffeafdf2,0,0.20637852,0
claimbuster:32372,claimbuster,feefdb788d54ecf30779b8c220c9024d7e160e7c0b087dd8d2b25ba7ace5e631,0,0.031034041,0
claimbuster:27872,claimbuster,39d8f118b9bab51be51d873ea2f3420bfcb73adfdc1e23dd43baa40424e54c5a,0,0.089907885,0
claimbuster:22700,claimbuster,0150f37ace10c810199850adc0b39e958e410fb0dad3cc2b4146c72cd89b202c,0,0.99420714,1
claimbuster:30424,claimbuster,57f110f9b63cfafe658a7121b2e07b23a94aa8ac514436895ddfdb86a9d3020c,0,0.046814654,0
claimbuster:25126,claimbuster,8878635a4340779f1b02b4e5d56487ec3a640e4bf250bdc0e41501e5ca8b0380,1,0.989233,1
claimbuster:816,claimbuster,2997af1c50f78fd3c5008f7c96d9cf63898a3a0319b9300305d21c2b64cc17df,0,0.018009538,0
claimbuster:1305,claimbuster,1a93a2d7cc2832f89f1382dcfa6931382ef21cf91a3e980f5e11c37f9b2ec7ea,0,0.9463365,1
claimbuster:15638,claimbuster,a3a767b1f24e3715f2c9c49fdfdfcfec1d7c6d8f6a63276a3c4243536cc0f2a1,0,0.07268917,0
claimbuster:700,claimbuster,624409d6b8d9f2a29edb7ff2858c184797532f226d36da55424d2d4fffd1768c,0,0.6492279,1
claimbuster:793,claimbuster,89101bfd3d5b8b22a81220da03a40a5d366f492a8e9dc0ce5f06cc8997f58e28,0,0.03880304,0
claimbuster:6786,claimbuster,0aab83dbe275d7cdaeadee262b2388ad455e9976fdd1e3d1a63e2044d88537ee,1,0.95846945,1
claimbuster:29613,claimbuster,09530e663ed5361bdf261ae4250d604bab823cc67f486c16e6cd0ea718ff9dfb,0,0.9689368,1
claimbuster:5971,claimbuster,06933898cde2381fd6064b1fcc28dfecbaefc1fad15c6dde0d04a3c6c55d7e3f,0,0.92294306,1
claimbuster:22843,claimbuster,97bcff187b304ed218b719130bb67b9b3637419c2651a0d4dc6314859b5e7418,0,0.017528674,0
claimbuster:7706,claimbuster,dba4162ed2618f61b77f5fd07ea4dbcc98f3ea80e9cae5da7b4e5704660fb4a9,0,0.19778226,0
claimbuster:10513,claimbuster,58556a66b31606b73ab43ed0805d2c7ac065b0c52a0603af16fad3899281cd96,0,0.9952507,1
claimbuster:85,claimbuster,cb57a9d487fc6bf7833ef3eda57348373d61ae56a0d5ea2f8756c9c5f31517d0,0,0.2854362,0
claimbuster:22477,claimbuster,74dfa42a112205abcfdd5f86ecbc2fb93df9aa53edf60d1ffff66cadf86675eb,0,0.04827061,0
claimbuster:12938,claimbuster,7ffc62823511ed6f106b375a64cb87042f09f8f0e510a8fc46a13f0a306aef1a,1,0.063835144,0
claimbuster:3217,claimbuster,52e8aa571c26711488ea681acef920a3018442889e9bb3cb96e65d01b1a5b514,0,0.01367743,0
claimbuster:2723,claimbuster,d5fd021582572555716a62671ed2e1ddfc97ab55a949024f3ac235a7e7a1a486,0,0.013718183,0
claimbuster:15255,claimbuster,2714e6a09fb99c2063cea3d988d375b437e650d977ab9cb66ec2119144416487,1,0.9955505,1
claimbuster:7872,claimbuster,dac21b29ded15798a8cb7b9c8c0e5cbc5fa3b2c67e2c8ae44ff5515374aa3fc1,0,0.016681522,0
claimbuster:22941,claimbuster,7eb4cf8e3e6f802317e26dd8772daf5a677d2b79349af3b9c5e8af84892c23d2,1,0.99563533,1
claimbuster:14915,claimbuster,8ee970f9e8cde045c672da34d05221032da81ef9246e3ca961197bba4e0010f7,1,0.99659914,1
claimbuster:23047,claimbuster,742e6432a4d641b8634ddb856040b901bccb71443797401c4a5ab607557188ed,0,0.23761863,0
claimbuster:16528,claimbuster,272f386c5137ca423ec54a397cbad0f99aef69291741ac54bc315719e3d86d02,1,0.9949799,1
claimbuster:21784,claimbuster,7dae0dc5375debd39173253ce14305e24a2a7a30141c02c9663a301d7d0ebe95,0,0.02371218,0
claimbuster:1497,claimbuster,ddc6aea9614672df1964f64dbff62f69e823c8e5650ed0d1b80e9ab596211072,0,0.018329445,0
claimbuster:13417,claimbuster,0af0519ae1b84eee7f622bf8c0b963fef0a302420cd4a184aa5ab727f643be9c,1,0.9960227,1
claimbuster:15943,claimbuster,7633ff39bb718774121e7cd142096c69f98d614957f87ccab28ee534a98cffa2,0,0.48363134,0
claimbuster:3854,claimbuster,c86b29debfb5058a5028d38301d646675a06dd3280547501a6365daac0189621,0,0.24506098,0
claimbuster:8900,claimbuster,09789a88651da2c523db99f5d7a37a6bb66963bd945e28e55f07820176e7f6ae,1,0.9969476,1
claimbuster:634,claimbuster,29289d895c6e1a330dc251a80eab45c1094d07053e943816f7868cedb3f2e8c3,0,0.16040708,0
claimbuster:14683,claimbuster,91b0c9b7630e7511063a9a33a871944db511889e750989e51d9a15216b3c103c,1,0.99598527,1
claimbuster:31945,claimbuster,fbf4b64bb4e1eb0397cdc641f37257d8b3d6cac87e080cb9437c2d1d3d86eca4,0,0.043561302,0
claimbuster:22138,claimbuster,d5296de28e6c000b29164a650ff0c92905b9d248616641aa3e6483644ab0fab3,0,0.17614114,0
claimbuster:23055,claimbuster,da538c577e1b62cc46be9314ad57940df26cb44d06247eda9e148d5c2516f33d,0,0.09014314,0
claimbuster:15098,claimbuster,c19ff6cfd41fad1c70dc7894d32c583475052cabf38478e521c3115c9531179d,0,0.020668117,0
claimbuster:129,claimbuster,f90a0af730ff30e1e93e04be287fc6f8413a808681f687756fffa4da536d8d83,0,0.25032434,0
claimbuster:24864,claimbuster,8d84ceb0b7cff339dac831e2613bc7c0eae326904e8d4c6cd5ecfe00994651cf,0,0.030402502,0
claimbuster:29963,claimbuster,0ff72a4bb4e5623589640812827e39a7a68d084743dde533540d2ae4ffb3066f,0,0.03129973,0
claimbuster:33787,claimbuster,d7d29d8f3d2cf11a02a4faeca9a61f2cef4cab04c18c8397019aedbd826dc431,1,0.99717414,1
claimbuster:11299,claimbuster,97e71f77e1b1ba17b7758ecb602720bf05ba63f3f2873688da268908f4b16eac,0,0.06562843,0
claimbuster:10971,claimbuster,12f5e15bad2d69229206b318574aae163cbe2b39390c3bfa23a9492a1d1d4173,0,0.55798936,1
claimbuster:17587,claimbuster,91ce62e6df9cdbd9ce07ff7be2a843e1b765d2bad3a86df3fb4cc83e31aad6b7,1,0.9948608,1
claimbuster:29688,claimbuster,fdf3978fe1e1d344e21bd1f54a310505ae017589976250f0ee0c2b37338f4820,1,0.9397794,1
claimbuster:23721,claimbuster,153af9216a1f2a1c1b53815cb67fd358159fc7bec1bbe5009311be577b7c6670,0,0.40741813,0
claimbuster:12950,claimbuster,4a8783b67850212b4b2455c8fcb8a3c4382bfd0ec3b9932c8e5052425aefa007,0,0.46857333,0
claimbuster:12691,claimbuster,44864220f8388486c84774606c01f4b84af20326b42bb64f0203ea18a011e52b,0,0.017021399,0
claimbuster:23899,claimbuster,663d976360d35d3eab5f62b24de816a60e3e7b5c11d66e7b102053cb08fcdfaf,0,0.018067727,0
claimbuster:13713,claimbuster,f3600ef26ff72a5f97c5682ee76759215514bc4e43b0824a1d6938bef7fee381,1,0.9972861,1
claimbuster:16590,claimbuster,cf73fe5d4b8d7c14bc484c3382a0400af7f0676fd1a5ee02fc726d664f77a01c,1,0.9961915,1
claimbuster:24657,claimbuster,a44966fe0645d78f91c278770b3439f5ed16d3466d8d15252961a0a9e75fccec,0,0.99033046,1
claimbuster:25917,claimbuster,5f05ef930858fa5eb68ba3a0f2f173bc899321c5f851dafb1610cc151b82a3fd,0,0.0283139,0
claimbuster:8923,claimbuster,7ed5e7395a2bd07fb942d6ed79ba3dd93f1d4f04221b9af0affdbaec902544fd,0,0.24398306,0
claimbuster:10979,claimbuster,c042c8663e35d0e50ec379cd6541ead3b49115772de4f5a3a37e1905e722bd89,0,0.9860169,1
claimbuster:27956,claimbuster,47b4dfbb793fa41d57b196e5f17e3ecb56b4ed7524e29365739afe85785586e8,1,0.87626594,1
claimbuster:24702,claimbuster,8e95bc2ab2aa91c2ce1d4a1343e1e95b7e7b8e3e05b2a6de1ca45a86ee7722a6,0,0.9840432,1
claimbuster:7701,claimbuster,bcda9f00bbc063ae9d5ab77a2b6c684f0863cd4251794c3d6d86f1706d4156a1,0,0.1433006,0
claimbuster:24090,claimbuster,5634f4dd61436dc311916b83f462e4f5404c468b21f2ecc937fa14d603132093,0,0.14348473,0
claimbuster:12803,claimbuster,5cd259b619ffce820023b8937f1524dd9351d4a734b9cf67b9d1afc0ab19b4b2,0,0.0655575,0
claimbuster:8604,claimbuster,bfa8b9a5e75115ed7163c8c10271008e47ab3ccaffc44d7c7485534ac43268f5,0,0.9933381,1
claimbuster:3048,claimbuster,c3f524366b4201b85a01e497e34dca66de5936c66aac04893584157b4b024676,0,0.97560954,1
claimbuster:5874,claimbuster,82242f42efa8cdc71b77064670835631069261bfae86cc142e7675a8c3603b6f,1,0.9939704,1
claimbuster:30109,claimbuster,a83168074e1c94286d1a4848bd77bca33603cd321841ebccb5b4a55f9f281c8b,0,0.982163,1
claimbuster:16234,claimbuster,8a244220320867974ab55c224e52e9f7d96197f66c8b86436e05e9ef03328d83,0,0.11723062,0
claimbuster:7749,claimbuster,988fa23ea7a1202b43bb8b7df19136eb0d645834c685cadf94024f23e66356c0,1,0.9911873,1
claimbuster:11701,claimbuster,44a74e9de7b6747a276ae681fdab92a9d51a9648f1e4841e1b2f857807e6f518,0,0.08673076,0
claimbuster:1321,claimbuster,9d454e537c498177d1052577235b33c63479d45e68b23f17193fa9ba68b8e514,0,0.9579607,1
claimbuster:19846,claimbuster,2916d98fcd057cdcb715d2019e3a79be7d77b55cab4176d84329569520752526,0,0.40322563,0
claimbuster:4158,claimbuster,a23b94251a5aa22cac6820e1c9e488c2c65da3117d82897f15bd11c0b2f15fa8,0,0.62271476,1
claimbuster:16021,claimbuster,5a6e327a3e09adc0b5ba097f9f67d8dae56f4861e9154172572de5da512dbb31,1,0.99599314,1
claimbuster:8809,claimbuster,ce7d68ae2577e99edec00a065cb302f597dea4d7b4b51975e723c3f9f5568025,0,0.46595797,0
claimbuster:14852,claimbuster,d628466ac271fabe9b271106129b4fc215e08071a58d494060c71997d29c5898,0,0.3134134,0
claimbuster:12916,claimbuster,048f2265c128aa933166356697a800de422fac0b35b69f1415ef33e9bc6c65dc,0,0.10226596,0
claimbuster:24167,claimbuster,b8814a07d47a25a200275640294aa9aee354de1115d7f41eb12da7f83ab6e51f,1,0.9977628,1
claimbuster:5788,claimbuster,166ddf4c45f1d062d27aadc66377b8c6bbe10ae20d14cc8cffaf4b4ffd465a82,0,0.022882184,0
claimbuster:2893,claimbuster,a9d4f5d4e1be6344192119bfb17800d1e2d35c40975cb91b2f720b57d28576fa,0,0.94021326,1
claimbuster:4179,claimbuster,3ee47e936d47acbac0277c994799a9d5481a9bdf4f943ea8d25bd3a42a98ba9a,0,0.46646675,0
claimbuster:18364,claimbuster,a0a1036ead0fba4f421a8e172903a65d831eedd2d3bfef198432fd83b0cf60cf,0,0.03181627,0
claimbuster:7841,claimbuster,8c19683f776b3fa1473a722b803a6e148d02669cea2e2d767e8dccc5a473373f,1,0.99587566,1
claimbuster:745,claimbuster,4ef7e1094f39503ebc37878cd53eb787527f851bd2b3aabdfbf5a1f262f8698c,0,0.011977762,0
claimbuster:12986,claimbuster,8f544609a900296f26b5ecd97fbe1b78e64e9b6637b64c467901cf07ac7442ca,0,0.034127235,0
claimbuster:29278,claimbuster,aef99e3f35074cdc2d94231e1af1d61a5d5dd149f9d1f65a4b44b70dc39f98e3,1,0.8493394,1
claimbuster:13347,claimbuster,781561e65101dcd41bbae6c431a1642a5ba69fea41ccd269cce4c070abd87060,0,0.51230675,1
claimbuster:13327,claimbuster,074de5b821bbe79b2bf237f2b7de00f871d88ad0f9d49f004b594b28684f3539,0,0.016549025,0
claimbuster:2380,claimbuster,a79e640aeadd26ff5fee9a9680e4b7f503acee43288f3b6d79e0a67b5cc338b6,1,0.99599826,1
claimbuster:3158,claimbuster,29eb2ec4a8b9c94b538c3449066f8877b37d2de5f30b5cd7818d34217274a624,1,0.9963074,1
claimbuster:25854,claimbuster,b90c45fd3eb46089293a914d8ad794826da3f8d9b0d6a257c2f7e99f2be2b199,1,0.99544156,1
claimbuster:15176,claimbuster,db2db3af7d702f39c1ceec33dedf3a2640de80db90d5151ec96a9f17229601e6,0,0.8972087,1
claimbuster:5496,claimbuster,b5a3000776538b13b20bcc1017604c1a9293fb1a4554163ae4863b76290e9f7d,0,0.015072812,0
claimbuster:15991,claimbuster,4b12c457bcaaebb38fa1aedd6e61410c73704d06095a9f41ac71c2b1b8d98642,0,0.93363076,1
claimbuster:80,claimbuster,b4c03554c49a8587aa84ac351cfa5fc9f517e8b032fdce78c6cf4d687756b108,1,0.9973193,1
claimbuster:28801,claimbuster,6c4a6410974a054745625a9b233bd181c340d89f6c38672e67beba87736fd399,1,0.99581903,1
claimbuster:1610,claimbuster,29d31a1bd94490bbfe8d955cbccda571662a7b7580c874a72caf4b6c9d119d6f,0,0.016987843,0
claimbuster:2013,claimbuster,79e2d167b2292051d53c3e1ec5b5fdf17b4962e370274df8f7828b499c57a0c4,0,0.017349273,0
claimbuster:13253,claimbuster,976cd10fb1290e447b4468a8cabf66ee3c1a7993394b0992090fd878421cfc0f,0,0.9230757,1
claimbuster:12736,claimbuster,ba73ec914e2e614923ede1a545278712dc4df8c93cb59cd9632ab5ac28cedd7c,0,0.024602821,0
claimbuster:1413,claimbuster,f1e7246baa7b6e58361daef6749da73e58b47136d1ee6cf04e5e2eafd134980a,1,0.9583418,1
claimbuster:16754,claimbuster,cc10a4a83ec491b6a223192a144a3697dfc3ffc1e5394d4540cd601ff7f6b7b3,0,0.06555507,0
claimbuster:574,claimbuster,0940597b04816727515817c5f0eedfad2af3fbc334c138f7a3c2d8f15cceebe6,1,0.33898544,0
claimbuster:10629,claimbuster,18e40acac6bbacfb1a3b0e21b0d1f3d63ac11a28f8713f657d2dc722a4e2d298,1,0.9963819,1
claimbuster:7180,claimbuster,99535a1930ff391b4ebb3c7dbf1132f5ccc53bbe3f10ef40c0a1f0c2cb4f1c83,0,0.059058417,0
claimbuster:3004,claimbuster,5df78e8589b1bd03ecbf416860d0318a4caf3e4861df77feb9212d487c0b22e2,0,0.05104108,0
claimbuster:6562,claimbuster,c672906d82492efe5cc89b1d347ae43bed3caa8bef86a5da8597c014e4fc4c2f,0,0.10669303,0
claimbuster:14926,claimbuster,bf9a47d532aa5b4d2299a9a2f1b9b29aa057c18170f69e16233fcaa34eb96362,1,0.9971269,1
claimbuster:19421,claimbuster,80c6788543acca2c70ed432dd5035de902e81962dfd30c04d5996cfebeca62dc,0,0.18017158,0
claimbuster:15407,claimbuster,0fc80eb8329e7b5cdf8e844e4d2ec2538308454f14a8430c7289ee4682005390,0,0.04225333,0
claimbuster:7847,claimbuster,320cabeb2b59f96abebf884ff4bdfb317e175bedeb5ce04427977ab14e3da371,0,0.1644791,0
claimbuster:15440,claimbuster,1330e2d2dd0c1e4faa9a6654eb703e7de36d9b2414132496898f73d3a58f55a4,0,0.052909505,0
claimbuster:16865,claimbuster,edd8e718bce7298d52be2161ded56379c56d10dc92fd04153f56edd3dc0e4c99,1,0.9968471,1
claimbuster:19442,claimbuster,13b05950c13115d3c4d2ee47237a59c03d80417049be1f92b14dca33e321b50c,1,0.9972066,1
claimbuster:500,claimbuster,7371100edad5a3e0192e5e9c4bf64fd9e1a075d5caffda1d4e15d9e3e089db0c,0,0.028779041,0
claimbuster:24240,claimbuster,1d77270211a77fd2206db634e217100d3a1661640e1c18b3c282c773fd6571b0,0,0.021510858,0
claimbuster:17556,claimbuster,e288576afe5e76d0d3e59483c9dae994e99a3c0eeffcd8693ce40ca1aca37525,1,0.99597245,1
claimbuster:16088,claimbuster,93dba8fc4c6fdfda35fbad3623d7332986394f888f28cad1a290af8cde26379c,1,0.97801375,1
claimbuster:17222,claimbuster,f547542846778a29dc92b85f245d2cbe1822630c958c0e3400e696f5282deed5,1,0.99170566,1
claimbuster:19049,claimbuster,53e2a30aa028f521f3d1bbb3cada642c98402063e1ecd29df4629e0ea7efb4d4,0,0.019573357,0
claimbuster:4170,claimbuster,0f2e9751e56a464d828611c64811c65ea8e0c40c9ace631a27e918afc6f71fee,0,0.19813733,0
claimbuster:22054,claimbuster,499aa856f95c48eba46406f01c7c6299bc71e5d3749f651ca86050d66c7bacfa,0,0.9959428,1
claimbuster:20459,claimbuster,aa73947774480f378cd8aab34e4be111592922a3240b8af64025003a4c998fd1,0,0.9964484,1
claimbuster:10711,claimbuster,835bf29caf2b2e246186afd588f335c1166ea4709f678032ca5605ab843b4053,0,0.99062634,1
claimbuster:28244,claimbuster,cd422b5ba8ef93b0b3977c35434d6fd40dfb08ef1b5040d3535d62311cea9623,0,0.983386,1
claimbuster:15997,claimbuster,6c0f3eef03210b01a83f51965bdfc4b890ea8bba013bd5e63cce05dc3dc6e47b,0,0.03360954,0
claimbuster:15663,claimbuster,cfa7f892b0e5652b6cb51f2791d386dfae312ea985e4e69ffb9aeebae012c005,0,0.31410813,0
claimbuster:11824,claimbuster,49be451fc86fcec230ac49b08ad5185568682b17032441999afb101be2581672,0,0.014592312,0
claimbuster:19350,claimbuster,c0ec9550d5d3eac5f44649b21129d926b43c8547517a8cd8d18339d05e1f02ab,0,0.123496234,0
claimbuster:20080,claimbuster,fbba9ef8c0c3f3f7b11c78ce8721487bb3cc4448e47b832454db1a67da2d5a50,0,0.04265575,0
claimbuster:17120,claimbuster,08ee6e97266789a27dcb6acd59258918a3d2b41c83e437e9cb02d7c6a0c0a1c3,1,0.9948401,1
claimbuster:23177,claimbuster,c2530dad2328dbca86d286558f86969db8bd05655f5842129fe51fef44ff7a59,1,0.9957491,1
claimbuster:2005,claimbuster,adeb265ca4f2dd4cee2428d06be06df332d6c45ba9e57f283ae4065ded1b82ff,1,0.9892897,1
claimbuster:14321,claimbuster,5a1f61ca789054d70be2f0285173579d11e2884ea1dbe324495161e0d0a0c870,0,0.9685817,1
claimbuster:28799,claimbuster,8b8ec566ddfe05ef675e075ce65eefb367f232a9477c44c0c41b52ff2c080377,0,0.022036714,0
claimbuster:24354,claimbuster,ea7018379374c82a0abbed802a87345c06c5e626345d07fc30505a9285ae2aaa,0,0.06838112,0
claimbuster:14516,claimbuster,46f58b3e62ae042feb4c81eda5f339c7b127c0c9f3045a0f853cc713eae6a2b5,1,0.99694294,1
claimbuster:443,claimbuster,5d2126f761d39bbb87a6e4ed30898372e8bc47cec5a588d2cc8067561ccc0386,0,0.024815654,0
claimbuster:19143,claimbuster,ffb5f1fbec72a22f27258f6522f1e8f53b370e6ade7ceeefb218983df4339745,0,0.5015614,1
claimbuster:23224,claimbuster,2a19ab31e0ae7e1eb0b2aa6c32c9f763207bbafe0629e808078d6523c7ab928a,1,0.9974806,1
claimbuster:29938,claimbuster,c4957ca73c86a3ed494cec0ab58a19aafd4586310730ad6dc037b46c18d3bb32,0,0.9664411,1
claimbuster:21456,claimbuster,ad0e26c1a13b4b1dc90803a7d5d25fb537dc5a82883825a2e1264e51cee2ac6e,0,0.025817232,0
claimbuster:26992,claimbuster,378d4991f679f11de0c571ddbbce32edf226da19ca5f82767056757ea7ab1dfd,0,0.08412725,0
claimbuster:33273,claimbuster,ef58adf9dfe4fabd70eb10ade1d3ecb1e25ad51f7891c888395d05c13b0f13fb,0,0.027964171,0
claimbuster:26782,claimbuster,75e907ab9c8214c62d350b072fd560deadeece2ec8fa7fd4dd4e3868765b45b7,0,0.3440718,0
claimbuster:17643,claimbuster,d63398104da4fe32e262c82162c66085608ed2c7b478d3ca091276c6e276ee81,0,0.02386487,0
claimbuster:27479,claimbuster,7d377179870f41ab85f872fe717ba9d768bd4388dce4c22c64bd1d88682f212d,0,0.04170167,0
claimbuster:7946,claimbuster,401d0c37d7042ee56dbaef2b4717a9e7c5162c9d902ed5ffb2f6aec6954e02e7,0,0.014764349,0
claimbuster:10249,claimbuster,75f22c73c7e976c0cd491e64e579febc9753f014da960d4da4c48cdd6a4bbd0d,0,0.04505093,0
claimbuster:2277,claimbuster,03ba59eca318fbeafb11046554dde5c64f5ac52eb8919c900b0366226497b5c3,0,0.030241467,0
claimbuster:21648,claimbuster,c36a6fb18dc3aad041c4a9a5caaf9db382412575fdc1395b3b83c2cb5e28994f,0,0.6840556,1
claimbuster:243,claimbuster,9f6e30dac141113abaf3c77b87d09a8a67c3645121a5a569a4fb3c2e811c5bba,0,0.0136772245,0
claimbuster:12247,claimbuster,a9a7d78302174ca96214008fc6cc3c8ccc94df8f8b774af22c9e8f3d35815d2c,0,0.023507768,0
claimbuster:15422,claimbuster,e2a74d4fa83d30a681bd2d8a42e9d6dae2f2235e63c00519d1930a878d5925bc,0,0.04090494,0
claimbuster:16811,claimbuster,4ee77ee45dd91f492b2bc66b8a9bd1a6e3df6decb333f76929a87e3325d8b174,1,0.99638087,1
claimbuster:20060,claimbuster,62b2cb6d865293140f772dedce8a010aac4e74d5283c74618be1b3ecb198324d,0,0.01840335,0
claimbuster:33328,claimbuster,f9292a731f1a702b2ce9ec8b1795069c5539b0c4155dd7fe1fc040ab1e4ac038,0,0.3145284,0
claimbuster:24377,claimbuster,b23e05a93d961c99959bfde17bdf72ad4a7e89d3ad00e533487452123bf20901,1,0.9797729,1
claimbuster:22011,claimbuster,e19e84e23bee1cb8d21ea16744ca1243bdca67e3962be2060f0bbe3cb250391f,0,0.017728616,0
claimbuster:46,claimbuster,638684077f9c15d36bbc9c65c05a783fbf9a3e416594d9ad8d8f7289c8fd9881,0,0.6833146,1
claimbuster:13366,claimbuster,ba98ec9ec1fce4de8bb7e5f3079cdb5ea34f23811a80934d476ed6ce83fcb66e,1,0.99430954,1
claimbuster:1168,claimbuster,5a67947de70464e404fff4036d3cb4ad506cb9b211c1010a76338bb292cb4e29,0,0.9743625,1
claimbuster:19351,claimbuster,1a1d686fe3c017d6a86a49519bb4c6fb9b70caa93828d4f02c0c44e0bc4297cf,0,0.74273425,1
claimbuster:477,claimbuster,da06141ac0b9ee7ee652875693501b79b1c68e9180071aef1e2fde9d1e45ad44,0,0.021087538,0
claimbuster:16951,claimbuster,9dad440e8b42e8d23ded011fb81033c04e0ca42f7708b05bb0d319b6148b73cb,0,0.99064505,1
claimbuster:29226,claimbuster,81d558da1ffa58881fcd9e61797d10f3c4582fc10a3c595fc760eb975c9f086c,0,0.03903747,0
claimbuster:12151,claimbuster,04ece170892fc6c72728c8c31b4f0fa791405d26b861122a3fe5cd3c484cd2e6,1,0.9906369,1
claimbuster:23229,claimbuster,79f4e02ae06517c8e71ef0271896c69235dd4e4241e16d77d8c35d2ce99ce88d,0,0.985031,1
claimbuster:10682,claimbuster,8d53bf5a20dc747723dd6bf54b45b2c33bb6a8b59988d78f9ef343c6e7948d21,0,0.014108168,0
claimbuster:30233,claimbuster,bef936321a2fb82f7338be4da3b94a8a2b5809226befc1ffe3bc1403fc93a4ae,1,0.96357083,1
claimbuster:3294,claimbuster,47492975d8f8b65438d626cd4d1a4b91df8b9fc48f21e3926c4d9ac92d7e2c7a,1,0.9944376,1
claimbuster:19831,claimbuster,b4414126124109e204f2016a742a055d8a9695bab1337ebce9e7a314d6e13615,0,0.0712945,0
claimbuster:1912,claimbuster,6fad3353670bda91b891bbec7416b10eb1aa54af0e165285df77f05449c917e0,0,0.03283973,0
claimbuster:14392,claimbuster,e19ac8384d0cd2f0f9fd7c8e59b1deba604427672155355868592c5f92398ac1,0,0.13139208,0
claimbuster:17360,claimbuster,1511c560ef6cae17e5d14f193e7cca2e20b9f0ab1f8d324f7f1190fb304a774c,0,0.75154436,1
claimbuster:12416,claimbuster,5908debdb80dbb30ad0a809d8c6a69bbfbbdd92ed2a35afdc3b4e4abb3fad8b3,0,0.03393688,0
claimbuster:13003,claimbuster,9fdc7600919c4dedd24b774a27965d9b1d10d9e00ae6fcf851469e4261144e21,0,0.0515652,0
claimbuster:28169,claimbuster,00807cc7e3134aa97da20ccc8be53ca9ba54a5f6015ee6590e97000ff50806fc,0,0.9861383,1
claimbuster:15642,claimbuster,a4a502e917cec8b4841bac1d2e609664170da0a50ca5de9017c4f1479d32b840,0,0.016771795,0
claimbuster:17409,claimbuster,0b0936afeba3c4fc413d9c651c47f7f67a4b0944f4a7286c247eed5bc40c35ae,0,0.22021157,0
claimbuster:21922,claimbuster,41a4163ab31c33bf91d27f7c3bc3050ebb9663c9c8f584fd95370e78f5a4ae0e,0,0.105510935,0
claimbuster:12905,claimbuster,10ff5f8ba82743c362bc61fae7f21ddf54c8695152fc3fb609a78e94e1851c70,1,0.9942883,1
claimbuster:19374,claimbuster,f625a1dd65ba9487b6decdf230dde11da65dc87654dfe4ca011cf2207317a20b,0,0.049913675,0
claimbuster:28121,claimbuster,a22c30187bb79516e9b70ecc47f58dc3b2930fecf8a31806c0ff8af4cc3039ff,0,0.2693313,0
claimbuster:17893,claimbuster,6fc1f1f1c4d26e3034b07cd12f426a7ce27bd5bbb9df493aefc1d1874b8276ee,0,0.018195326,0
claimbuster:17550,claimbuster,facad3aee6b4cadfb47cf8da78313459fd596e9042fabe995efcfd63b001a244,1,0.9919077,1
claimbuster:12739,claimbuster,a01b5cf2bccfac439422537149085286a03b1b74c2fb576631b8ab841cf21c79,1,0.99658823,1
claimbuster:13131,claimbuster,0c51fd9a658b4696d77004786841c4d5385642441f1a7d6cd5f53c6b6721ed79,0,0.032925386,0
claimbuster:27464,claimbuster,edc68faa316f8bf36fe8081eaea47e205d4dc1d5b205eb578918154c682c93f0,0,0.042157,0
claimbuster:18193,claimbuster,c814613278c95997e9074eb4ff9649b4cb5d61bb6e5b654eabc1f98f79de0a98,0,0.021441452,0
claimbuster:26057,claimbuster,7b5fe16bc0fafe355fc912b6474d6d221e6d6b10c3473180ce71f9c9f066f9fb,0,0.093417816,0
claimbuster:33341,claimbuster,f5a319c8e50a7e1bc5cd9fa54855be36a53f8a992904ac8ff979d11df8fe718f,0,0.13211589,0
claimbuster:3067,claimbuster,5835d65bbfab42d3e6c290ee9a087e7b981056eecccb6d2ac1e7ac9122be035c,0,0.8277665,1
claimbuster:14318,claimbuster,3da1cf49f512ba17a9b23ed1424644d81f40a54cc32c55e480ec77dfd330f470,1,0.91271365,1
claimbuster:4192,claimbuster,db5fd758a7fba709bf2275a3b6e76f8044d43710509c9d145ed7b4361031e93e,0,0.02901315,0
claimbuster:5807,claimbuster,37fe26ff2d5f9540ff843bc89376e90ad6bacd4a4542cbc6f75c2b2a832e6980,0,0.9111321,1
claimbuster:25368,claimbuster,fea0ff116684820c829da6f18de465af2007ec654e1f6145cbe424aff591ff38,0,0.95488214,1
claimbuster:16743,claimbuster,bd313d5732f4d71e9abeb480a8b4266b32884aa30137ead3acd28ed64be9c25f,0,0.5708249,1
claimbuster:9026,claimbuster,2728fd21b0edf97d01ea03f4c3ddb7132c746f6970d5a07f89875915a3c9c0d1,0,0.01432243,0
claimbuster:3153,claimbuster,2b8dff2d218db8b2600b64543aa261e498331c29da3eaffb862bc636a909054f,1,0.9954886,1
claimbuster:10551,claimbuster,a7812fddd1c5bbb69a3edfc819743da757767b3325cb1d2a02ffd0e48db853de,1,0.99137807,1
claimbuster:2331,claimbuster,c703758ab4faf02332d50e581b0024946a85ffb60e5f6a884f942238177507b4,0,0.037233364,0
claimbuster:15876,claimbuster,31bcc6200fe8efcf738a28b464556058f15e3e07de3d708fc7a25d3c1e65c7ea,0,0.03598402,0
claimbuster:9183,claimbuster,600a7c369177cb5d396db63e96d3c6440c454af07a14b264860d3558941d5424,0,0.98339427,1
claimbuster:14970,claimbuster,e54d151bde62265fe959778fc1b781b16f5cbd45c1de2b7bb73d422a936abba4,1,0.996095,1
claimbuster:28863,claimbuster,bb4a5d7399af5e8e8476d75fe5e37e9aeadf2d04aff09d87ed0f149237312d35,1,0.99540365,1
claimbuster:18629,claimbuster,f119a9df7840d214d3fe01a774679fbfddec52716f7b29e7b4b72521c2eeccaf,0,0.1718862,0
claimbuster:8085,claimbuster,a8339c4feb4a020d85561fd1f9dddb4c2e72b18449e421499662353ec4da89f0,0,0.99543154,1
claimbuster:15641,claimbuster,a1a7de2fe1cd7b6c6753b2a36255205da057640ce54880b2b00e82a3cb656ea9,0,0.018482069,0
claimbuster:1969,claimbuster,b9faf158ff4be37e465753f84dd21b8179d02c677d2980a2b1422e6bcc2d9703,0,0.99335676,1
claimbuster:14383,claimbuster,724019b4765cc0fde91f11a32b3af5281e41b4b50bbefe7336c9499524be0393,1,0.99098116,1
claimbuster:22957,claimbuster,a320bf99708074c070dbcfccc42bc82450e183848ca554777fe6037b8ec08bf4,0,0.052490935,0
claimbuster:15461,claimbuster,71e09d2432f5d2f74e98604dbef3831d7eca99ff31dd52d89d38d3950b0ae3fd,0,0.16905765,0
claimbuster:312,claimbuster,e8c817ff4b3a1130d8c60f4b43ed00c92225288451da8f3a66ab36b20beb00b7,0,0.02745946,0
claimbuster:8328,claimbuster,ab54088c1b5040acbf1c572f65456c921b1a7128a10123dff816cb71f11f60d9,0,0.9464114,1
claimbuster:876,claimbuster,8c45acc5d145fb4b2364437a06e8e79e42334a526ef020c857248ffc20918df4,0,0.11095161,0
claimbuster:14541,claimbuster,518bbae019100edfc3fd936cc34273448c92e35c6fa153ad4c9b774ff9572d8f,0,0.098187424,0
claimbuster:2979,claimbuster,cd9ca0843965591c53139351e9122fd29c6f48e1f7660ea32c85b67d83021429,1,0.9961796,1
claimbuster:18381,claimbuster,d4fde5c35c524009e090c6eaa46e44ea8c7ca38f4e6896750c3aba88bed8530f,0,0.9826822,1
claimbuster:19054,claimbuster,0dd42dd2f423bae1165e82816285fbf9ade39e562007abc39d320ca01a56bcd6,0,0.9819886,1
claimbuster:17449,claimbuster,2b399317a13b724074b48c471e2cb0dc6445aacf3e5d456e835d0be5db13e7a1,0,0.056860458,0
claimbuster:27292,claimbuster,e7a47ad14b20aeefe04d0751fc4c91636501c7affc2860e5fb87208ea34f17b4,0,0.034933724,0
claimbuster:30064,claimbuster,0e168b78e23bf67e82e09b8d23d290c89cca994cacb144a35c8119ff8a28e53f,0,0.85469437,1
claimbuster:20994,claimbuster,b7474e0958e880c704d7c9f300f3f554eb26a53a816dc420ca8f781bb281f527,0,0.9897572,1
claimbuster:15097,claimbuster,1d09210f35eef19a0faf1234ac517810786367406e85948bacddcffe567b9e02,0,0.031069143,0
claimbuster:15539,claimbuster,8f4fb0ace984ada71145b5d812a352d38f5199f7ba2900c3adbfb92f8692843d,1,0.89799637,1
claimbuster:7918,claimbuster,4fe90521daf626175f29cd679c8e6dc953fb3eca7cc88828217002345ac84662,0,0.044387788,0
claimbuster:24998,claimbuster,bc063a46b361fc5125ca4e8e2988e33e64a6daf688e38fab5d6922b593967959,1,0.93264526,1
claimbuster:25184,claimbuster,e33591ede512f4e0074a2d92d85bc7504ba11ea9dbeeeb288bf29278368e7aaf,0,0.09892382,0
claimbuster:12540,claimbuster,73a7075f8a88e2c2eece5f270382b83fbdf5b36ae835399e5e71a2630d1b1aa6,1,0.9854388,1
claimbuster:17800,claimbuster,3ee7bbf3847ec7a68f1f09e9bebc10f5ab2c2a35a72951d0342c7ef8dda55e20,1,0.9917463,1
claimbuster:32589,claimbuster,e8a24af0e10a74984c95d9c4aebc8a196b894b2f795329759ec0cb04a5bd6490,0,0.9774955,1
claimbuster:1256,claimbuster,ab2a20a3c35183513781a4bb660700992311df5f1ad90b892ee8b51c21cd5709,1,0.9959194,1
claimbuster:30399,claimbuster,08c5f777ed5d5abde819c83743b6583e1eb49752eff3aab541e37bc66e5c71cc,0,0.51904184,1
claimbuster:28426,claimbuster,8d4902ec51bdfa89df84b14b1b0cc85945829407092b8a3a7bea089389d14335,1,0.9970702,1
claimbuster:22765,claimbuster,a213fe53a64b94653311e810631f0348bec0aedf76719a7639b1a38d218a7b19,0,0.87137014,1
claimbuster:25531,claimbuster,99a9fa2676dabfd463a31894591b7c643b1cbeb126c0022d6938ac3468d4aedd,0,0.9434236,1
claimbuster:15364,claimbuster,2a84e5c7427b24b9251de845ec41b86901fadd1483789b4bcc081f5be562af57,0,0.04110926,0
claimbuster:21887,claimbuster,274563828feab159fa726162be5f5ecf92bea0701524f3480336a10b0031dc06,0,0.021335639,0
claimbuster:605,claimbuster,bcbe836bc02e4fd6c81c33251e3c20c9905618a703cd83d8e9c15d1e9fd69725,0,0.042122018,0
claimbuster:33646,claimbuster,aa0f42d334b83db45a33ced4cf19c990f383d1b5dcfa80d1a4dba41873ffb3d8,0,0.9277498,1
claimbuster:10580,claimbuster,01dcbbfa8c13d1e1dba1c9970c92b325368d0c5c516216bb4ca60a107acfb8a1,0,0.71699476,1
claimbuster:21918,claimbuster,25b69f63a812ba71d915d07cab3bf51d3d5a741672a95fd8395594c052a7f8fc,0,0.10201566,0
claimbuster:2649,claimbuster,27f1b48667a7bc6f4d7938c2bcbae5910a1d80b97436d23b004487eb1e98cf1e,1,0.9938246,1
claimbuster:4219,claimbuster,be8fe07ebe12ab6bc59e2f6eb97caffd4a29e9da6ad6888d3e528439968a0248,1,0.99248815,1
claimbuster:14544,claimbuster,31ffb729b2b02fe33c9497ed74a63980c0fccb807f1be5e08f0f24a15569d0ac,0,0.02592079,0
claimbuster:14411,claimbuster,ee7e4aab789d30f610247357cd05fde581e6f48b4dc2b103b95b4856c241d654,0,0.5911013,1
claimbuster:26794,claimbuster,1314400d1c4293c303e2cc0a83f1618e5dfd6503fc28bcdbac5f1056aa4e914a,0,0.9018958,1
claimbuster:16639,claimbuster,37ce9eff2626901e31b8d1fa168b72759c66a9ef754e126c2690b17fa56b2518,1,0.99603564,1
claimbuster:8780,claimbuster,1c241e2627b25abb99aad70442b652bb2d9d542cc1aa738613949047a3762298,1,0.9956316,1
claimbuster:8347,claimbuster,a7381b476959a1013a9e6a1c59d76c784bf6c343421ade4cece42852c850a353,0,0.017405251,0
claimbuster:19189,claimbuster,99255383a4b5f006abac3f61dc760d51f7bafa6bb07048d7952eaaae5a813fe9,0,0.038054883,0
claimbuster:7396,claimbuster,c75814053d5b70de300c2c82fd661cbb5c6353e0d4dbac10b28b52c502b104e3,0,0.017625649,0
claimbuster:26125,claimbuster,e3dfaa0860112f4d105cfdbf14ce111f33ea66c1da254933d1c8ecb5a7104e20,1,0.99414295,1
claimbuster:25092,claimbuster,bd96308f559179c16ce355847c7b38a0f1bfa26516c75a543468ff71bff8ee2c,0,0.031410694,0
claimbuster:30174,claimbuster,cd655e2ed3ef21a5d884eb8c8cfbd234f55ec4847492890d623fa492265e9e67,1,0.09895233,0
claimbuster:474,claimbuster,b452f34c9ed38a39d5d6ffb9d4518e88655f9a9cec8350dbe4c8c6d6b5054d35,0,0.09038135,0
claimbuster:1763,claimbuster,2b59f1b28f1b26aee10a4643d1091e14b3998ee8f132ef50ca8dd17833ef549d,0,0.20017189,0
claimbuster:23867,claimbuster,d05795796291b7878802d58acfb122dcb51c030581200b530b2ed2186256b0c5,0,0.41354075,0
claimbuster:10112,claimbuster,2a3d53007a8599b28de7a3eab9f538f67d481a932701fa561b3ffa148d6d5e2f,0,0.101591006,0
claimbuster:34056,claimbuster,c5c7fc758d588a63c06663ad6e8dd9e1eee5cc0e709b0b20a89b0f4c54cc3cc3,1,0.9945785,1
claimbuster:20827,claimbuster,e95577a12cf6c97e633f0cc99a088e8dbe7bde3cb34cf34c578307a225922504,0,0.05813093,0
claimbuster:32030,claimbuster,8bd39f23b16e19175ea313fc2f97a1103b05d91f3932d3fc248a15ad0dd9030a,0,0.04088925,0
claimbuster:13678,claimbuster,3c5e38e94c7c40fae11487d3e28f31b0ab1210708536993ebb6e4b1aa4bc7612,1,0.9835073,1
claimbuster:21637,claimbuster,5d0289e8a43a7c7615c52c0cc8da0b123386b2d041991b1593e1a7439a3992b7,0,0.150103,0
claimbuster:26774,claimbuster,6f9efe0035aab60aa1f5a8dab23fda9f3fdac13b0d5a5f9a342420ffe3a0d969,0,0.044128284,0
claimbuster:13837,claimbuster,490bc6d30880b7d9cc4184f6b6a9f51f979c4dbdcd867ff0500dec7fba0cc26e,0,0.15636443,0
claimbuster:13196,claimbuster,5e0e38fabe5c73d82f9379f56ffa662a8d4cf103974d72cd28deaef41893a3f1,0,0.019238248,0
claimbuster:10382,claimbuster,c1b2f758faa26c21837890269ab37840831af75a9fc50038126370794eb30a43,0,0.87679666,1
claimbuster:27455,claimbuster,196f9d8a2e038faf01209dff51362b1b5ae3e74566f81bbc1d9e95c073896c28,0,0.016932875,0
claimbuster:14867,claimbuster,82700c29757382ce0ea535a13767ee7e1fc4caba31a27592636af23079204739,1,0.9647098,1
claimbuster:24207,claimbuster,5b0170145e094c888de151b731b88dafef61c4f53b227a86722762a15a66a7ef,0,0.88206494,1
claimbuster:25070,claimbuster,2a8770a5ae34bee864d5d240659b538e48d9d9c13b9c7c699e5691fab2a46047,0,0.018382171,0
claimbuster:16563,claimbuster,d4460180102dd8c290276b9d8823f562010734d4f4b319e9b6d220c7c2baf644,1,0.9960062,1
claimbuster:19634,claimbuster,d9c9d312d7e78416f7396fc180adb8506d899934eaef444086efda1bf8ce8229,1,0.9944471,1
claimbuster:18723,claimbuster,f8e736c074c4f6faf2041f3aee175f88fbcca59e7d281d40539ff717787592c2,1,0.97549224,1
claimbuster:12893,claimbuster,a9a3125ca2e63f94f33a5b9ae3f50a22f29e415cb74d5a07e3df495c3bc3d0c1,0,0.12604728,0
claimbuster:13278,claimbuster,8bd4630d87543caece081ed4effe3e83a4f741ab44ed93b641d23b5114284231,1,0.94676036,1
claimbuster:33878,claimbuster,71245494f9b8c7f99ee092ad66e0bc2e10b69cb3e9a961a8883f2900c60b6ace,0,0.031938873,0
claimbuster:5617,claimbuster,22f1330fe77dc92220c7c4c75bcef49106c4ad00c92f8d17730ef2428560904d,1,0.99711144,1
claimbuster:17470,claimbuster,658920c896bbcf3d110f7badb7a9a81b74a61eed07bde9b3e65e1a8f31c9cfe6,0,0.10636702,0
claimbuster:17448,claimbuster,2e21ede5fc70199e89403183544489a2a349041dd677246aeb3f7ef4aafdf3c5,0,0.108338945,0
claimbuster:15793,claimbuster,060a7b186939416c113dfa4f1cc0da1ae4a6b91bad3c248bdbeef8f6cec13bb4,0,0.11148224,0
claimbuster:24183,claimbuster,16af1f0843965fa46a9b7118d2738f2d4110003b9c81dd781b12eeca5c6aff30,0,0.26474965,0
claimbuster:9283,claimbuster,4b391cfe6965f23f7c36ba31c251eed92be110fc964e699f2ece3166d34c07b1,0,0.46682802,0
claimbuster:22494,claimbuster,c6b1b68f61a6eda6236c0af22e2f853af056e0eb1bf4729e63daa24fb0f9fcfb,1,0.99515307,1
claimbuster:13798,claimbuster,b037a939dea4a1dbfb3d4f3e36afbd65946bb44d188a6cf450c938a99c0444fc,1,0.9843344,1
claimbuster:6306,claimbuster,85239ca27c88b55b52eede3aea627c6d8b814cd783f384c55cbd1e4b5623829f,1,0.997308,1
claimbuster:800,claimbuster,88cc3183212d6cd25cc2215829d7750aaf7ebe95532bfc350ec40345f7dea5da,0,0.8738853,1
claimbuster:29993,claimbuster,e2a841892efaeb707056f3f4aa5e5c06e76d61019828771777330ee6c831f58c,0,0.017704379,0
claimbuster:18446,claimbuster,303cb50acb47f3ebc2db5e181bf20287508221beac04287196f39e8c7e9e11ea,1,0.9928387,1
claimbuster:21845,claimbuster,75eb82f8f1da56283e2006b030e100ec1e2c45531fe6eb10b3c9c8ce9911ddda,0,0.85617226,1
claimbuster:26806,claimbuster,8b77d34a648b0dbd719b4ef67beec9371b0b19739be596d246637fd1c9d72aaf,0,0.02273812,0
claimbuster:27216,claimbuster,3ec683b1de8de90f9b84b26bb646b3c94137d12f1971550fc3ebe26e3db81cbd,0,0.012242671,0
claimbuster:27196,claimbuster,c4d57bac5f6a762a8bd64c1465eb2a09c94e1c2ef16e98321225df16a787f288,1,0.863066,1
claimbuster:2720,claimbuster,1603bda6daf63cc97676643958953380897589449884fb1e18f5cb14d79914d2,0,0.012226674,0
claimbuster:33600,claimbuster,7ea95435e57a9dc9c7de0c9761f3013588679b570e605678409cc6069b5b1096,0,0.76489145,1
claimbuster:497,claimbuster,fde970abd7d05de5a1553370fb3bfa52ce0c0ec4686227e7522d199e6af74b90,0,0.020857733,0
claimbuster:1716,claimbuster,be4040be82117d8867ec77c646a7a005aca73b802bcfa8d92fc71f14efbf11f2,0,0.96338737,1
claimbuster:25619,claimbuster,097c6e991e80dcf873744bfb0e61d9bc6549da24ca2233032547a4e043fa0ac6,0,0.2282699,0
claimbuster:12235,claimbuster,1956dd00616dcea2b53f19e346caf4785337215b20b0dfbae02b303195662e8a,0,0.18074173,0
claimbuster:17518,claimbuster,dd3e0750f700a54d1c0ba4e03f8bed68fa6479cedbce85d8df10266879313285,0,0.017334752,0
claimbuster:2111,claimbuster,262a63b9b79ca7fe2356b32b60372cd97ba2597e44b79e6c6a8f3dd0fb4973c2,0,0.97899264,1
claimbuster:8869,claimbuster,45a01d823ef9102d483843ee1ea6f8a5e9003494260da3b89725fd0cb53d4588,1,0.99161536,1
claimbuster:154,claimbuster,a19a0d75cc94d4a765c00cbb02da7c7611f95f467c18af1a08da941ea2bfe0ec,1,0.9964096,1
claimbuster:24008,claimbuster,e96ab55074d18dc6d489b83cd4d965ec97e9828ca6e25196403b5dd9fe68b93c,0,0.011644167,0
claimbuster:18687,claimbuster,07a8897a690ae9eb9c258829f2b8593dd459c1b94af47ffb96a7ba3d62a0353b,1,0.8452916,1
claimbuster:19775,claimbuster,d7eb196362fc153f17acfdc9fb703bf0f53b77606601c7a909c43b5f50824b70,0,0.4678909,0
claimbuster:3090,claimbuster,1139ac119bf21fadac9accaceb3d93577d7f3e2abbec08b210794db379e0b73c,0,0.022082347,0
claimbuster:19706,claimbuster,e15eff07eb24170e7bdcd86828e51e6fcacb03b90470828a1840bcc69a5c661d,1,0.9955154,1
claimbuster:19139,claimbuster,d824ace84c6924cba33b9249befe3c03c75340da8869276bf4f56ef214633abd,1,0.99734974,1
claimbuster:8962,claimbuster,8281afdcca2e901967f5085c10c06ebac534bf762411e2ae8e9d41e0d0a3d5d8,1,0.99729747,1
claimbuster:8412,claimbuster,fb281c6c7cd70bd084890f5e95a75f19ec7eef36c0542a438671c54583553443,0,0.121071346,0
claimbuster:15222,claimbuster,375dc7e22f906ec94df252638e2663d57111ce75e75a8224ceb02c2ec4511ed1,1,0.99736494,1
claimbuster:6734,claimbuster,9eff97f1949b3be3c41dd0b911344edeb485590a2f36ac865188f3a370e1acaf,0,0.02250423,0
claimbuster:24438,claimbuster,72de585827fbf3931dbaa8a75fb16c3e34931025b8ef2ddb398a57c2e5c03589,0,0.030406699,0
claimbuster:19383,claimbuster,3fab5de3e0950dfccef5713c262c8bea005eab78b7c75fea07e2c31337b69d75,1,0.9971481,1
claimbuster:17264,claimbuster,5d1e5c6dcfe3b144e9a2c4f858132d37bc613c8c7c83d8a448dbe5798aa3639d,0,0.04196408,0
claimbuster:22881,claimbuster,3adec45e74f5d2a73473d1d59d83604ebaf26099dc59988229a9919961f803e4,0,0.025666595,0
claimbuster:2131,claimbuster,2a7d5d6e835fd933139cc2cc0dfdb2f71099ce4ee90bc7b281c28f343415f63f,0,0.044422742,0
claimbuster:15369,claimbuster,93f306b9b847f93995018b8f73629be74eea9fb5214c36f1d5c0d4b4f3071bf4,1,0.99465805,1
claimbuster:8237,claimbuster,19c37f0206a752cdaff066d45c04a1fc53d2e5201a5e2ed3c3060a6c2ffddcba,0,0.13168652,0
claimbuster:604,claimbuster,9a02e7d856b86cce1b0188897e4970535b0638f4701e3311bb34837bff65a1d4,0,0.02364111,0
claimbuster:29555,claimbuster,bf16a6a0ac121b81f108e11a1d0dc74b1e6a27a4844f897bec8a38dbc0565f1d,0,0.044125076,0
claimbuster:24403,claimbuster,c7ea4da7c06d73f9204468eddd3d26a37bc0cf14a5a7ff0c9a73b879e7e7c0fb,0,0.39623776,0
claimbuster:16608,claimbuster,b0c3315e1a5c678a7c31d202c97f4f3e65dd7e872cbb793bcc81921e93a118f7,1,0.9964232,1
claimbuster:2132,claimbuster,ffe908ec8ff72a48ee0a84f829fe9671e3f09f23090554cd454d60b7db175c69,0,0.20224254,0
claimbuster:24543,claimbuster,a0b6e33a1254fc2ab5f125d0045c58eb19ea444292fd98f9389ed17d83b3f8b5,1,0.9966563,1
claimbuster:21641,claimbuster,3dffefe65c85bd07b24be029bfb2229b5ef2b8862261b78e93c61569766ed4f6,0,0.059683733,0
claimbuster:19170,claimbuster,81a2a400d64193c834ec5c8d06f00a87131d575f5eee97d570a981cd4370e865,0,0.013351612,0
claimbuster:23905,claimbuster,381916fd3445409eea3e75a3803aaae6e11d46754c5c6fe33320ad8b90096564,0,0.022897163,0
claimbuster:12554,claimbuster,60a3b8b9dfc6879b6662ddc3ec4b95b7c796d1802348108fd59fbc4d05b31796,0,0.019720078,0
claimbuster:24104,claimbuster,70fb9155e1b7499826e49bca825a1016012880e3fb59bc29202341160082b2cc,0,0.019846842,0
claimbuster:14840,claimbuster,26e5e5064b02806d910c50187a5732a25156ff1ad3e5174533aa2d0f5249efdf,0,0.9884034,1
claimbuster:23609,claimbuster,72c2295ab4407582a9fc7aa28cce3a8aabd3e3c75b666a17824040c02985e935,0,0.02127386,0
claimbuster:17112,claimbuster,13c6194dd0c8c91245787addba0dc1e28c5e2d9c820cd36f582d9fb98473fdc6,1,0.9955258,1
claimbuster:25504,claimbuster,fafca4de111fb08876f6e37cd89f6220d543c206ccd204ba459a8e43a57a8bc7,1,0.16040665,0
claimbuster:24289,claimbuster,7ce8473adea4234534f5a579ea5e608331b9364e87f4d519b0cfa2d0dcc7b689,0,0.024686107,0
claimbuster:27100,claimbuster,2f5a320c7bcf32e3c1de13ca3b7863c09a9d24a365b2716b8fd7d177c1b0c2c0,0,0.68851805,1
claimbuster:15391,claimbuster,108851548ef04ba048dbfc10a3af4ea81b429578ef5014990b54f4d1e58236d2,0,0.9890137,1
claimbuster:13535,claimbuster,d67303be63c23472e2666d067e2470f3bc475a928659109aca913bd124cd960b,0,0.025366656,0
claimbuster:17715,claimbuster,331ea12f8e150554274ffffb2522c336c5b6a3824df65edc324eac5be2899aa5,0,0.056297444,0
claimbuster:19117,claimbuster,5f0175b4ed986a5f7485015bd3f5d596f855d518bf17b8c83ee0435386ce61ca,0,0.9598782,1
claimbuster:15492,claimbuster,2ba22e3e23f574e7822efcb6f847cbebd6fb4e64eff0b32b18f22d7220ef4a45,0,0.5389917,1
claimbuster:23029,claimbuster,0fa1906263674c12c833bee5b213cc123a45b017140ee12cb6f82acebcfad3d6,0,0.037521552,0
claimbuster:17282,claimbuster,a1043ad8f7f48b3032bfc94679db3540fdf4ed77c9144756385933f5db141b4a,0,0.06188208,0
claimbuster:34130,claimbuster,8b52a24fd81ce11be3443e6a7ec30db73b44f359e8e5210e6d8bcef5d9731a64,0,0.031000342,0
claimbuster:7504,claimbuster,8d0800151d4859a07457b7c1156e4ca23ab86a5e0bd071a031677a8aa501c24c,0,0.47003052,0
claimbuster:3281,claimbuster,d2587c922874e68f2994eae48ba558fb72a21586abb44c39a5cb5d6c29445fcb,1,0.99382895,1
claimbuster:29041,claimbuster,0a604a6c97facff09eed782ce08803ba1c700447141d80547101ec1bc1f3864f,1,0.32121047,0
claimbuster:27567,claimbuster,6a437fd0cd84fa05b59e0d6a6388d6f734f0681d6e1cbf4667832827152da23f,0,0.98735714,1
claimbuster:23364,claimbuster,4446c2dbbaa320086d917db432ca41c783a834abacb1b463c12096bf41ca8194,0,0.02869768,0
claimbuster:26345,claimbuster,4732e19c3382ccd4740ebbb90c2f2e715e857b73023217fb73a4b602b6bf0ea0,0,0.0237022,0
claimbuster:8271,claimbuster,52bfd3a94b18c0c6c1e3285ab02f710fcaec90c7850a358e920a17f82bfe522a,0,0.04253851,0
claimbuster:25576,claimbuster,e55286286a0613cf9e125e93cab4ecda6e2dfada9c0d585243d4da7ce95446cc,0,0.26698682,0
claimbuster:18132,claimbuster,b7f566daef86b91ec952ec16cf6463af38562e29b8733330acfbd0e60353de74,0,0.025608512,0
claimbuster:14134,claimbuster,71fdb0d727dc85bb35735bda7c0073b7aa784478c3af96dce69c36f962a02ab9,0,0.022947567,0
claimbuster:27696,claimbuster,3aff0a651a8a433254274048813a5e21d2f78af4b654c0a3c77b41dfa9f35c0d,0,0.032920122,0
claimbuster:19850,claimbuster,199b335f243e9714ac18a66c8f1e8bed2e6339a96f13b6e002a94c36bf8ba760,0,0.017665453,0
claimbuster:6293,claimbuster,3ab9bafa9f7f3eba1ec5f61c440901e3a3cb1b4c0774ebb3883315d4c3d89b12,0,0.25580186,0
claimbuster:22179,claimbuster,a8f9ce8d322e649db2a5b98d0fb74f6b48815f472eb571d01cd50b4021ebcdb6,1,0.99627554,1
claimbuster:17699,claimbuster,2bb2f40c54520d67405e99187f67c9b03bc58bfbf14359adaadaebbaa952f7e4,0,0.019972758,0
claimbuster:18301,claimbuster,11ce11277c41de32a280493512494d28c3a5af71cdab450257072e114ee4c05e,0,0.93156606,1
claimbuster:15502,claimbuster,4f24ceaf58542c45924ae25761abe1e576706b1d40c9bab1b3930612db506017,0,0.990781,1
claimbuster:22221,claimbuster,05fcf2c0dbc883a6421e996f6f940492e3ba53a82c39568f8ea2fb218a63ff2d,0,0.4775626,0
claimbuster:15633,claimbuster,28b05412e3fe8de3c0f6ec60d9c4ad33ca911c22c6b0d78da38f63e467aaaf62,0,0.024954777,0
claimbuster:1078,claimbuster,0d678e05dfce38cf843dc366076b0e82399623f32d446aaf1f1839d67bf77d5f,0,0.9866443,1
claimbuster:15558,claimbuster,257a19e9178081c465d468275b472954d393488dc326da1fe7fc45ec844f32fc,0,0.4944748,0
claimbuster:3361,claimbuster,3d1bdd7c099ece0ffc649865e6b00420946180d996e8afa76ed4a6f3edc4228c,0,0.034674853,0
claimbuster:15438,claimbuster,647022717d4ed267f79c0a7b0cb97687ceb8af19e335eedf2fcf6797d8ded1b1,0,0.7516974,1
claimbuster:8362,claimbuster,3ed5f8f6a8897712708155759bc3109c9d674c818cbbe2a8a4a32ca0bbd59922,0,0.01889157,0
claimbuster:7159,claimbuster,0c6997d6078aaaeeab3325c4e68e9c4d522d922b0622295fe6086b0916157c51,1,0.90097123,1
claimbuster:8509,claimbuster,c2f58f3998bcdcaaa1f6aa676c80c63daab6ccf588a8d36d0427cfab275c0ae3,0,0.4218802,0
claimbuster:119,claimbuster,85afde265f85efe30c7ca698aadca213eb86d74e7b313b73f2eb5c40e03fd36c,1,0.9957676,1
claimbuster:6048,claimbuster,36383b6b395bcc0e6c0270906923332c0134a76e923016610c61615981868849,1,0.0155691635,0
claimbuster:24099,claimbuster,6f79fe34f53ce21075fede2ce84673458dbe3c66a50dd86078b2dc1ab66ea987,1,0.9968742,1
claimbuster:6638,claimbuster,7a88d8d970da6e730054ead87bc6942efc46ae1ecfcc86ecb76b336c5b931de0,1,0.9226217,1
claimbuster:22425,claimbuster,f2562815f73e7d1339da51da35f54f63b3c867e2bcee4ede6d9cb16588e50c1a,0,0.101437554,0
claimbuster:29851,claimbuster,8dfef46fd34eceac40976e8b930cadf409ef8fea72b96824d903c02d5fbbe608,0,0.4478832,0
claimbuster:24927,claimbuster,cab4230aff8df0fbd7fb6adeaf4c8f0e1c5eb9604e2fc59b4187607d4816fbe6,0,0.033712644,0
claimbuster:8855,claimbuster,e3b2bd2c57994259031d9ff80a712493aa1edd7de253353b2e59384a3c09c196,0,0.08765405,0
claimbuster:1674,claimbuster,00b175050a789d60015bb2499617e2987155917ff2a5d05de75c520c21b07209,0,0.040820636,0
claimbuster:16602,claimbuster,741fadfa66b435e39de51e9d24df1ee6326a5a2921be4e92127a353765ddfb7f,1,0.9965838,1
claimbuster:15574,claimbuster,427122491511d9775e99fd58da6a9aece9f31f4f9db57467894670d0a39bcc0d,1,0.9943234,1
claimbuster:7973,claimbuster,96490310401c6ca6ac8c27c3faccb8623ac767c8550f3c05a1960c175bfded71,1,0.99068123,1
claimbuster:3185,claimbuster,a59ccbdf6b4279de7804d4e6dd30e519144324a69f8d375520d6c40797eb380d,0,0.9751456,1
claimbuster:19793,claimbuster,c6dbae89d29fb1179dad165956672039de0f8a9cc943e18434d8f4a15952112b,0,0.08112168,0
claimbuster:16770,claimbuster,02d236a8956a4445b0c4576398d4b189033aff880200d411463f7dc791901805,1,0.9966563,1
claimbuster:29600,claimbuster,f95c0eb24455d93b2d1e36bdb03b2e0d41737951c61e6f4d6525f05c07168e22,1,0.9961563,1
claimbuster:16891,claimbuster,effa763688f65f251de95782918e2b5973876003d35fd1b3ed88e0ae105efba5,0,0.041972343,0
